,batch_size,learning_rate,latent_dim,model_type,embedder_params,predictor_params,kmeans_perf,knn_perf,predictor_perf,Sex,Length,Diameter,Height,Whole_weight,Shucked_weight,Viscera_weight,Shell_weight
0,1024,0.0001,32,CLIP,7937.0,16193,0.8620705,4.711938,8.052613,0.5176111245076763,0.0076788258738815,0.0221287067979574,0.0524374358355999,0.0151239559054374,0.0852426439523696,0.0403253734111785,0.1248273104429245
1,1024,0.0001,32,CONTROL,,16193,,,8.372303,,,,,,,,
2,1024,0.0001,32,GMC,387360.0,146657,0.4856946,7.0421653,6.9442105,0.4968410899445382,0.0012037679553031,0.0007177033112384,0.0004477870243135,0.0281995385885238,0.0087090888991951,0.001378885586746,0.0031317735556513
3,1024,0.0001,32,ICEH,154913.0,163169,0.53711385,5.896664,6.7285876,0.3333333333333333,0.0006029903888702,0.0004083731328137,0.0151565177366137,0.0081356642767786,0.0055334297940135,0.0009003205923363,0.0024013963993638
4,1024,0.0001,32,MCN,11200.0,16193,0.8275458,4.8877516,7.7574635,0.5163893577686681,0.085239291191101,0.0464654304087162,0.093839406967163,1.8924708366394043,0.7539281249046326,0.0696824043989181,0.2559265196323395
5,1024,0.0001,32,SCARF,17216.0,16193,0.51582325,5.3125596,8.162369,,,,,,,,
6,1024,0.0001,32,SUBTAB,12096.0,16193,0.87169784,4.589447,8.6334,,,,,,,,
7,1024,0.0001,64,CLIP,30209.0,63105,0.8083416,4.6325064,7.100322,0.4727031589100554,0.001051495084539,0.0111385164782404,0.070235826075077,0.0230430345982313,0.0067268097773194,0.0012353403726592,0.0035232999362051
8,1024,0.0001,64,CONTROL,,63105,,,7.389097,,,,,,,,
9,1024,0.0001,64,GMC,391488.0,175425,0.48305282,6.3897605,6.7517514,0.4944457841009564,0.0011794854653999,0.0007532296003773,0.0004567583673633,0.0307359620928764,0.0076152649708092,0.0012699114158749,0.0033097579143941
10,1024,0.0001,64,ICEH,159041.0,191937,0.5165096,5.6495953,6.7112904,0.5048147255043807,0.000602392363362,0.0004007774696219,0.0440621338784694,0.0068262969143688,0.0050919814966619,0.0009273128234781,0.0045716492459177
11,1024,0.0001,64,MCN,36736.0,63105,0.6563513,4.9019628,7.115397,0.4815448918897195,0.056652508676052,0.0388732068240642,0.069692812860012,0.819795548915863,0.3525304496288299,0.043245855718851,0.1568183004856109
12,1024,0.0001,64,SCARF,67200.0,63105,0.53165734,5.838716,7.1386514,,,,,,,,
13,1024,0.0001,64,SUBTAB,46720.0,63105,0.8606938,4.4988995,7.220791,,,,,,,,
14,1024,0.0001,128,CLIP,117761.0,249089,0.804427,4.610927,7.365966,0.498762157382847,0.0004873803409282,0.0003536482690833,0.0645042434334755,0.0128369554877281,0.0070849140174686,0.0008648912189528,0.0033400782849639
15,1024,0.0001,128,CONTROL,,249089,,,6.999581,,,,,,,,
16,1024,0.0001,128,GMC,399744.0,282113,0.48849815,5.95043,6.547327,0.4939152801221766,0.001289413892664,0.0007773324032314,0.0004577751096803,0.0301273204386234,0.0080515276640653,0.0013876836746931,0.0033189340028911
17,1024,0.0001,128,ICEH,167297.0,298625,0.5096354,6.146323,6.5645795,0.5025641025641026,0.0006164473597891,0.0004930023569613,0.024504305794835,0.0084643401205539,0.0049539115279912,0.0008594969986006,0.0042660250328481
18,1024,0.0001,128,MCN,130816.0,249089,0.6414505,4.9504066,6.5629444,0.4736757495378185,0.0443217642605304,0.0337007790803909,0.0557662025094032,0.0988526716828346,0.0838034972548484,0.0330022275447845,0.0614571720361709
19,1024,0.0001,128,SCARF,265472.0,249089,0.5389117,5.460078,7.83424,,,,,,,,
20,1024,0.0001,128,SUBTAB,183552.0,249089,0.8275925,4.472952,6.781416,,,,,,,,
21,1024,0.0002,32,CLIP,7937.0,16193,0.80271477,4.9492,6.975347,0.5240495137046861,0.003679365850985,0.0007780502201057,0.0555812753736972,0.0265181511640548,0.0060383141972124,0.0014462864492088,0.0165951009839773
22,1024,0.0002,32,CONTROL,,16193,,,7.3633723,,,,,,,,
23,1024,0.0002,32,GMC,387360.0,146657,0.48997694,6.8773923,6.3466587,0.4915842777911743,0.0011684809578582,0.0006294855265878,0.0004360645252745,0.0292206313461065,0.0085538383573293,0.0011642327299341,0.0031678054947406
24,1024,0.0002,32,ICEH,154913.0,163169,0.56123424,6.1857395,6.4546604,0.4657342657342657,0.0005565191386267,0.0003796649980358,0.0095267929136753,0.0098629221320152,0.0058502661995589,0.0007987625431269,0.0041633686050772
25,1024,0.0002,32,MCN,11200.0,16193,0.8242383,4.7208853,7.5173564,0.4989952576159472,0.057040486484766,0.0452973656356334,0.0828795358538627,2.025097608566284,0.7262595295906067,0.063027836382389,0.2559265196323395
26,1024,0.0002,32,SCARF,17216.0,16193,0.5185149,6.8636365,7.284788,,,,,,,,
27,1024,0.0002,32,SUBTAB,12096.0,16193,0.79346114,4.4826555,7.153682,,,,,,,,
28,1024,0.0002,64,CLIP,30209.0,63105,0.7556335,4.6429186,6.5777245,0.4961015995498753,0.0006291267345659,0.0004636961093638,0.0205346271395683,0.0135402623564004,0.0055358787067234,0.0007866705418564,0.003406640375033
29,1024,0.0002,64,CONTROL,,63105,,,7.9720817,,,,,,,,
30,1024,0.0002,64,GMC,391488.0,175425,0.4897454,6.625598,6.236547,0.4921147817699542,0.0012095692800357,0.0005550239002332,0.0004476076283026,0.0303650125861167,0.008731136098504,0.0011767176911234,0.003298781113699
31,1024,0.0002,64,ICEH,159041.0,191937,0.52210826,6.08114,5.90771,0.4946386946386946,0.0005653109983541,0.0004181817930657,0.0053543057292699,0.0062458445318043,0.0052567827515304,0.0008421548991464,0.0033508578781038
32,1024,0.0002,64,MCN,36736.0,63105,0.5788261,4.834143,6.491985,0.4805079977493771,0.0468629114329814,0.0355300828814506,0.0635021477937698,0.4382191300392151,0.2893801927566528,0.0431226976215839,0.1138071939349174
33,1024,0.0002,64,SCARF,67200.0,63105,0.5196117,5.614689,6.96545,,,,,,,,
34,1024,0.0002,64,SUBTAB,46720.0,63105,0.80606943,4.7476315,6.6459355,,,,,,,,
35,1024,0.0002,128,CLIP,117761.0,249089,0.7759918,4.8297844,5.475483,0.5151193633952255,0.0004680023703258,0.0003581339260563,0.0026088512968271,0.0105724651366472,0.0051628053188323,0.0008282667258754,0.0035399883054196
36,1024,0.0002,128,CONTROL,,249089,,,6.03657,,,,,,,,
37,1024,0.0002,128,GMC,399744.0,282113,0.50119144,6.7580385,4.67608,0.4944457841009564,0.001099222456105,0.0006840310525149,0.0004352870455477,0.0287019163370132,0.0084443558007478,0.0011659121373668,0.0032443874515593
38,1024,0.0002,128,ICEH,167297.0,298625,0.6177192,5.862739,7.0199823,0.5069447793585725,0.000535346858669,0.0003983851056545,0.0143655501306056,0.0056011378765106,0.006090261042118,0.0008103050640784,0.0048706987872719
39,1024,0.0002,128,MCN,130816.0,249089,0.51699156,5.5829344,5.270384,0.4904187766256732,0.0102626765146851,0.0090113040059804,0.0437720045447349,0.0413507334887981,0.0179784446954727,0.0040891706012189,0.0080764647573232
40,1024,0.0002,128,SCARF,265472.0,249089,0.52341086,5.9823747,5.636352,,,,,,,,
41,1024,0.0002,128,SUBTAB,183552.0,249089,0.831794,4.67921,5.695224,,,,,,,,
42,1024,0.0003,32,CLIP,7937.0,16193,0.8086132,4.5714593,6.7688913,0.4957881199260509,0.0008082535350695,0.0005696171429008,0.0009094496490433,0.0235529337078332,0.0080660665407776,0.0012628773692995,0.0027898526750504
43,1024,0.0003,32,CONTROL,,16193,,,6.9520245,,,,,,,,
44,1024,0.0003,32,GMC,387360.0,146657,0.49322087,6.955779,5.9133244,0.4946788843340567,0.0010525718098506,0.0004802630573976,0.0022992820013314,0.021898990496993,0.0078966142609715,0.0011036142241209,0.0029812091961503
45,1024,0.0003,32,ICEH,154913.0,163169,0.5546937,6.0199037,5.975906,0.4715617715617715,0.0005481459666043,0.000395095674321,0.0474266707897186,0.0072189141064882,0.0055028242059051,0.0007387243094854,0.0042595346458256
46,1024,0.0003,32,MCN,11200.0,16193,0.51289064,5.336685,7.17407,0.4886102403343782,0.0584884546697139,0.03927493840456,0.0592906028032302,0.9232569336891174,0.3137477040290832,0.0392337590456008,0.1289767324924469
47,1024,0.0003,32,SCARF,17216.0,16193,0.52612007,6.6889954,7.410739,,,,,,,,
48,1024,0.0003,32,SUBTAB,12096.0,16193,0.8184845,4.71204,7.0330267,,,,,,,,
49,1024,0.0003,64,CLIP,30209.0,63105,0.7784786,4.713014,7.3772006,0.511566594325215,0.0004885766538791,0.0005172248929738,0.0137926423922181,0.0103495633229613,0.0056655253283679,0.0008647086797282,0.0043422458693385
50,1024,0.0003,64,CONTROL,,63105,,,8.490217,,,,,,,,
51,1024,0.0003,64,GMC,391488.0,175425,0.48367062,7.049043,4.4122367,0.4918495297805643,0.0011240430176258,0.000544078880921,0.002325537847355,0.023903053253889,0.0082854060456156,0.0011055818758904,0.003213295713067
52,1024,0.0003,64,ICEH,159041.0,191937,0.6163052,5.7231526,4.4607105,0.4892773892773892,0.000530801480636,0.0003970693505834,0.0152538269758224,0.0055857463739812,0.0054143625311553,0.0007256662938743,0.0039339759387075
53,1024,0.0003,64,MCN,36736.0,63105,0.51547563,5.187482,5.869538,0.4855477855477855,0.0244893487542867,0.0293020363897085,0.0498172231018543,0.1909318715333938,0.0244925059378147,0.0242622159421443,0.0210461094975471
54,1024,0.0003,64,SCARF,67200.0,63105,0.618201,5.460482,8.182278,,,,,,,,
55,1024,0.0003,64,SUBTAB,46720.0,63105,0.8546468,4.534115,8.244763,,,,,,,,
56,1024,0.0003,128,CLIP,117761.0,249089,0.7767528,4.753264,4.8480353,0.4710312675829917,0.0005294855800457,0.0003099880123045,0.0006344496505334,0.0082337455824017,0.0051432740874588,0.0008174300892278,0.0037432375829666
57,1024,0.0003,128,CONTROL,,249089,,,5.006242,,,,,,,,
58,1024,0.0003,128,GMC,399744.0,282113,0.4935754,6.6023917,6.9304724,0.4903464351740214,0.001067703240551,0.0006221290677785,0.0008534090593457,0.0276209469884634,0.0084735322743654,0.001229453831911,0.0033376230858266
59,1024,0.0003,128,ICEH,167297.0,298625,0.5894239,5.933588,4.2563715,0.4931275620930793,0.0005512559437192,0.0003763755375985,0.0245580710470676,0.0056158788502216,0.0049048997461795,0.0008576142136007,0.0033070270437747
60,1024,0.0003,128,MCN,130816.0,249089,0.50607973,5.3798213,4.443515,0.4847922192749779,0.0055669848807156,0.0055407895706593,0.0259215291589498,0.0217079035937786,0.0096761118620634,0.0029973210766911,0.0055222027003765
61,1024,0.0003,128,SCARF,265472.0,249089,0.50336444,5.940369,4.850635,,,,,,,,
62,1024,0.0003,128,SUBTAB,183552.0,249089,0.81331074,4.3216267,4.8497005,,,,,,,,
63,1024,0.0005,32,CLIP,7937.0,16193,0.74533415,4.89693,7.980365,0.5170002411381721,0.0006052033277228,0.0004086721746716,0.0735632106661796,0.0174210090190172,0.0056534246541559,0.0011528079630807,0.0050721289590001
64,1024,0.0005,32,CONTROL,,16193,,,6.5843215,,,,,,,,
65,1024,0.0005,32,GMC,387360.0,146657,0.48039392,6.681914,4.31009,0.4928783859818342,0.0008702154154889,0.0005503587890416,0.0020846289116889,0.0180594585835933,0.0072711268439888,0.001005102880299,0.0030030643101781
66,1024,0.0005,32,ICEH,154913.0,163169,0.5110974,6.0489764,7.886465,0.4840205771240253,0.0005318181938491,0.0003733850899152,0.0193430017679929,0.0053354450501501,0.0045126723125576,0.0007088881684467,0.002209348604083
67,1024,0.0005,32,MCN,11200.0,16193,0.4883966,5.2883997,6.270585,0.47351499075637,0.0543629713356494,0.0320066399872303,0.0446983762085437,0.2508017718791961,0.1107010394334793,0.0235997941344976,0.121701531112194
68,1024,0.0005,32,SCARF,17216.0,16193,0.52575076,6.023156,6.4641314,,,,,,,,
69,1024,0.0005,32,SUBTAB,12096.0,16193,0.72837055,4.488158,7.9267716,,,,,,,,
70,1024,0.0005,64,CLIP,30209.0,63105,0.7750209,4.5495663,4.8146524,0.471666264769713,0.000520693778526,0.0004204545111861,0.0031314590014517,0.0101487319916486,0.0055046887136995,0.0008050221949815,0.0044935895130038
71,1024,0.0005,64,CONTROL,,63105,,,5.2529745,,,,,,,,
72,1024,0.0005,64,GMC,391488.0,175425,0.4812211,7.092571,4.292516,0.4923800337593441,0.0008833134779706,0.0005571171059273,0.0005693181301467,0.0198509823530912,0.0077442382462322,0.0010301028378307,0.0029390554409474
73,1024,0.0005,64,ICEH,159041.0,191937,0.49637273,6.1887956,4.2745457,0.4349650349650349,0.0005176435806788,0.000341507140547,0.0139130968600511,0.0075708739459514,0.0049978420138359,0.0007193732308223,0.0027993598487228
74,1024,0.0005,64,MCN,36736.0,63105,0.53060853,5.3469377,4.8909163,0.4913511775580741,0.0416142866015434,0.0277666859328746,0.0473853386938571,0.0788429677486419,0.0271561183035373,0.0208132229745388,0.0504989884793758
75,1024,0.0005,64,SCARF,67200.0,63105,0.52386254,6.527751,5.5387154,,,,,,,,
76,1024,0.0005,64,SUBTAB,46720.0,63105,0.7928349,4.4640026,4.6976438,,,,,,,,
77,1024,0.0005,128,CLIP,117761.0,249089,0.7880268,4.604179,4.1648107,0.4876617635238325,0.0005291267298161,0.0004330143274273,0.0028411480598151,0.0083395959809422,0.0049193580634891,0.0007865359075367,0.0039048371836543
78,1024,0.0005,128,CONTROL,,249089,,,4.289397,,,,,,,,
79,1024,0.0005,128,GMC,399744.0,282113,0.48139894,6.3001914,7.2946787,0.4885780885780886,0.0008934210636653,0.0005082535208202,0.0030066384933888,0.0185598395764827,0.0072940723039209,0.0010256835957989,0.0029072635807096
80,1024,0.0005,128,ICEH,167297.0,298625,0.5649877,5.5146956,4.292048,0.3624467486536453,0.0005737439496442,0.0003786482848227,0.013682116754353,0.0070893946103751,0.0051672817207872,0.0008948385366238,0.0022361597511917
81,1024,0.0005,128,MCN,130816.0,249089,0.49377128,5.3098087,6.922894,0.4919540229885058,0.0026549636386334,0.0022825358901172,0.0187711119651794,0.0122908279299736,0.008869519457221,0.0013900524936616,0.0044250581413507
82,1024,0.0005,128,SCARF,265472.0,249089,0.5149238,6.296584,4.2077017,,,,,,,,
83,1024,0.0005,128,SUBTAB,183552.0,249089,0.668246,4.5704546,4.249434,,,,,,,,
84,1024,0.0007,32,CLIP,7937.0,16193,0.72227985,4.8236365,7.8797064,0.5133108271039305,0.0006093299598433,0.0003612439322751,0.0024200358893722,0.0107754813507199,0.0059942407533526,0.0007800502353347,0.0063365655951201
85,1024,0.0007,32,CONTROL,,16193,,,5.1682086,,,,,,,,
86,1024,0.0007,32,GMC,387360.0,146657,0.46856532,7.257576,4.213972,0.4877823326099188,0.0008375599281862,0.0005592104280367,0.0005577750271186,0.0187181085348129,0.0074854218401014,0.0010301896836608,0.0028605819679796
87,1024,0.0007,32,ICEH,154913.0,163169,0.45936668,5.389354,4.2941046,0.3776223776223776,0.0006149521213956,0.000371351634385,0.0068087317049503,0.0045027835294604,0.003800872946158,0.0008144796593114,0.0027464081067591
88,1024,0.0007,32,MCN,11200.0,16193,0.47755346,5.3626647,4.411913,0.481802105940037,0.0279253553599119,0.0255403108894824,0.0345324724912643,0.1424793452024459,0.0882283225655555,0.014924069866538,0.0258615799248218
89,1024,0.0007,32,SCARF,17216.0,16193,0.50994784,6.1973686,8.284224,,,,,,,,
90,1024,0.0007,32,SUBTAB,12096.0,16193,0.7615257,4.7141867,8.118848,,,,,,,,
91,1024,0.0007,64,CLIP,30209.0,63105,0.7527292,4.5415263,4.3932652,0.4875492323768185,0.0005056817317381,0.0003247607673984,0.0043586120009422,0.0080225402489304,0.0052633821032941,0.0008026357390917,0.0033804646227508
92,1024,0.0007,64,CONTROL,,63105,,,4.508948,,,,,,,,
93,1024,0.0007,64,GMC,391488.0,175425,0.47290394,6.6766596,4.19747,0.4903142834177317,0.0008078350219875,0.0004859449691139,0.0020660285372287,0.0177579298615455,0.0069635161198675,0.0010631465120241,0.0029382933862507
94,1024,0.0007,64,ICEH,159041.0,191937,0.5944778,5.755781,4.3453627,0.4076923076923077,0.0005652511608786,0.0003861841396428,0.0163668654859066,0.0054106744937598,0.0051246378570795,0.0007519282517023,0.0028827674686908
95,1024,0.0007,64,MCN,36736.0,63105,0.49084437,5.229641,4.2340174,0.4987058918093401,0.0073143527843058,0.0072977873496711,0.0210854057222604,0.0508316196501255,0.030017701908946,0.0023639658465981,0.0060638319700956
96,1024,0.0007,64,SCARF,67200.0,63105,0.5277106,6.542584,4.903763,,,,,,,,
97,1024,0.0007,64,SUBTAB,46720.0,63105,0.79045504,4.621507,4.332741,,,,,,,,
98,1024,0.0007,128,CLIP,117761.0,249089,0.7333796,4.724593,4.202405,0.5220070733863837,0.0004886962124146,0.0003147727111354,0.0005458731902763,0.0080854166299104,0.0050352998077869,0.0008100729901343,0.0044878195039927
99,1024,0.0007,128,CONTROL,,249089,,,4.3567104,,,,,,,,
100,1024,0.0007,128,GMC,399744.0,282113,0.4766023,6.9484687,4.0296416,0.4891085925568684,0.0008531099883839,0.0005355860339477,0.001350896898657,0.017552638426423,0.0071188872680068,0.0010005717631429,0.0028387894853949
101,1024,0.0007,128,ICEH,167297.0,298625,0.5489552,6.0107894,4.3667893,0.4263403263403263,0.0005653109983541,0.0004131578607484,0.0229084305465221,0.0067976070567965,0.0050429799593985,0.000963369035162,0.0022250283509492
102,1024,0.0007,128,MCN,130816.0,249089,0.4875678,5.3615785,4.207827,0.4931757897275139,0.0014078943058848,0.0011174042010679,0.0025695571675896,0.0089357597753405,0.0119429985061287,0.000961459823884,0.0050200042314827
103,1024,0.0007,128,SCARF,265472.0,249089,0.52520937,6.853277,4.1560535,,,,,,,,
104,1024,0.0007,128,SUBTAB,183552.0,249089,0.7205252,4.6132298,4.207409,,,,,,,,
105,1024,0.001,32,CLIP,7937.0,16193,0.73190314,4.9545946,4.9151797,0.4931918656056587,0.0005094497464597,0.0004149521701037,0.0035027510020881,0.0083307242020964,0.0053168972954154,0.0008134318632073,0.0036392239853739
106,1024,0.001,32,CONTROL,,16193,,,4.8710227,,,,,,,,
107,1024,0.001,32,GMC,387360.0,146657,0.4693267,7.163704,4.2054133,0.4802668595772044,0.0008978468831628,0.0005083731375634,0.0005404305411502,0.0188989862799644,0.0075674797408282,0.0010780873708426,0.0027988492511212
108,1024,0.001,32,ICEH,154913.0,163169,0.53534895,5.9488816,3.9627466,0.5521204083273049,0.0004376794724725,0.0002649521095212,0.0005297247648239,0.0080320473536849,0.0036734143979847,0.0006298731991089,0.0028504097610712
109,1024,0.001,32,MCN,11200.0,16193,0.5112198,5.100815,4.297321,0.488433405674785,0.0155391711741685,0.0234583728015422,0.0106735033914446,0.1048624292016029,0.0513203367590904,0.0052337157540023,0.0129563910886645
110,1024,0.001,32,SCARF,17216.0,16193,0.5648709,5.9127274,4.4525166,,,,,,,,
111,1024,0.001,32,SUBTAB,12096.0,16193,0.7872169,4.394849,5.062006,,,,,,,,
112,1024,0.001,64,CLIP,30209.0,63105,0.7345289,4.6207013,4.334006,0.5194518125552609,0.0004665669694077,0.0003868420899379,0.0015106457285583,0.0087907379493117,0.00552769144997,0.0008436111966148,0.0038103396072983
113,1024,0.001,64,CONTROL,,63105,,,4.2799788,,,,,,,,
114,1024,0.001,64,GMC,391488.0,175425,0.473932,6.9504104,6.9029055,0.4830962141306969,0.0008991028298623,0.0005248803063295,0.0005190788651816,0.019102893769741,0.0072964155115187,0.0010783385951071,0.0027630699332803
115,1024,0.001,64,ICEH,159041.0,191937,0.48439816,5.738182,4.3382773,0.477059721887308,0.0005107058095745,0.0003726076101884,0.0124941384419798,0.0055500101298093,0.0033720987848937,0.0006809401675127,0.001965886214748
116,1024,0.001,64,MCN,36736.0,63105,0.50471455,5.183966,3.9975224,0.4796800900249176,0.0019398919539526,0.001344138639979,0.0039516743272542,0.0197068899869918,0.0167929846793413,0.0016153731849044,0.0050546238198876
117,1024,0.001,64,SCARF,67200.0,63105,0.53239745,6.011579,4.1386104,,,,,,,,
118,1024,0.001,64,SUBTAB,46720.0,63105,0.75301874,4.6771054,7.6706986,,,,,,,,
119,1024,0.001,128,CLIP,117761.0,249089,0.7221932,4.520646,4.170632,0.5008680974198215,0.0004439593176357,0.0002742224605754,0.0005498803220689,0.0063072140328586,0.0043980292975902,0.0008179406868293,0.002968359272927
120,1024,0.001,128,CONTROL,,249089,,,4.2185245,,,,,,,,
121,1024,0.001,128,GMC,399744.0,282113,0.46164998,7.0384693,4.203872,0.4815047021943573,0.0007970693986862,0.0005149520584382,0.000466865953058,0.0173256564885377,0.0071457494050264,0.0010632835328578,0.0027679433114826
122,1024,0.001,128,ICEH,167297.0,298625,0.51105446,6.397528,4.3190727,0.4386946386946387,0.0006580742192454,0.0003964113711845,0.0116203939542174,0.009044143371284,0.0033369516022503,0.000801850517746,0.002054484328255
123,1024,0.001,128,MCN,130816.0,249089,0.49881816,5.0839686,4.0473137,0.4859094928060445,0.00073702132795,0.0007257773540914,0.0029666863847523,0.0102617405354976,0.0106250373646616,0.0009082643664442,0.0033416296355426
124,1024,0.001,128,SCARF,265472.0,249089,0.5455365,6.57942,4.233427,,,,,,,,
125,1024,0.001,128,SUBTAB,183552.0,249089,0.69646305,4.571411,4.164887,,,,,,,,
126,1024,0.002,32,CLIP,7937.0,16193,0.6961552,4.549378,4.3222656,0.4346194035849208,0.0005386363482102,0.0009239234495908,0.0014031698228791,0.008110461756587,0.0049791489727795,0.0008521339623257,0.0023708769585937
127,1024,0.002,32,CONTROL,,16193,,,4.150419,,,,,,,,
128,1024,0.002,32,GMC,387360.0,146657,0.45799887,6.735306,4.312682,0.4894542239369825,0.000755502434913,0.0004171650798525,0.0004291267832741,0.0198466293513774,0.0073105562478303,0.0010243684519082,0.0028129280544817
129,1024,0.002,32,ICEH,154913.0,163169,0.45055762,5.8208404,8.165188,0.3659030624547866,0.0004851675475947,0.0003421650326345,0.0005075956578366,0.0054603745229542,0.0028295316733419,0.0006982201011851,0.0018819086253643
130,1024,0.002,32,MCN,11200.0,16193,0.54475975,5.2789884,4.281603,0.4878144843662084,0.0017403105739504,0.0010500596836209,0.0010180023964494,0.035489022731781,0.0160344522446393,0.0012871415819972,0.0083006788045167
131,1024,0.002,32,SCARF,17216.0,16193,0.55192345,6.649378,4.3438516,,,,,,,,
132,1024,0.002,32,SUBTAB,12096.0,16193,0.7511642,4.824187,4.587081,,,,,,,,
133,1024,0.002,64,CLIP,30209.0,63105,0.7483437,4.4369354,4.226295,0.5253259384293867,0.0005705142975784,0.0002731578827276,0.0005311004351824,0.0067854123190045,0.0043478049337863,0.0008169707143679,0.0027482600416988
134,1024,0.002,64,CONTROL,,63105,,,4.172395,,,,,,,,
135,1024,0.002,64,GMC,391488.0,175425,0.44814193,6.6807413,4.0689907,0.4800659111003938,0.0007269140332937,0.0004425238876137,0.001517703058198,0.0179070066660642,0.0069180340506136,0.000955871422775,0.0026722268667072
136,1024,0.002,64,ICEH,159041.0,191937,0.6184056,6.3909087,4.274532,0.4379310344827586,0.0005219497834332,0.0003516147844493,0.0163223668932914,0.0073516448028385,0.0050839013420045,0.0008446955471299,0.0021986374631524
137,1024,0.002,64,MCN,36736.0,63105,0.53861445,5.017153,4.2366247,0.4915119363395225,0.0008415668271481,0.0005187799106352,0.0004953348543494,0.0128007614985108,0.0072989636100828,0.0009414642117917,0.0045850030146539
138,1024,0.002,64,SCARF,67200.0,63105,0.5075864,6.4797387,4.271433,,,,,,,,
139,1024,0.002,64,SUBTAB,46720.0,63105,0.6266566,4.8360524,4.3963795,,,,,,,,
140,1024,0.002,128,CLIP,117761.0,249089,0.64790046,4.797548,4.01348,0.4948155292982879,0.0004838516761083,0.0003567583335097,0.0057153701782226,0.0081182057037949,0.0048559373244643,0.0008153523085638,0.003749891417101
141,1024,0.002,128,CONTROL,,249089,,,4.236923,,,,,,,,
142,1024,0.002,128,GMC,399744.0,282113,0.45697942,6.7012525,4.1605196,0.4820352061731372,0.0007523922831751,0.0004312199598643,0.0004438396717887,0.0192672275006771,0.0073495707474648,0.0009938337607309,0.0027290831785649
143,1024,0.002,128,ICEH,167297.0,298625,0.6015528,6.976516,4.3645697,0.4780885780885781,0.0005498803802765,0.0003392343933228,0.0126757770776748,0.0061260648071765,0.0054652267135679,0.0007868684479035,0.003925145138055
144,1024,0.002,128,MCN,130816.0,249089,0.50397897,5.444593,3.8550756,0.4869142351900972,0.0006391148199327,0.0004598684317898,0.0042148921638727,0.0082628289237618,0.0046784467995166,0.0008797530317679,0.0030079025309532
145,1024,0.002,128,SCARF,265472.0,249089,0.52843904,6.478656,4.1354227,,,,,,,,
146,1024,0.002,128,SUBTAB,183552.0,249089,0.5305124,4.5489235,3.9193864,,,,,,,,
147,1024,0.003,32,CLIP,7937.0,16193,0.69808894,4.5245695,7.2072754,0.4953540712161401,0.0004858851607423,0.0003025119076482,0.0067905494943261,0.0081889797002077,0.0059846052899956,0.0008114210795611,0.0024958541616797
148,1024,0.003,32,CONTROL,,16193,,,4.12739,,,,,,,,
149,1024,0.003,32,GMC,387360.0,146657,0.4580999,7.0825357,4.1766005,0.4866650590788521,0.0007409091340377,0.0003960526082664,0.0004264352901373,0.0177843812853097,0.0071590766310691,0.0009782266570255,0.0026641930453479
150,1024,0.003,32,ICEH,154913.0,163169,0.48042327,6.3606577,4.2728295,0.482983682983683,0.000518899585586,0.0003584329097066,0.0128831341862678,0.0042539681307971,0.002912285272032,0.0007915723836049,0.0018323683179914
151,1024,0.003,32,MCN,11200.0,16193,0.5548636,5.26622,4.110927,0.4798006591110039,0.0014853465836495,0.0012415668461471,0.0005937200621701,0.0154324192553758,0.0159753561019897,0.0012683665845543,0.0051259617321193
152,1024,0.003,32,SCARF,17216.0,16193,0.54694945,6.457416,4.3694305,,,,,,,,
153,1024,0.003,32,SUBTAB,12096.0,16193,0.6458438,4.494393,4.3503957,,,,,,,,
154,1024,0.003,64,CLIP,30209.0,63105,0.62469834,4.6231613,4.2534523,0.4838839321597942,0.0004673445073422,0.0003042463504243,0.0005113038350827,0.0075871455483138,0.004871467128396,0.001177456928417,0.0026536637451499
155,1024,0.003,64,CONTROL,,63105,,,4.291399,,,,,,,,
156,1024,0.003,64,GMC,391488.0,175425,0.3982408,7.24607,4.1870317,0.4874286632907322,0.000666567008011,0.0004009568947367,0.0006384568405337,0.0167034249752759,0.0070913480594754,0.0009649837738834,0.0027234246954321
157,1024,0.003,64,ICEH,159041.0,191937,0.5311464,6.6660485,6.7860746,0.4675990675990675,0.0005453348858281,0.0003599879564717,0.0093355253338813,0.0067046144977211,0.0048760641366243,0.0007331896340474,0.0033054740633815
158,1024,0.003,64,MCN,36736.0,63105,0.5169149,5.571076,4.1863594,0.4958041958041958,0.001672726823017,0.0018592106644064,0.0035855856258422,0.0130279334262013,0.0175170060247182,0.0009713667095638,0.0051488047465682
159,1024,0.003,64,SCARF,67200.0,63105,0.51863253,5.902047,4.231443,,,,,,,,
160,1024,0.003,64,SUBTAB,46720.0,63105,0.5215884,4.5847073,4.031533,,,,,,,,
161,1024,0.003,128,CLIP,117761.0,249089,0.5184567,4.6929903,4.1037383,0.4971706454465075,0.0005263755447231,0.0003044258046429,0.0007319975411519,0.0092013804242014,0.005574301816523,0.0008139539859257,0.0030917297117412
162,1024,0.003,128,CONTROL,,249089,,,4.143862,,,,,,,,
163,1024,0.003,128,GMC,399744.0,282113,0.46142468,6.777736,4.1176677,0.4823326099188167,0.0006965909269638,0.0004052630974911,0.0004305023176129,0.0190041027963161,0.0069037671200931,0.000925850472413,0.0027157426811754
164,1024,0.003,128,ICEH,167297.0,298625,0.5389608,7.0233254,4.343784,0.4678321678321678,0.0004959928337484,0.0003406099567655,0.0243233237415552,0.0079880217090249,0.0047001121565699,0.000770116050262,0.0039406334981322
165,1024,0.003,128,MCN,130816.0,249089,0.5256962,5.080717,4.2285123,0.5255043806767944,0.0005750597920268,0.0003518540179356,0.0004725477483589,0.0079094264656305,0.0064071398228406,0.0009092403925023,0.0035461513325572
166,1024,0.003,128,SCARF,265472.0,249089,0.54792744,6.1165147,4.06884,,,,,,,,
167,1024,0.003,128,SUBTAB,183552.0,249089,0.5443578,4.7792106,4.1903157,,,,,,,,
168,1024,0.005,32,CLIP,7937.0,16193,0.6381447,4.633288,4.249764,0.4980789325616911,0.0005034689093008,0.0005867225117981,0.0011928228195756,0.0092912605032324,0.0045734336599707,0.0009663152159191,0.0023695465642958
169,1024,0.005,32,CONTROL,,16193,,,4.284814,,,,,,,,
170,1024,0.005,32,GMC,387360.0,146657,0.6231764,7.2431335,4.0173287,0.4760308656860381,0.0006773325731046,0.0004083133535459,0.0004405501822475,0.0179767981171607,0.0068823886103928,0.0009045585175044,0.0027866079472005
171,1024,0.005,32,ICEH,154913.0,163169,0.5200646,6.854185,4.238822,0.4587412587412587,0.0005251197144389,0.00034228459117,0.0213036462664604,0.0144657036289572,0.0052570272237062,0.0011400741059333,0.0070855878293514
172,1024,0.005,32,MCN,11200.0,16193,0.5800285,5.6201487,4.2921925,0.4817136886102403,0.001021351548843,0.00056507170666,0.0005568779888562,0.0093374913558363,0.0130417924374341,0.0012900555739179,0.0046664415858685
173,1024,0.005,32,SCARF,17216.0,16193,0.9336982,6.0636587,4.20337,,,,,,,,
174,1024,0.005,32,SUBTAB,12096.0,16193,0.58842963,4.786818,4.286577,,,,,,,,
175,1024,0.005,64,CLIP,30209.0,63105,0.56502104,4.5570574,3.8652472,0.5195643437022747,0.0004887559334747,0.0003507774381432,0.0125804413110017,0.0064451843500137,0.0043471618555486,0.0008766201790422,0.0044141272082924
176,1024,0.005,64,CONTROL,,63105,,,4.2091193,,,,,,,,
177,1024,0.005,64,GMC,391488.0,175425,0.61920404,7.1133738,4.2637806,0.3465959328028294,0.0228387545794248,0.0071746413595974,0.0044098682701587,0.1747977137565612,0.0183904692530632,0.004498332273215,0.0073286504484713
178,1024,0.005,64,ICEH,159041.0,191937,0.473293,6.264871,4.2853045,0.3892773892773893,0.0006744018755853,0.0004364234046079,0.007522786501795,0.0069400020875036,0.0028693603817373,0.0019470704719424,0.002739051124081
179,1024,0.005,64,MCN,36736.0,63105,0.5571031,5.196658,3.9431863,0.4934088899606141,0.0007735643885098,0.0005163277382962,0.0004757176502607,0.0090101771056652,0.0076197199523448,0.0008988133631646,0.0040759500116109
180,1024,0.005,64,SCARF,67200.0,63105,0.5486536,6.1448116,4.059624,,,,,,,,
181,1024,0.005,64,SUBTAB,46720.0,63105,0.52201873,4.7914925,6.8493524,,,,,,,,
182,1024,0.005,128,CLIP,117761.0,249089,0.46861565,4.583373,3.965184,0.4971063419339281,0.0005091506754979,0.0002955143281724,0.00050245213788,0.0065633039921522,0.0046680034138262,0.0007948791026137,0.0021413371432572
183,1024,0.005,128,CONTROL,,249089,,,3.9766157,,,,,,,,
184,1024,0.005,128,GMC,399744.0,282113,0.4516467,7.0121393,4.3357058,0.5216863596173941,0.0006282895919866,0.0003537080774549,0.0004370812966953,0.0150697277858853,0.0064246244728565,0.0008966752211563,0.0026703260373324
185,1024,0.005,128,ICEH,167297.0,298625,0.46234488,6.4051332,4.3878675,0.3752913752913753,0.0005662082112394,0.0003766746085602,0.0014959328109398,0.0107597392052412,0.0027108031790703,0.0007360831368714,0.0015190681442618
186,1024,0.005,128,MCN,130816.0,249089,0.5138108,5.040789,3.9580762,0.5230769230769231,0.0007204543799161,0.0004929425776936,0.0004608253366313,0.0067456793040037,0.0067006777971982,0.0009325479040853,0.0039350977167487
187,1024,0.005,128,SCARF,265472.0,249089,0.4758835,7.083158,4.120939,,,,,,,,
188,1024,0.005,128,SUBTAB,183552.0,249089,0.48920798,4.94344,4.19433,,,,,,,,
189,1024,0.007,32,CLIP,7937.0,16193,0.61308765,4.531268,4.29964,0.4906197251024837,0.0005136363324709,0.0003579544718377,0.0089102862402796,0.0086335968226194,0.0045239934697747,0.0010643283603712,0.0036482750438153
190,1024,0.007,32,CONTROL,,16193,,,7.528461,,,,,,,,
191,1024,0.007,32,GMC,387360.0,146657,0.5649738,7.13421,4.363733,0.3333333333333333,0.0964560955762863,0.057076022028923,0.0485369563102722,0.3821450471878052,0.1298021972179412,0.0506989546120166,0.1220248639583587
192,1024,0.007,32,ICEH,154913.0,163169,0.49721345,7.0986843,4.367409,0.4911421911421911,0.0005259569152258,0.0003480860614217,0.0245780460536479,0.0074715707451105,0.0044064768590033,0.0007371866959147,0.0032617521937936
193,1024,0.007,32,MCN,11200.0,16193,0.5828957,5.443612,4.2208743,0.4966722932240173,0.0012067579664289,0.0006165072554722,0.0004977272474206,0.015507542528212,0.0126481680199503,0.0011623210739344,0.0047640553675591
194,1024,0.007,32,SCARF,17216.0,16193,0.47027755,7.317034,4.1970744,,,,,,,,
195,1024,0.007,32,SUBTAB,12096.0,16193,0.5096075,4.558332,4.0030274,,,,,,,,
196,1024,0.007,64,CLIP,30209.0,63105,0.49589145,4.372822,4.060288,0.4912225705329153,0.000512798957061,0.0003359449328854,0.0189559794962406,0.0071114762686192,0.0059513105079531,0.0008496321970596,0.0025292190257459
197,1024,0.007,64,CONTROL,,63105,,,4.297182,,,,,,,,
198,1024,0.007,64,GMC,391488.0,175425,0.6452204,6.9196343,4.242912,0.5076440800578731,0.0006921650492586,0.0003919856098946,0.0004422845959197,0.0182428583502769,0.0067308931611478,0.0008531362982466,0.0027291174046695
199,1024,0.007,64,ICEH,159041.0,191937,0.5068524,7.934875,4.3530855,0.4927738927738927,0.0005287082167342,0.0003453946847002,0.0202373210340738,0.0062592849135398,0.0041832057759165,0.0007270842907018,0.0023335337173193
200,1024,0.007,64,MCN,36736.0,63105,0.55433893,5.0332685,4.0625606,0.4956755887790371,0.0006426434265449,0.0004739832365885,0.0004609449533745,0.009547896683216,0.0118907475844025,0.0009621891076676,0.0032927591819316
201,1024,0.007,64,SCARF,67200.0,63105,0.5436691,7.296584,4.2943735,,,,,,,,
202,1024,0.007,64,SUBTAB,46720.0,63105,0.4788914,4.8201346,4.177953,,,,,,,,
203,1024,0.007,128,CLIP,117761.0,249089,0.40554935,4.546962,3.9656856,0.4995016477775099,0.000560287036933,0.0002718301257118,0.0005175238475203,0.0065602199174463,0.0044582039117813,0.0007707158802077,0.0021488030906766
204,1024,0.007,128,CONTROL,,249089,,,3.911447,,,,,,,,
205,1024,0.007,128,GMC,399744.0,282113,0.6103739,7.081387,4.214329,0.4990113334940921,0.0006281698588281,0.0003825956664513,0.0004421052581164,0.0184987019747495,0.0069647668860852,0.0010404646163806,0.0027412737254053
206,1024,0.007,128,ICEH,167297.0,298625,0.4907055,7.4870663,4.2314653,0.4494172494172495,0.000536901934538,0.0003273324400652,0.0306146498769521,0.0055497232824563,0.0043481616303324,0.0007171770557761,0.0039062048308551
207,1024,0.007,128,MCN,130816.0,249089,0.525116,4.992616,3.8919728,0.4978217185113737,0.0005788875278085,0.0003931219980586,0.0004536482447292,0.0064367572776973,0.0076183755882084,0.0009511937387287,0.0030308363493531
208,1024,0.007,128,SCARF,265472.0,249089,0.5659865,6.6818557,4.235147,,,,,,,,
209,1024,0.007,128,SUBTAB,183552.0,249089,0.50967526,4.811866,4.10101,,,,,,,,
210,1024,0.01,32,CLIP,7937.0,16193,0.5150525,5.0765066,4.2574263,0.4795273691825416,0.0005845692940056,0.0003731458855327,0.000798504683189,0.0089073795825243,0.0052280779927968,0.0008505579899065,0.0040724547579884
211,1024,0.01,32,CONTROL,,16193,,,4.2156014,,,,,,,,
212,1024,0.01,32,GMC,387360.0,146657,0.496112,7.2604303,4.3719745,0.5268788682581786,0.0006385765154846,0.00041872006841,0.0004421650373842,0.0179622806608676,0.0067270942963659,0.0008630723459646,0.0026487070135772
213,1024,0.01,32,ICEH,154913.0,163169,0.49588925,7.1457415,4.1856146,0.4804195804195805,0.000547248753719,0.0003238037170376,0.0115062184631824,0.0055091804824769,0.0043994979932904,0.0007644814904779,0.0058770729228854
214,1024,0.01,32,MCN,11200.0,16193,0.56888735,5.6934924,4.279143,0.4923157302467647,0.000749162514694,0.0008219496812671,0.0007385167409665,0.011351129040122,0.0114911720156669,0.0011259109014645,0.0050109927542507
215,1024,0.01,32,SCARF,17216.0,16193,0.547279,5.3471856,4.2041955,,,,,,,,
216,1024,0.01,32,SUBTAB,12096.0,16193,0.48960438,5.036244,4.2963533,,,,,,,,
217,1024,0.01,64,CLIP,30209.0,63105,0.45568988,4.4595213,4.148912,0.4784020577124026,0.0005605859332717,0.0003643539967015,0.0036249994300305,0.0077746831811964,0.0048066531307995,0.0008199084550142,0.0030185519717633
218,1024,0.01,64,CONTROL,,63105,,,4.0952144,,,,,,,,
219,1024,0.01,64,GMC,391488.0,175425,0.66381717,7.2525353,4.3858457,0.5159070814243228,0.000643181905616,0.000398325297283,0.0004478468908928,0.0172203984111547,0.006305371876806,0.0008453786140307,0.0026916509959846
220,1024,0.01,64,ICEH,159041.0,191937,0.52362883,5.733386,4.3389583,0.341025641025641,0.0185830146074295,0.1008117273449897,0.1424776166677475,0.7586554288864136,0.0299581885337829,0.058556031435728,0.3739367723464966
221,1024,0.01,64,MCN,36736.0,63105,0.5675051,5.184033,4.240262,0.4782332609918816,0.0007192583871074,0.0004610645701177,0.0004823564377147,0.0084646390751004,0.0112560288980603,0.0009611309505999,0.0042379656806588
222,1024,0.01,64,SCARF,67200.0,63105,0.66835326,6.26189,4.1611824,,,,,,,,
223,1024,0.01,64,SUBTAB,46720.0,63105,0.4856764,4.879354,4.188281,,,,,,,,
224,1024,0.01,128,CLIP,117761.0,249089,0.42255917,4.67811,4.1501493,0.5255767221284463,0.0005278109456412,0.0003618420159909,0.0008208731887862,0.0073721399530768,0.0042609279043972,0.0008098008111119,0.0020271136891096
225,1024,0.01,128,CONTROL,,249089,,,4.1113043,,,,,,,,
226,1024,0.01,128,GMC,399744.0,282113,0.68760884,6.914673,4.364536,0.5030383409693754,0.0005638158763758,0.0003492223913781,0.0004352870455477,0.0150189809501171,0.0064364289864897,0.0008114192169159,0.002560417400673
227,1024,0.01,128,ICEH,167297.0,298625,0.48541686,7.3130426,4.8902454,0.4799533799533799,0.0005330143612809,0.0003316386719234,0.0268815755844116,0.0070670233108103,0.0041195964440703,0.0007461213972419,0.002810483565554
228,1024,0.01,128,MCN,130816.0,249089,0.52368873,5.2765307,4.20171,0.5160196125713367,0.000666985521093,0.0004241626302246,0.0004811004619114,0.006345669273287,0.0064455117098987,0.0009606932871975,0.0035792014095932
229,1024,0.01,128,SCARF,265472.0,249089,0.58735484,7.0370955,4.183469,,,,,,,,
230,1024,0.01,128,SUBTAB,183552.0,249089,0.52808464,4.943708,4.2849774,,,,,,,,
