,batch_size,learning_rate,latent_dim,model_type,embedder_params,predictor_params,kmeans_perf,knn_perf,predictor_perf,V1,V2,V3,V4,V5,V6,V7,V8,V9,V10,V11,V13,V19,V22,V30,V33,V35,V36,V40,V41,V42,V43,V45,V47,V50,V51,V52,V59,V63,V72,V75
0,2048,0.0001,32,CONTROL,,584130,,,0.6457679035001664,,,,,,,,,,,,,,,,,,,,,,,,,,,,,,,
1,2048,0.0001,32,GMC,4931520.0,2246178,0.09275216333333332,0.5769606087140302,0.650923444672007,0.016370285487932502,0.0025698182947571997,0.008608794621943099,0.0254107233389512,0.0012661920527795667,0.0028541364025775335,0.011143407392999701,0.020380640540640232,0.0027576022706102,0.1909899257384299,0.016617672118082936,0.015070389792302968,0.14280288947599307,0.5,0.125,0.2586442135290463,0.1666666666666666,0.09086988905876357,0.0055741678247634005,0.25,0.015958043158933566,0.004131367453552501,0.1111111111111111,0.13556761129641928,0.011177815390763601,0.028296235032680566,0.1909405010692181,0.006144920430634668,0.08441558441558439,0.03101832504871507,0.0231441833449532
2,2048,0.0001,32,ICEH,2246305.0,2278146,0.2554890566666667,0.6081954979723031,0.6529303626748868,0.025452040007922335,0.0033927968738952006,0.0083890960112152,0.03326866264095083,0.0014550899011082335,0.0024914147955746,0.005095738501574633,0.026095740978235197,0.0033405679676918334,0.2609401524850605,0.022048681154460834,0.028811621333551432,0.14663653685174483,0.6592083105347081,0.13439328715566012,0.2528196079403147,0.18497196603073573,0.09699008421172335,0.013835754350341166,0.2504275657596869,0.018444206932140533,0.004595877226869367,0.1091010755590779,0.16526830626981226,0.006196715271602267,0.0222386152941708,0.16124295337220454,0.006297531161907233,0.07751525617397446,0.031355050030981435,0.0431450609941036
3,2048,0.0001,32,SCARF,2746176.0,2738946,0.22172293,0.6155064140428328,0.6549838867001349,,,,,,,,,,,,,,,,,,,,,,,,,,,,,,,
4,2048,0.0001,32,SUBTAB,2260448.0,2260514,0.19422457999999998,0.5965458661641297,0.6471779844135312,,,,,,,,,,,,,,,,,,,,,,,,,,,,,,,
5,2048,0.0001,64,CONTROL,,1231746,,,0.6472615650151028,,,,,,,,,,,,,,,,,,,,,,,,,,,,,,,
6,2048,0.0001,64,GMC,4938752.0,2348738,0.07281900833333334,0.5789639517827685,0.651049725021535,0.034514400416334336,0.0027490068721063333,0.0048666980618741335,0.013246598429728265,0.0005399618520457334,0.0027829686038703338,0.006153796194063733,0.01891338338166613,0.0036041794147385667,0.1841910784335082,0.04311294224798103,0.015061120233534,0.1428571428571428,0.5,0.125,0.253711070583925,0.1666666666666666,0.0909090909090909,0.0074202035886818335,0.25,0.0196705854357446,0.005413659092588834,0.1111111111111111,0.1263227513227513,0.0051753852392538,0.02379010215676487,0.19454191190363998,0.012588465218153932,0.08441558441558439,0.028224576107325334,0.026857710086387033
7,2048,0.0001,64,ICEH,2250433.0,2377602,0.23151776333333332,0.6044841379510463,0.6515024480951264,0.03909839902755203,0.0032754990858512335,0.0095644228671689,0.0594140395510546,0.0015471384502625668,0.009790058239844501,0.006522723839570367,0.046166652012179565,0.0069051545978232,0.3048590502313601,0.024187779812779767,0.05929622370991603,0.16753526666773874,0.6428730300229655,0.19219268000534473,0.27132665208559015,0.17403260118479172,0.10771518624840713,0.006781897293362434,0.2522425211753234,0.0189462041226747,0.0034464745167085997,0.106078764453307,0.1204725169000367,0.0061907568122526,0.027879527879527837,0.2157771982475131,0.006772078200649599,0.07295456797017126,0.01608527131782943,0.02503465003464997
8,2048,0.0001,64,SCARF,2758528.0,2746242,0.18480675666666668,0.6098515905821826,0.6510844073867105,,,,,,,,,,,,,,,,,,,,,,,,,,,,,,,
9,2048,0.0001,64,SUBTAB,2315840.0,2315970,0.19743249333333335,0.596810661976214,0.647474702403987,,,,,,,,,,,,,,,,,,,,,,,,,,,,,,,
10,2048,0.0001,128,CONTROL,,2717442,,,0.6516161491586319,,,,,,,,,,,,,,,,,,,,,,,,,,,,,,,
11,2048,0.0001,128,GMC,4959360.0,2750466,0.07159139266666666,0.5894668810004777,0.6519876854975505,0.030726583118316834,0.004814991841681834,0.006017509208778966,0.024334516016524168,0.0014414566035854,0.002187697251391467,0.005872176620914934,0.0192992793502577,0.0018176464763527665,0.18099247532935347,0.020641398813040834,0.013098782979411633,0.1428571428571428,0.5,0.125,0.2507055553338919,0.1666666666666666,0.0909090909090909,0.008544997343307067,0.25,0.022731266269822234,0.0034464745167085997,0.1111111111111111,0.1263227513227513,0.004350949969570933,0.0249388076142576,0.18839495376543478,0.011117366368762966,0.08441558441558439,0.024215352618642435,0.026784102534538768
12,2048,0.0001,128,ICEH,2258689.0,2766978,0.26419708,0.5998118486270566,0.65091474592165,0.04216883116561667,0.0011185682326621666,0.011043427967066866,0.0799469753953379,0.0035551457528780668,0.017680637901999467,0.0111057450374377,0.07823434438241987,0.014316146837965433,0.31827474812677,0.039344702949258265,0.10173531549774646,0.16795696157889148,0.705363070820348,0.2587686485623896,0.29353237464962106,0.204100272055359,0.15964223947725323,0.006781897293362434,0.2537773666334559,0.0161513735848872,0.0,0.11173802521886217,0.12439441179120632,0.013000722874572435,0.009208384208384166,0.12106789821490338,0.0,0.07310705003493152,0.0141331064473435,0.013161018643474765
13,2048,0.0001,128,SCARF,2783232.0,2766978,0.20999173666666668,0.6032204026836494,0.6520386734315885,,,,,,,,,,,,,,,,,,,,,,,,,,,,,,,
14,2048,0.0001,128,SUBTAB,2438912.0,2439170,0.16488653333333333,0.6009364728981267,0.6462767779444146,,,,,,,,,,,,,,,,,,,,,,,,,,,,,,,
15,2048,0.0001778279410038,32,CONTROL,,584130,,,0.6426532785379181,,,,,,,,,,,,,,,,,,,,,,,,,,,,,,,
16,2048,0.0001778279410038,32,GMC,4931520.0,2246178,0.102515585,0.5859986060097238,0.6520513558282593,0.017541490889161068,0.0033557046979865667,0.0034814742978397668,0.016940482225967435,0.0,0.0028890565053823,0.004672041798673133,0.025411749584413296,0.0028866884058508006,0.1917376214668445,0.020691749067116634,0.015076569498148966,0.14332546996281453,0.5,0.125,0.26209625946643983,0.1666666666666666,0.0910074773711137,0.0086840712064059,0.25,0.02108248614130963,0.004244957589439167,0.1111111111111111,0.12359877215081146,0.010337589141936934,0.026166390369400567,0.18399010579628347,0.0069007783293497,0.08428344184249692,0.034513878566323396,0.04667606099371663
17,2048,0.0001778279410038,32,ICEH,2246305.0,2278146,0.24046081,0.6048118847170879,0.6542502132411047,0.0318221132181542,0.006657124259817533,0.008254041927748099,0.03677539109194063,0.002313771103224367,0.0012486200803331,0.007417301323743234,0.03880191936044967,0.004126113671583734,0.2829079635444142,0.035292022792022766,0.023879792608188066,0.14438962361461125,0.5870639776931815,0.19164386925831864,0.275060552242922,0.18437372981168595,0.1114269299071794,0.004680526205510167,0.25252285951787196,0.0198561706611242,0.0010957703265395333,0.10835658750964254,0.1263227513227513,0.0054938050870466,0.015844520639917033,0.17787015043547108,0.002252252252252233,0.0844841358969128,0.010751440283321067,0.021309771309771266
18,2048,0.0001778279410038,32,SCARF,2746176.0,2738946,0.18750577000000002,0.610116610416774,0.6532185519426175,,,,,,,,,,,,,,,,,,,,,,,,,,,,,,,
19,2048,0.0001778279410038,32,SUBTAB,2260448.0,2260514,0.21694698999999998,0.5947647700291575,0.6537853673695525,,,,,,,,,,,,,,,,,,,,,,,,,,,,,,,
20,2048,0.0001778279410038,64,CONTROL,,1231746,,,0.645717941829694,,,,,,,,,,,,,,,,,,,,,,,,,,,,,,,
21,2048,0.0001778279410038,64,GMC,4938752.0,2348738,0.08477520833333334,0.5889884762684334,0.6524106909595343,0.03636399326007713,0.0019935468456896335,0.012360569252226469,0.020936523646004734,0.0007238927035388001,0.008463689133317,0.006289784018803733,0.027768773041692733,0.0021636226068631,0.19180869481065235,0.0350106773947017,0.025412589952554965,0.14279261840237445,0.5,0.125,0.2513846938261009,0.1666666666666666,0.0909090909090909,0.0074415306584752665,0.25,0.025515196449619432,0.0019671845758802,0.1111111111111111,0.1263227513227513,0.009131801191861466,0.0244886210380192,0.18797466294015094,0.010343506772078168,0.08441558441558439,0.023442452927955965,0.026728823216499203
22,2048,0.0001778279410038,64,ICEH,2250433.0,2377602,0.25068953,0.6067913615325833,0.6551950460124801,0.03239804967231853,0.002207892851398533,0.0063203028347277,0.07092267001554799,0.0015508309429758335,0.014045209953145133,0.007719113608209534,0.07676843478829574,0.012612989807380433,0.32101334886052196,0.059077228106948404,0.11198466828559621,0.19746591258131574,0.6905673988709836,0.2710309226717902,0.29945519974632023,0.19565840412219115,0.12526878081979453,0.011480461253391567,0.25049612764358514,0.023125246711186667,0.0039395711636514,0.11536446161806808,0.1363594131158763,0.007163363776343766,0.016051078551078533,0.1839688159387787,0.0033936998222712004,0.09355825372798166,0.02963540681918443,0.011550011550011533
23,2048,0.0001778279410038,64,SCARF,2758528.0,2746242,0.22114911,0.6095235316295324,0.6555955075459324,,,,,,,,,,,,,,,,,,,,,,,,,,,,,,,
24,2048,0.0001778279410038,64,SUBTAB,2315840.0,2315970,0.18841443333333333,0.6014620426721785,0.646695262631752,,,,,,,,,,,,,,,,,,,,,,,,,,,,,,,
25,2048,0.0001778279410038,128,CONTROL,,2717442,,,0.64903694522954,,,,,,,,,,,,,,,,,,,,,,,,,,,,,,,
26,2048,0.0001778279410038,128,GMC,4959360.0,2750466,0.07446655466666667,0.5882562752627543,0.6524459901948888,0.0313659074780633,0.002719763258180567,0.007063349462535967,0.020081473187818468,0.0007293946024799334,0.0052949572099756,0.0024177250518683997,0.02879045981280633,0.0041277296515124335,0.18578159670259922,0.026024022768965704,0.02455750432228547,0.1428571428571428,0.5,0.125,0.2508397461981664,0.1666666666666666,0.0909090909090909,0.008212654891551768,0.25,0.016073375209572534,0.0021540277950534334,0.1111111111111111,0.1263227513227513,0.007192731058254967,0.025030525030524997,0.19435225428697878,0.00536343406455136,0.08441558441558439,0.02410520074674907,0.026839352895690866
27,2048,0.0001778279410038,128,ICEH,2258689.0,2766978,0.21733936,0.6036512756711422,0.655063680768365,0.02235913654718807,0.002204344562738167,0.005157736662717367,0.13245607806045567,0.0018539388784194332,0.013085642338518333,0.004382920173371067,0.08736940202309017,0.015446380277836633,0.327131216476878,0.03413284350701087,0.14981629418152867,0.20683877686523958,0.7061360171598277,0.27098626283056343,0.30554608945746303,0.19023737793430162,0.14136295264436985,0.011348107339024534,0.25440857795331756,0.0214758934110388,0.004905754738530633,0.1050828140406083,0.09955069055396441,0.004730273752012866,0.01641744498887353,0.1642712690473817,0.011533982962554333,0.0611021859880278,0.0420353564000756,0.0389107055773722
28,2048,0.0001778279410038,128,SCARF,2783232.0,2766978,0.20815541999999998,0.614158556298049,0.6534500904050201,,,,,,,,,,,,,,,,,,,,,,,,,,,,,,,
29,2048,0.0001778279410038,128,SUBTAB,2438912.0,2439170,0.17004349,0.5996204956625224,0.6480402536899926,,,,,,,,,,,,,,,,,,,,,,,,,,,,,,,
30,2048,0.0003162277660168,32,CONTROL,,584130,,,0.6444822838747722,,,,,,,,,,,,,,,,,,,,,,,,,,,,,,,
31,2048,0.0003162277660168,32,GMC,4931520.0,2246178,0.11324469666666666,0.5917582793168231,0.654916566127812,0.009876040905711285,0.0021786492374727667,0.006047716571268499,0.016093229744728033,0.0010799237040915333,0.0,0.0036178598741101998,0.03002776536774687,0.0021452784428296,0.193099171264426,0.023072760546091132,0.021705481104813667,0.14311997102318622,0.5,0.125,0.26205398698645976,0.1666666666666666,0.09110390317853989,0.0032746564312972665,0.25,0.019739050779591732,0.0029881952958876,0.1111111111111111,0.12668882012537488,0.007163363776343766,0.028348037081804032,0.18971088397467048,0.007014157014156967,0.0815096976514299,0.050482413434485264,0.03946674443342273
32,2048,0.0003162277660168,32,ICEH,2246305.0,2278146,0.25809260666666667,0.6104164584825281,0.6541223037161443,0.0296660555006725,0.0021786492374727667,0.007903368179686766,0.025539311280712965,0.0015698069662194666,0.005008033878492233,0.003799441449633,0.05856860592038124,0.0052995568522974336,0.2133859118520538,0.031445049681730834,0.07021795898930847,0.1812010232422211,0.6338014214671707,0.22178990164467163,0.29113525931152406,0.18724316068177008,0.13448422323151354,0.005607876712328767,0.25288172756962085,0.0219464512803613,0.0024702860823262,0.10678669603876727,0.13179446339206463,0.004848548961528966,0.017094017094017033,0.18017645259838203,0.0046485260770974665,0.09505502031524626,0.03151844236465617,0.029818279818279766
33,2048,0.0003162277660168,32,SCARF,2746176.0,2738946,0.22409885333333332,0.6114913151981131,0.653536480832562,,,,,,,,,,,,,,,,,,,,,,,,,,,,,,,
34,2048,0.0003162277660168,32,SUBTAB,2260448.0,2260514,0.18154820000000002,0.5931931969573583,0.6450467003928642,,,,,,,,,,,,,,,,,,,,,,,,,,,,,,,
35,2048,0.0003162277660168,64,CONTROL,,1231746,,,0.6466109547293618,,,,,,,,,,,,,,,,,,,,,,,,,,,,,,,
36,2048,0.0003162277660168,64,GMC,4938752.0,2348738,0.11413632666666666,0.5919122665420113,0.6528050126070533,0.03956384466077383,0.005468770130286933,0.0075193436021138,0.013731840588899667,0.0010909275019737668,0.002908813104086267,0.007471424421316333,0.03548473497261104,0.0021508532329295666,0.20021573852928767,0.030296733824080702,0.026693837659501733,0.1428571428571428,0.5,0.125,0.256342367326351,0.1666666666666666,0.0909090909090909,0.007385762027661933,0.25,0.015327965658892434,0.0029881952958876,0.1111111111111111,0.1263227513227513,0.011933062598195335,0.0230834598707482,0.18760558386620962,0.009294313125119134,0.08441558441558439,0.0228102454758792,0.03666650347823986
37,2048,0.0003162277660168,64,ICEH,2250433.0,2377602,0.2358257433333333,0.6124867560072705,0.6555847116685976,0.022212809970552135,0.006616581976874934,0.005758296588535601,0.11471602341492106,0.0023536422337688333,0.012151765521541265,0.009754932310264267,0.08464321871511182,0.0113803766851059,0.33703352232013245,0.028982633494717067,0.14229701538267028,0.18310197595793068,0.6571002699626559,0.2839342489718921,0.3144174145231898,0.16249750067897858,0.13750581417721494,0.009329710144927533,0.24611516728775948,0.022084171275347703,0.0029681855768812003,0.10973438533421427,0.14692181269311222,0.009596453800674667,0.025030525030525,0.13241793047237269,0.002380952380952367,0.06148678181900053,0.0196705426356589,0.028667128667128634
38,2048,0.0003162277660168,64,SCARF,2758528.0,2746242,0.23797813666666667,0.6181919832025399,0.6534017773756825,,,,,,,,,,,,,,,,,,,,,,,,,,,,,,,
39,2048,0.0003162277660168,64,SUBTAB,2315840.0,2315970,0.16205564000000003,0.6012725502764458,0.6465460904620443,,,,,,,,,,,,,,,,,,,,,,,,,,,,,,,
40,2048,0.0003162277660168,128,CONTROL,,2717442,,,0.6491393033628071,,,,,,,,,,,,,,,,,,,,,,,,,,,,,,,
41,2048,0.0003162277660168,128,GMC,4959360.0,2750466,0.09622424333333333,0.6010616217729973,0.6521717611893699,0.0345241639414063,0.0043933261698834,0.0051506316525135,0.0191686038306131,0.0014442075530559332,0.0027359428654265337,0.0019267822736030666,0.041360476675987835,0.0015287334856081,0.19897092705241706,0.02860341731065653,0.0083777397397249,0.1428571428571428,0.5,0.125,0.25260074927252957,0.1666666666666666,0.0909090909090909,0.008987626534143435,0.25,0.0246250552606663,0.005718736487967234,0.1111111111111111,0.1263227513227513,0.004900442973368933,0.025030525030524997,0.186985405540687,0.0077365630937059,0.08441558441558439,0.02420134701640153,0.0268289529117554
42,2048,0.0003162277660168,128,ICEH,2258689.0,2766978,0.20558137333333334,0.6044059528355813,0.6532475574458535,0.022632124046849167,0.004346653608964367,0.006610174023484798,0.10695699575610858,0.0007475537481821827,0.014387338780895534,0.009313041217979332,0.09681098024920613,0.014566331926642433,0.33046325176958335,0.026215362349301368,0.14790259798208505,0.20229179054220273,0.7773040713444733,0.32705068388628283,0.3267753486121326,0.19967966738756382,0.13523247572054653,0.0062499999999999995,0.2515868792507541,0.023641917757856633,0.0029681855768812003,0.10631428462626073,0.0803791097018824,0.004730273752012866,0.021367521367521333,0.20329984701094114,0.0068854568854568666,0.09404668529507833,0.028091321610890504,0.017903138870880766
43,2048,0.0003162277660168,128,SCARF,2783232.0,2766978,0.19987704333333334,0.615851679903996,0.6518618977556985,,,,,,,,,,,,,,,,,,,,,,,,,,,,,,,
44,2048,0.0003162277660168,128,SUBTAB,2438912.0,2439170,0.16746393666666667,0.604591298235853,0.6493459996998122,,,,,,,,,,,,,,,,,,,,,,,,,,,,,,,
45,2048,0.0005623413251903,32,CONTROL,,584130,,,0.6450374111303167,,,,,,,,,,,,,,,,,,,,,,,,,,,,,,,
46,2048,0.0005623413251903,32,GMC,4931520.0,2246178,0.119930405,0.5945625624474813,0.6554959633400622,0.0102191531918915,0.005501562032873134,0.0081276161081965,0.023113321732140268,0.0010854256030326335,0.005442250832797199,0.003671982971683333,0.034770215929588566,0.0018332032453363333,0.23458334555426508,0.025144817795500235,0.013601407878458732,0.14274326501027845,0.5,0.125,0.2731627561465886,0.1666666666666666,0.09114012437515993,0.007184473782895433,0.25,0.021867654102498534,0.0064294678007052325,0.1111111111111111,0.16220132489088723,0.010175157504378368,0.027453654109547365,0.19269654086488328,0.011533982962554333,0.08382190862505819,0.029617630532043266,0.0297426172018022
47,2048,0.0005623413251903,32,ICEH,2246305.0,2278146,0.23973995,0.6029190328522464,0.6541702735501704,0.025823942088761334,0.0010893246187363666,0.0108070360288176,0.07188581568673323,0.0008105271523673667,0.008703275823013034,0.0056730942992868,0.05588926544577974,0.002248327373730267,0.35380057766662304,0.03460509224048736,0.045599492786625895,0.17358994368776984,0.6362584025745727,0.2618828661238014,0.28632124233007816,0.17308099904653537,0.12264639757158534,0.0091973562305605,0.25357718573441707,0.014587615343033267,0.0025789102712179333,0.11323923696889175,0.08872111265710048,0.004730273752012866,0.03392878050412293,0.20517333377218863,0.004535147392290233,0.09940534286540881,0.02441860465116277,0.026815276815276765
48,2048,0.0005623413251903,32,SCARF,2746176.0,2738946,0.23272159333333334,0.6066917353203354,0.6550414276255797,,,,,,,,,,,,,,,,,,,,,,,,,,,,,,,
49,2048,0.0005623413251903,32,SUBTAB,2260448.0,2260514,0.19383230666666665,0.6046475385421637,0.6448382923135355,,,,,,,,,,,,,,,,,,,,,,,,,,,,,,,
50,2048,0.0005623413251903,64,CONTROL,,1231746,,,0.6455108455405089,,,,,,,,,,,,,,,,,,,,,,,,,,,,,,,
51,2048,0.0005623413251903,64,GMC,4938752.0,2348738,0.10654008333333333,0.5989961317482814,0.655440479973277,0.02256966738600613,0.0032936691814745337,0.0087183843694999,0.027884084635878534,0.0018061539048253668,0.0043457596047270335,0.005672100625662968,0.05327653276209356,0.0032984889042120998,0.21104450579857348,0.033757641050305494,0.005351821443775433,0.1428571428571428,0.5,0.125,0.2658889979134896,0.1666666666666666,0.09110815189039285,0.0091973562305605,0.25,0.020270425203093568,0.003615775968061333,0.1111111111111111,0.1263227513227513,0.004730273752012866,0.02285209810477003,0.19009939009794188,0.008842005270576667,0.08441558441558439,0.017069880510682135,0.020747770961245367
52,2048,0.0005623413251903,64,ICEH,2250433.0,2377602,0.31213449666666665,0.6093338454804741,0.6558359541757203,0.013898745325071467,0.002175100948812367,0.004831171559103067,0.08474493049790832,0.001461826071894716,0.005045662374872,0.0126937112405933,0.0862423820015595,0.0133783211422841,0.4140392393050086,0.03812000734021947,0.11467148113071125,0.1872760267220367,0.7438611961337123,0.321646003580852,0.32089084068388773,0.20558817308492325,0.13131389426892104,0.0136961485010919,0.2478319357128507,0.013919387319451798,0.0044474755177096,0.1047722714096651,0.1255824830490477,0.0035904974317383,0.02148057703613253,0.17547253095517942,0.0069007783293497,0.08456092783513326,0.024215352618642435,0.014055080721747366
53,2048,0.0005623413251903,64,SCARF,2758528.0,2746242,0.20334019333333334,0.6063653988666102,0.6515231859581512,,,,,,,,,,,,,,,,,,,,,,,,,,,,,,,
54,2048,0.0005623413251903,64,SUBTAB,2315840.0,2315970,0.16457408666666667,0.6022135439038291,0.6476753984632486,,,,,,,,,,,,,,,,,,,,,,,,,,,,,,,
55,2048,0.0005623413251903,128,CONTROL,,2717442,,,0.6483801909123114,,,,,,,,,,,,,,,,,,,,,,,,,,,,,,,
56,2048,0.0005623413251903,128,GMC,4959360.0,2750466,0.11650970666666667,0.5991192776508277,0.6537127900687784,0.0303777148206727,0.002175100948812367,0.006221752513538133,0.021524024708839934,0.0010854256030326335,0.002222617354196267,0.005544642147713267,0.06353953168802533,0.0028994577797843667,0.21654362862288168,0.030236267247162166,0.023259594658681066,0.1428571428571428,0.5,0.125,0.25624930373729954,0.1666666666666666,0.09101770392092971,0.0010416666666666667,0.25,0.0229520378368343,0.002784209473172667,0.1111111111111111,0.1263227513227513,0.008403684912525466,0.025030525030524997,0.18840136661758677,0.0052705766991480996,0.08441558441558439,0.024215352618642435,0.0352287383537383
57,2048,0.0005623413251903,128,ICEH,2258689.0,2766978,0.32317724,0.6078114954992662,0.6518660377243067,0.042543441901384704,0.002171552660152,0.004831171559103067,0.13542147778277663,0.0013216621593874333,0.014227396338919068,0.009033525839900301,0.08980843754615232,0.013716216377353735,0.3298955286610531,0.04449171529219626,0.1423369084160547,0.21401240273430408,0.7006212559944114,0.285348671390904,0.3276825511112509,0.244360902387991,0.1640889796186645,0.0091973562305605,0.25484355955391597,0.0276579175878081,0.0029533778697658,0.09797001697306462,0.12750460466410096,0.011893637528356633,0.01609105180533747,0.208953601386242,0.0046332046332046,0.0734098987070152,0.0310709727736812,0.026815276815276765
58,2048,0.0005623413251903,128,SCARF,2783232.0,2766978,0.25936238333333334,0.6154547692969426,0.6504296959577467,,,,,,,,,,,,,,,,,,,,,,,,,,,,,,,
59,2048,0.0005623413251903,128,SUBTAB,2438912.0,2439170,0.16963678000000001,0.6026340909989952,0.6511051604700684,,,,,,,,,,,,,,,,,,,,,,,,,,,,,,,
60,2048,0.001,32,CONTROL,,584130,,,0.6430613560031685,,,,,,,,,,,,,,,,,,,,,,,,,,,,,,,
61,2048,0.001,32,GMC,4931520.0,2246178,0.15324849,0.6026890904204755,0.6530740788031544,0.0185114235242619,0.0054980137442127335,0.010207515645124567,0.019854127432831867,0.0010854256030326335,0.002187697251391467,0.003799441449633,0.048006550285722066,0.0014589009719089333,0.22039935245360467,0.0235080746789923,0.026774776697568267,0.1444103055022495,0.5,0.125,0.2885254540989669,0.1666666666666666,0.09263062739015804,0.0055741678247634005,0.24947254375708336,0.021938255455104902,0.0039543788707667995,0.1111111111111111,0.12534548164073891,0.0119942816507399,0.036857016004253666,0.18832595276515607,0.0069007783293497,0.08431458774133538,0.022842460330840766,0.023711874853599966
62,2048,0.001,32,ICEH,2246305.0,2278146,0.32917855333333335,0.6126134176219625,0.6550427742708467,0.03925167966815543,0.004379445511550534,0.0070963243532793,0.07980347027674073,0.0010909275019737668,0.003936956599503699,0.004982919938330999,0.06437426316513553,0.005506085468804067,0.23739970056434237,0.04169004550906671,0.0413041140496097,0.18508475989031747,0.6962500806087574,0.2124452711524373,0.29413980802747103,0.17997910361723587,0.1350387554277117,0.006914251207729466,0.24803814509696862,0.015271709846608602,0.002898550724637667,0.11361921255697273,0.1302537926508666,0.0024330900243309,0.015364265364265333,0.1896360213945634,0.0097750812036526,0.08565084478773316,0.0046511627906976665,0.0328658328658328
63,2048,0.001,32,SCARF,2746176.0,2738946,0.23252688,0.6151749388030465,0.6520117925331594,,,,,,,,,,,,,,,,,,,,,,,,,,,,,,,
64,2048,0.001,32,SUBTAB,2260448.0,2260514,0.16046048999999998,0.6013114051738957,0.6484770014899283,,,,,,,,,,,,,,,,,,,,,,,,,,,,,,,
65,2048,0.001,64,CONTROL,,1231746,,,0.6452936871386417,,,,,,,,,,,,,,,,,,,,,,,,,,,,,,,
66,2048,0.001,64,GMC,4938752.0,2348738,0.16587767333333334,0.6014276382296256,0.6514436226312061,0.02567404169091497,0.002204344562738167,0.0100890237682418,0.0276840199367689,0.0007238927035388001,0.002222617354196267,0.005544642147713267,0.06407371892311677,0.0028994577797843667,0.2280914790958255,0.045259084609499005,0.018326456544809567,0.14311179017061368,0.5,0.125,0.27496037427467973,0.1666666666666666,0.09142029134166867,0.0092398174264345,0.25,0.019438144305899335,0.0034538783702663003,0.1111111111111111,0.1261940165787294,0.009633080617364767,0.0222818590905399,0.18698158090738437,0.0022927385257792035,0.08441558441558439,0.023550195262762034,0.026188079731050463
67,2048,0.001,64,ICEH,2250433.0,2377602,0.24884946,0.6082192503247391,0.6544135443648176,0.027149655257137865,0.0032608772788883674,0.008480806595599398,0.0761613443703754,0.0014525819875572336,0.006343289467121333,0.006745039127873967,0.0809463430272437,0.010421783028821067,0.3393070816371579,0.0280387431433537,0.13269327035229453,0.17299412602814798,0.6879963947125444,0.3037018295438567,0.31345915329190244,0.18709813891172156,0.15714730336002444,0.009329710144927533,0.25624716988435237,0.0240871240073478,0.0019871942948866002,0.11963567129943146,0.11523363498366716,0.0070627196539605,0.017094017094017068,0.1691987013709292,0.0069160997732425995,0.08560262061826424,0.03254868595197577,0.009259259259259233
68,2048,0.001,64,SCARF,2758528.0,2746242,0.20015084333333333,0.6075683450374144,0.6504756967669727,,,,,,,,,,,,,,,,,,,,,,,,,,,,,,,
69,2048,0.001,64,SUBTAB,2315840.0,2315970,0.16615774333333333,0.6028436162408699,0.6472841220955239,,,,,,,,,,,,,,,,,,,,,,,,,,,,,,,
70,2048,0.001,128,CONTROL,,2717442,,,0.6481800786866548,,,,,,,,,,,,,,,,,,,,,,,,,,,,,,,
71,2048,0.001,128,GMC,4959360.0,2750466,0.20143133,0.6034238910930952,0.6527362399219263,0.029799041143836764,0.002175100948812367,0.008095852442634768,0.07244375311298583,0.0014469585025265002,0.004410314605587767,0.007471424421316333,0.07628822822471223,0.0,0.22526603304184803,0.025800379588511068,0.04026090321535953,0.1428571428571428,0.5,0.125,0.26579056444803867,0.1666666666666666,0.09104554713963868,0.006810422255716934,0.25,0.018754830078437635,0.0019523768687648001,0.1111111111111111,0.11823993008596889,0.002703533855734767,0.024988529015788602,0.18810036667418004,0.0053692759000021325,0.08441558441558439,0.03039049289319683,0.0265626684376684
72,2048,0.001,128,ICEH,2258689.0,2766978,0.25583097,0.6084278220853035,0.6511213166712317,0.028645026835918935,0.003297217470134933,0.009662343118206134,0.12061989474975243,0.0010830881058376668,0.007010960262851866,0.006369000277191267,0.09364413862684373,0.010309369239460934,0.3135642470870275,0.0309774314269361,0.16810874335944784,0.22081693268434233,0.72195989401987,0.3166463244191193,0.3174305536525778,0.18613739454259315,0.15956590476551924,0.0046985639600291,0.25453761061629937,0.016380896084203966,0.0009661835748792,0.11413495736056867,0.14269787130819697,0.0131516890581473,0.0364265364265364,0.16037808377796645,0.0011337868480725333,0.0723473350242171,0.03196729060313857,0.0
73,2048,0.001,128,SCARF,2783232.0,2766978,0.22338084333333333,0.6087482787090984,0.6540777432562348,,,,,,,,,,,,,,,,,,,,,,,,,,,,,,,
74,2048,0.001,128,SUBTAB,2438912.0,2439170,0.18165945666666664,0.6030736994354243,0.6455415064202364,,,,,,,,,,,,,,,,,,,,,,,,,,,,,,,
75,2048,0.0017782794100389,32,CONTROL,,584130,,,0.6492482178910718,,,,,,,,,,,,,,,,,,,,,,,,,,,,,,,
76,2048,0.0017782794100389,32,GMC,4931520.0,2246178,0.22153140000000002,0.5954181240150733,0.6503894339426315,0.0332285186736204,0.002207892851398533,0.0075193436021138,0.0548857256792096,0.0007230657989877,0.005442250832797199,0.003799441449633,0.04516095506726653,0.0021325090688960667,0.22100858652654687,0.031124254214622765,0.044277751323835,0.1435377096228019,0.5,0.125,0.2924801890112078,0.1666666666666666,0.0928997938415206,0.0043664383561643665,0.24928316847764018,0.0135733549637125,0.0029533778697658,0.1111111111111111,0.12610273733859031,0.007153658063883021,0.024343530171075534,0.19354816080666523,0.004519825948397334,0.08203034196865813,0.023862382076689,0.02806441055100777
77,2048,0.0017782794100389,32,ICEH,2246305.0,2278146,0.29778051,0.6114065177674105,0.6551609877769989,0.024825598579839302,0.002204344562738167,0.0097323600973236,0.055433085885733764,0.0018093183065714669,0.006345147149794367,0.0017791337696037865,0.06683991561323496,0.005211661581819366,0.385298474192671,0.04587793268966117,0.11570625954323503,0.1818044007474592,0.7609635316256397,0.2856770415512179,0.3056704433355198,0.19789850742561385,0.16706186145315174,0.0043664383561643665,0.2483671904606726,0.0246577605401134,0.0069773915927762,0.10721521115674887,0.1339575301630803,0.0024330900243309,0.033577533577533535,0.19910577246630204,0.009153030581601967,0.07532833085403028,0.01608527131782943,0.026815276815276765
78,2048,0.0017782794100389,32,SCARF,2746176.0,2738946,0.22524346333333334,0.613379630262855,0.6523089695264704,,,,,,,,,,,,,,,,,,,,,,,,,,,,,,,
79,2048,0.0017782794100389,32,SUBTAB,2260448.0,2260514,0.17691842666666666,0.6023523004576424,0.6496529388484885,,,,,,,,,,,,,,,,,,,,,,,,,,,,,,,
80,2048,0.0017782794100389,64,CONTROL,,1231746,,,0.647006021357961,,,,,,,,,,,,,,,,,,,,,,,,,,,,,,,
81,2048,0.0017782794100389,64,GMC,4938752.0,2348738,0.22628099000000002,0.5959513340625774,0.6536948694758048,0.0285209407824011,0.0054723184189473,0.0075496243347864,0.10094768368021344,0.0014501229042726,0.002222617354196267,0.0055534805985096,0.0637059237754338,0.0028866884058508006,0.2300308946759665,0.030901588944618502,0.0678486350591301,0.14285576544506803,0.5,0.125,0.282729750088151,0.1666666666666666,0.0915749726646893,0.006781897293362434,0.25,0.0234456545570985,0.0039395711636514,0.1111111111111111,0.12462065380735916,0.007178047417299366,0.0247527719987348,0.191079106335479,0.007014157014156967,0.08441558441558439,0.024326120288610132,0.026644275577277766
82,2048,0.0017782794100389,64,ICEH,2250433.0,2377602,0.4134389733333334,0.6126062079299214,0.6549254871006758,0.020838880273006566,0.0011185682326621666,0.0102425241346833,0.0868676668980665,0.0010909275019737668,0.006659313213919966,0.005199652267126767,0.07422553816875427,0.0091573238412792,0.3053441299573565,0.03718057575163653,0.12590780527938833,0.18671522204557967,0.7190022969942321,0.2886012347756422,0.33627353246924924,0.18411549627700316,0.12546843540255645,0.0044987922705314,0.2486388379723755,0.0189451647117795,0.0029733875887722,0.112496372494795,0.09830388006070583,0.007264007898727033,0.010683760683760667,0.17755083021003806,0.0069007783293497,0.0801339830325337,0.024215352618642435,0.026815276815276765
83,2048,0.0017782794100389,64,SCARF,2758528.0,2746242,0.24261572,0.6128097857580838,0.6532760357231188,,,,,,,,,,,,,,,,,,,,,,,,,,,,,,,
84,2048,0.0017782794100389,64,SUBTAB,2315840.0,2315970,0.17336090666666668,0.6018368711234191,0.6451414091346527,,,,,,,,,,,,,,,,,,,,,,,,,,,,,,,
85,2048,0.0017782794100389,128,CONTROL,,2717442,,,0.6480304640486153,,,,,,,,,,,,,,,,,,,,,,,,,,,,,,,
86,2048,0.0017782794100389,128,GMC,4959360.0,2750466,0.23809988666666668,0.5950484238181085,0.6514798525608004,0.024121716052841233,0.004379445511550534,0.007572006182887568,0.09584209081914075,0.0014446210053315,0.0021580623533355332,0.007289842845793533,0.0771694236741333,0.0021636226068631,0.21663416853641101,0.023943439620088002,0.06808771791507447,0.14313058372061085,0.5,0.125,0.2725147176421276,0.1666666666666666,0.09150826273807477,0.006781897293362434,0.25,0.021530355798844335,0.0019871942948866002,0.1111111111111111,0.1264738164153014,0.008260957473189466,0.024958188549796836,0.18917028452667262,0.009368746406457766,0.08441558441558439,0.028943234018840136,0.026806231920230333
87,2048,0.0017782794100389,128,ICEH,2258689.0,2766978,0.3396204333333333,0.6147283806081115,0.6534511922487578,0.021641776288507202,0.005530805646798934,0.0048661800486618,0.12542656074479097,0.0003646973012399667,0.008466434982565134,0.006614114555758166,0.0907974330406199,0.0103531437034659,0.411845468615701,0.04855420556826343,0.14131843650831194,0.2111050638625743,0.7457593023254074,0.3218055506194884,0.3316999936650598,0.2195767725957004,0.15811065345744044,0.0090650023161935,0.24956340801634327,0.034605335549112694,0.0034516765285996,0.10623385074702286,0.09639654437655647,0.007163363776343766,0.029914529914529902,0.18582967393036767,0.015955751670037332,0.08101641459343527,0.024215352618642435,0.02943969610636273
88,2048,0.0017782794100389,128,SCARF,2783232.0,2766978,0.23157295,0.6006138406966197,0.6499897335796522,,,,,,,,,,,,,,,,,,,,,,,,,,,,,,,
89,2048,0.0017782794100389,128,SUBTAB,2438912.0,2439170,0.18812550333333333,0.6006906630038796,0.6479190100609235,,,,,,,,,,,,,,,,,,,,,,,,,,,,,,,
90,2048,0.0031622776601683,32,CONTROL,,584130,,,0.6508427875314303,,,,,,,,,,,,,,,,,,,,,,,,,,,,,,,
91,2048,0.0031622776601683,32,GMC,4931520.0,2246178,0.23694425333333333,0.5932871330962245,0.6495639139298768,0.025010634067648932,0.004408689125476367,0.0050862535777829,0.05902841993115463,0.0025308735129153,0.002187697251391467,0.008353630911758234,0.037817610992623464,0.0021636226068631,0.21734263175197435,0.021224615803217665,0.04101963020710447,0.14604549967721261,0.5,0.125,0.28826630127018465,0.1666666666666666,0.09221190003062125,0.0024154589371980667,0.25138801061238625,0.025966664880936033,0.0009861932938856,0.1111111111111111,0.1276910469726266,0.004848548961528966,0.0252975243443813,0.19006107469421926,0.009168352025494833,0.08455176279553504,0.023271058940136164,0.025219166830743198
92,2048,0.0031622776601683,32,ICEH,2246305.0,2278146,0.24596584,0.6101990576902705,0.6557207904763204,0.0130709546191705,0.0,0.007554352091672534,0.039208046462700964,0.0,0.002961504557966633,0.0092899604997732,0.06161150126209036,0.0033960117646929335,0.35401946429070913,0.030439839335497834,0.05498252535648437,0.1647628245725713,0.6654283702727172,0.1803832070125373,0.2888127239774068,0.18224049357159755,0.12247415057009643,0.0020833333333333333,0.2518202782571551,0.020249872676343234,0.0029533778697658,0.11442673209903104,0.12713669274741304,0.006239935587761633,0.017094017094017065,0.14827116554614234,0.0022675736961451,0.08820326138507954,0.01608527131782943,0.022079772079772034
93,2048,0.0031622776601683,32,SCARF,2746176.0,2738946,0.25256508666666666,0.6077274460158265,0.6525923852788377,,,,,,,,,,,,,,,,,,,,,,,,,,,,,,,
94,2048,0.0031622776601683,32,SUBTAB,2260448.0,2260514,0.20474273333333334,0.6011128184292213,0.6473996218973914,,,,,,,,,,,,,,,,,,,,,,,,,,,,,,,
95,2048,0.0031622776601683,64,CONTROL,,1231746,,,0.6483132918899396,,,,,,,,,,,,,,,,,,,,,,,,,,,,,,,
96,2048,0.0031622776601683,64,GMC,4938752.0,2348738,0.23755232333333334,0.6007865469398588,0.6489948975390195,0.0173252671598981,0.004346653608964367,0.0053763440860215,0.0954201755465419,0.0014437941007803667,0.004410314605587767,0.005672100625662968,0.05858732021636907,0.003591410040805,0.22864241469565175,0.0229225922255168,0.05725346018440103,0.14397898651335475,0.5,0.125,0.2896901944759947,0.1666666666666666,0.09203486461122373,0.011480461253391567,0.24980279426184207,0.019203923144094703,0.003919561444645034,0.1111111111111111,0.1275417796245603,0.0142260834303043,0.030020864581379633,0.18877004049284138,0.002252252252252233,0.0845849802973529,0.02405657117568223,0.026621407132053566
97,2048,0.0031622776601683,64,ICEH,2250433.0,2377602,0.34315148999999995,0.6092863339294038,0.6549073303047294,0.0259306929282048,0.0022371364653243665,0.0141297369450801,0.07082448689901513,0.0019912535049159,0.003908862465925233,0.0018922681726375769,0.07334558271033566,0.004676784548866567,0.31525532354824665,0.04141208156443677,0.07405370898044493,0.16844037212225005,0.6657130631971161,0.2322251968938952,0.2889414042684031,0.18525038643427508,0.12839362210324032,0.0044987922705314,0.24282732513112606,0.022967587967587934,0.002002002002002,0.105439057203921,0.08769306057779132,0.0,0.0199430199430199,0.227033195344898,0.009281730710302067,0.07752430162275199,0.02383720930232557,0.026815276815276765
98,2048,0.0031622776601683,64,SCARF,2758528.0,2746242,0.2664917233333333,0.6098639630213888,0.6542491374576781,,,,,,,,,,,,,,,,,,,,,,,,,,,,,,,
99,2048,0.0031622776601683,64,SUBTAB,2315840.0,2315970,0.17786908333333332,0.6081355090787669,0.6463312418356189,,,,,,,,,,,,,,,,,,,,,,,,,,,,,,,
100,2048,0.0031622776601683,128,CONTROL,,2717442,,,0.6491689076666716,,,,,,,,,,,,,,,,,,,,,,,,,,,,,,,
101,2048,0.0031622776601683,128,GMC,4959360.0,2750466,0.25228767333333335,0.5948245076742076,0.6421360658714568,0.017870303034263468,0.0032936691814745337,0.005121262067341634,0.0731019540692865,0.0021708512060653333,0.0011261261261261,0.0054905190501401665,0.056945765262838004,0.0007230657989877,0.2137136238377115,0.0224096874107669,0.034228751428042166,0.14275949134347077,0.5,0.125,0.28010231022776316,0.1666666666666666,0.09185978412205774,0.0118125868572563,0.2501540910365984,0.027892669061215635,0.0029881952958876,0.1111111111111111,0.125456039121593,0.009697097923057932,0.024798355644437234,0.1907310285119956,0.0046332046332046,0.08437633178565818,0.0240678816631936,0.026804962049906036
102,2048,0.0031622776601683,128,ICEH,2258689.0,2766978,0.34975173333333337,0.6127377214763751,0.6544635110911798,0.026548962375028896,0.0,0.005121262067341634,0.09988964011860237,0.0009003260029421,0.0085395503450712,0.005945871453800399,0.08839972955176746,0.008335344965727933,0.36602534953763793,0.04155014019362383,0.13672638133148993,0.20754991076685955,0.7531428363240491,0.3271161538094021,0.3282787702508225,0.1846164891635019,0.15427381438250073,0.008732876712328768,0.25379563686522205,0.019218794011885632,0.0044822929438314,0.09930421309630462,0.09725364254532665,0.004730273752012866,0.027879527879527837,0.25846616537832084,0.0127397805969234,0.08955325918446044,0.024215352618642435,0.034327917661250935
103,2048,0.0031622776601683,128,SCARF,2783232.0,2766978,0.28892964000000004,0.6029199659251281,0.6503016855271434,,,,,,,,,,,,,,,,,,,,,,,,,,,,,,,
104,2048,0.0031622776601683,128,SUBTAB,2438912.0,2439170,0.18756598666666666,0.6008709307534597,0.6456551620332855,,,,,,,,,,,,,,,,,,,,,,,,,,,,,,,
105,2048,0.0056234132519034,32,CONTROL,,584130,,,0.6448672122966825,,,,,,,,,,,,,,,,,,,,,,,,,,,,,,,
106,2048,0.0056234132519034,32,GMC,4931520.0,2246178,0.19534192333333333,0.5991112175723117,0.6461310780412032,0.023424419798808268,0.003297217470134933,0.002398081534772167,0.0438677312218966,0.0,0.004375394502783,0.007471424421316333,0.03881257064513403,0.0021636226068631,0.21828776219539636,0.025136397314459366,0.034499969078703695,0.14618484017413128,0.5,0.125,0.288411960026671,0.1666666666666666,0.09429581221591297,0.0043664383561643665,0.24843239328538202,0.028227294724374703,0.0019523768687648001,0.11153140467656593,0.12878390653673735,0.0070627196539605,0.027234831294249136,0.19134442622318804,0.0069007783293497,0.08431344030882953,0.0284415595929631,0.027077203222451968
107,2048,0.0056234132519034,32,ICEH,2246305.0,2278146,0.24611101999999999,0.6157386041601913,0.6538231349706592,0.04620188814179186,0.002175100948812367,0.002398081534772167,0.08568559479870164,0.0025418773107975332,0.0033607106939322335,0.006353513257778567,0.04214021560535484,0.0025884596776326,0.36211385731792345,0.025404933491267895,0.0613952436681888,0.18991396499597013,0.6826755658734766,0.20008407380815876,0.2594717654347358,0.16923215587711482,0.12396494965472704,0.006649543378995433,0.25308020023181044,0.010570610936361866,0.0029733875887722,0.11006087727904436,0.16888441549367475,0.0,0.020757020757020735,0.19083545748560346,0.0069160997732425995,0.09058624596810667,0.032170542635658904,0.036383178049844665
108,2048,0.0056234132519034,32,SCARF,2746176.0,2738946,0.31739065,0.6137550632305108,0.6510179678988454,,,,,,,,,,,,,,,,,,,,,,,,,,,,,,,
109,2048,0.0056234132519034,32,SUBTAB,2260448.0,2260514,0.21034434666666665,0.6026213861336808,0.6469525517493006,,,,,,,,,,,,,,,,,,,,,,,,,,,,,,,
110,2048,0.0056234132519034,64,CONTROL,,1231746,,,0.6480472051455696,,,,,,,,,,,,,,,,,,,,,,,,,,,,,,,
111,2048,0.0056234132519034,64,GMC,4938752.0,2348738,0.14965494999999998,0.5928352375279942,0.653646383330805,0.024032979878119934,0.0032936691814745337,0.0075193436021138,0.06140514801738097,0.0025387129090514,0.0010615711252653667,0.0054171836697636,0.03851797570507587,0.0007230657989877,0.2282976206201546,0.027678809740561833,0.0292309922081788,0.1456042657374153,0.5,0.125,0.29344823858720454,0.1666666666666666,0.09340381242419032,0.0044987922705314,0.24901426589834239,0.023066726807170732,0.0059563808727688,0.11106873463852868,0.1260806518096505,0.0071809948634766,0.027744711666353433,0.185489964794918,0.0022675736961451,0.0853942171679391,0.02140271691926313,0.026646357879192534
112,2048,0.0056234132519034,64,ICEH,2250433.0,2377602,0.24029389999999998,0.6162231957235932,0.6521049381445989,0.025939591304720833,0.0011185682326621666,0.009917425136885967,0.08319394257545804,0.0014469585025265002,0.0012815466987357667,0.004099555442510967,0.0520577038204497,0.004778286858926434,0.3703640035194618,0.034488107477971736,0.08323150023392824,0.19808696220418162,0.7171849865871517,0.2844254470738976,0.3158318040395241,0.1904397357614743,0.1561951896978154,0.011480461253391567,0.24767121584601895,0.0156399933562436,0.0024454735157076,0.10236664558212673,0.14733236885064177,0.0023148148148148,0.0443630443630443,0.18103938376092843,0.0022675736961451,0.11058884743601026,0.01608527131782943,0.017806267806267765
113,2048,0.0056234132519034,64,SCARF,2758528.0,2746242,0.31472626333333337,0.6076758203204248,0.6556010208600406,,,,,,,,,,,,,,,,,,,,,,,,,,,,,,,
114,2048,0.0056234132519034,64,SUBTAB,2315840.0,2315970,0.2079149,0.6043347446189978,0.6479044292411694,,,,,,,,,,,,,,,,,,,,,,,,,,,,,,,
115,2048,0.0056234132519034,128,CONTROL,,2717442,,,0.6518120159879085,,,,,,,,,,,,,,,,,,,,,,,,,,,,,,,
116,2048,0.0056234132519034,128,GMC,4959360.0,2750466,0.12929640333333334,0.6010227915700912,0.6439826702779113,0.024885817808590435,0.0033264610840607334,0.010207515645124567,0.06015057244249103,0.0025323841055591664,0.005471885730853166,0.008098713955858866,0.0488043398311479,0.002905032569884334,0.21861558315344568,0.0202937174607508,0.0523006028690553,0.14363081998936297,0.5,0.125,0.29013881116298673,0.1666666666666666,0.09206919526859124,0.011280689563893833,0.2494149956331333,0.025581043292841568,0.0039395711636514,0.11117849131687986,0.12654831564879937,0.0072992700729927,0.024098815981729197,0.19261003939842616,0.0069007783293497,0.08443298885290319,0.0238254949787088,0.0262241246744133
117,2048,0.0056234132519034,128,ICEH,2258689.0,2766978,0.28289987333333333,0.6111593493109991,0.6523678366751748,0.022327870084144497,0.002175100948812367,0.0024330900243309,0.08888255576397634,0.0007230657989877,0.0030008759750935667,0.005726223723236066,0.06443913166772473,0.003676450811805367,0.4054100196967554,0.03184079483815103,0.07331966747110151,0.1690009934806422,0.7203066065366484,0.27880869398034486,0.2713500940279669,0.17524146159130194,0.13862206756477743,0.0,0.24961311796320218,0.02392360106435733,0.0014940976479438,0.1133590052202566,0.13152453189022784,0.0,0.033577533577533535,0.17504342564845776,0.002380952380952367,0.08631501869506064,0.01608527131782943,0.026815276815276765
118,2048,0.0056234132519034,128,SCARF,2783232.0,2766978,0.2946024333333333,0.6075065481591501,0.6511763253951875,,,,,,,,,,,,,,,,,,,,,,,,,,,,,,,
119,2048,0.0056234132519034,128,SUBTAB,2438912.0,2439170,0.21956763999999998,0.6006378869633209,0.64250906398588,,,,,,,,,,,,,,,,,,,,,,,,,,,,,,,
120,2048,0.01,32,CONTROL,,584130,,,0.6489719900851373,,,,,,,,,,,,,,,,,,,,,,,,,,,,,,,
121,2048,0.01,32,GMC,4931520.0,2246178,0.15286897666666666,0.5950877273788536,0.6489318293876862,0.023619769519769167,0.002207892851398533,0.004831171559103067,0.06037532187043917,0.0010854256030326335,0.0032841884794616335,0.005544642147713267,0.0376676473761799,0.0021636226068631,0.22489275830364122,0.024506313803188268,0.03362345183281817,0.14187046077040685,0.5,0.12495803961060757,0.29786757900261657,0.1666666666666666,0.0927293147332096,0.006781897293362434,0.250056660452757,0.019415111510108635,0.0029533778697658,0.110744612411374,0.12710906791208934,0.007163363776343766,0.03242170689515027,0.1880172828904864,0.0069007783293497,0.0830273035182379,0.017172403345968965,0.020435942783798768
122,2048,0.01,32,ICEH,2246305.0,2278146,0.28317099333333334,0.6135936941397709,0.5442463895084863,0.02143156284996887,0.0009950139638256002,0.0090486942914714,0.0779977164947725,0.0017584731930266999,0.0031453646914172666,0.005017031679259633,0.043318189905466174,0.004521384902557567,0.2578221529634183,0.024188567662378632,0.06038431162754371,0.20365433739895625,0.5649545366608628,0.19624387130558343,0.2744924918898981,0.15582333152734185,0.12178670008385561,0.0030384414591283666,0.2470529946789786,0.01903732433144197,0.0014840927884406001,0.11322817741103486,0.1303914077177144,0.005602522812667734,0.020374687041353666,0.18324832431735513,0.010519448019447966,0.08864218820743817,0.015960206304553033,0.027927227927227866
123,2048,0.01,32,SCARF,2746176.0,2738946,0.3829142233333333,0.5976250942788103,0.6495899118940178,,,,,,,,,,,,,,,,,,,,,,,,,,,,,,,
124,2048,0.01,32,SUBTAB,2260448.0,2260514,0.2588796266666667,0.5975423406862578,0.6503499885124291,,,,,,,,,,,,,,,,,,,,,,,,,,,,,,,
125,2048,0.01,64,CONTROL,,1231746,,,0.5992017040042491,,,,,,,,,,,,,,,,,,,,,,,,,,,,,,,
126,2048,0.01,64,GMC,4938752.0,2348738,0.17348785,0.598530309980852,0.6478427618132772,0.021952650654630732,0.004924107820918734,0.0075193436021138,0.0566481313194874,0.0016253874550784333,0.0032841884794616335,0.005544642147713267,0.034787208346782,0.0022249422046065667,0.22104808187747949,0.03225914791504544,0.029780569754691833,0.14572645529955383,0.5,0.12478937952388136,0.2963016250694039,0.16658073057639985,0.09271324222299897,0.0066642717871490805,0.2503275282626597,0.022252985809851734,0.0029533778697658,0.11022929588114994,0.12550349971414673,0.008320771183751166,0.024837002759841232,0.18712891585573532,0.0069149506649506,0.0840245044402708,0.024195294872425704,0.026622113866732397
127,2048,0.01,64,ICEH,2250433.0,2377602,0.27627307,0.6118441291824946,0.6459243500609418,0.03435121021908374,0.00019433311462623332,0.006930835639575468,0.07883929722050916,0.0018061539048253668,0.0047852999511416,0.0048125202690946335,0.0553021375986801,0.005216334136904634,0.25968654975355565,0.023287430906505934,0.06721226699122673,0.1822030338533709,0.6837718449732378,0.23878244374106186,0.26232183070338266,0.15645616756928718,0.12875902840761577,0.0055549993994637665,0.24609133002960584,0.0209402634402634,0.0040603254273003,0.10790591670787959,0.15270924015167767,0.0040857908451296,0.013695480480787966,0.17361956664415987,0.007732226569761566,0.07446126269467761,0.01601798301546487,0.021950753420666002
128,2048,0.01,64,SCARF,2758528.0,2746242,0.35197228333333336,0.6074220993701636,0.6521363616226777,,,,,,,,,,,,,,,,,,,,,,,,,,,,,,,
129,2048,0.01,64,SUBTAB,2315840.0,2315970,0.28385024333333336,0.6046000212108736,0.6490264343843538,,,,,,,,,,,,,,,,,,,,,,,,,,,,,,,
130,2048,0.01,128,CONTROL,,2717442,,,0.650280822212092,,,,,,,,,,,,,,,,,,,,,,,,,,,,,,,
131,2048,0.01,128,GMC,4959360.0,2750466,0.21915180999999997,0.5823668315966639,0.6450225219009924,0.030273955369812266,0.0022371364653243665,0.009965830729990901,0.02898437276382927,0.0014501229042726,0.003324799265686433,0.005699280184252034,0.029259260700953065,0.0014589009719089333,0.2236240900464704,0.026525502163508397,0.026691998572757503,0.1528987301515282,0.5,0.12509811389775025,0.28956120604220364,0.16501364349614744,0.10773212931449057,0.012148232517468866,0.2492269923126599,0.016225980430663565,0.0041696997817399,0.10795378190359854,0.12364354853515236,0.0120754333566948,0.02857840009331797,0.179515036164304,0.0082329345132579,0.07983628307505493,0.03313583909743543,0.036613354131320296
132,2048,0.01,128,ICEH,2258689.0,2766978,0.3336485333333334,0.6063522197004546,0.6485723375673805,0.026476857011618365,0.001085776330076,0.004796163069544334,0.11182586610465872,0.0007183908045977,0.004858385714962233,0.005888749532688299,0.07928813098787142,0.0088311580632619,0.36259620109744084,0.03963977518762473,0.07175328679936104,0.20825888369493603,0.6957813303983517,0.2722302211024768,0.31086349176411826,0.19128081218845974,0.15022466116504307,0.0024154589371980667,0.24648302691705,0.019013382913382903,0.0029733875887722,0.11179507674346863,0.10112328292797242,0.004730273752012866,0.024013024013023965,0.16611622173862103,0.0022675736961451,0.09439432140868664,0.016463414634146332,0.017806267806267765
133,2048,0.01,128,SCARF,2783232.0,2766978,0.38672498666666666,0.6131868154730008,0.6034532878478139,,,,,,,,,,,,,,,,,,,,,,,,,,,,,,,
134,2048,0.01,128,SUBTAB,2438912.0,2439170,0.21842669999999997,0.597709110655778,0.6465673048272419,,,,,,,,,,,,,,,,,,,,,,,,,,,,,,,
