,batch_size,learning_rate,latent_dim,model_type,embedder_params,predictor_params,kmeans_perf,knn_perf,predictor_perf,city,area,animal,furniture,rooms,bathroom,parking_spaces,hoa_(BRL),rent_amount_(BRL),property_tax_(BRL),fire_insurance_(BRL)
0,1024,0.0001,32,CLIP,24673.0,36001,0.16260137,0.0015608295,0.0020954283,0.1594202898550724,0.025,0.8888888888888888,0.5233766233766234,4.32608699798584,2.08695650100708,12.0,19.086647033691406,2.9814696311950684,16.309799194335938,2.530329942703247
1,1024,0.0001,32,CONTROL,,36001,,,0.00032893135,,,,,,,,,,,
2,1024,0.0001,32,GMC,570400.0,216673,0.34294626,0.00066960487,0.0006034507,0.2565217391304347,0.075,0.5,0.5311688311688312,0.8260869383811951,1.39130437374115,2.2826087474823,14.106937408447266,0.314297616481781,6.027389526367188,0.2789248526096344
3,1024,0.0001,32,ICEH,221857.0,233185,0.526718,0.000342252,0.00050499267,0.2666666666666666,0.0708333333333333,0.5444444444444444,0.5,1.2826087474822998,1.1739130020141602,2.32608699798584,15.60982894897461,0.0541158616542816,7.135379791259766,0.1326988339424133
4,1024,0.0001,32,MCN,27936.0,36001,0.18056427,0.0020636304,0.0012660391,0.1202898550724637,0.025,0.2888888888888888,0.487012987012987,8.065217018127441,14.65217399597168,17.413043975830078,25.306734085083008,2.8419554233551025,13.094780921936035,2.7326223850250244
5,1024,0.0001,32,SCARF,37024.0,36001,0.22734277,0.0016115461,0.0014366881,,,,,,,,,,,
6,1024,0.0001,32,SUBTAB,28832.0,36001,0.13139653,0.0015308385,0.0004400339,,,,,,,,,,,
7,1024,0.0001,64,CLIP,63681.0,108865,0.17236897,0.0013336658,0.00023181077,0.2608695652173913,0.0333333333333333,0.7888888888888889,0.5298701298701298,0.8695651888847351,1.43478262424469,3.08695650100708,15.54766082763672,1.6925727128982544,7.437203407287598,0.6999374628067017
8,1024,0.0001,64,CONTROL,,108865,,,0.00028544993,,,,,,,,,,,
9,1024,0.0001,64,GMC,574528.0,254657,0.35451102,0.0006555504,0.000112071895,0.2318840579710145,0.05,0.5,0.6077922077922078,0.760869562625885,1.45652174949646,2.2173912525177,14.24294376373291,0.3027874231338501,6.205574989318848,0.2641974091529846
10,1024,0.0001,64,ICEH,225985.0,271169,0.5083081,0.00041587432,0.00020821685,0.3333333333333333,0.1125,0.5,0.5285714285714286,2.17391300201416,1.1956521272659302,1.47826087474823,16.0626220703125,0.0784064456820488,7.062608242034912,0.1960925161838531
11,1024,0.0001,64,MCN,70208.0,108865,0.1789006,0.0020415764,0.00020403547,0.2130434782608695,0.025,0.4666666666666667,0.4857142857142857,5.5217390060424805,7.32608699798584,10.28260898590088,16.621112823486328,2.170451641082764,13.93387222290039,1.5617637634277344
12,1024,0.0001,64,SCARF,112960.0,108865,0.1957762,0.0019494892,0.00019389349,,,,,,,,,,,
13,1024,0.0001,64,SUBTAB,80192.0,108865,0.13316242,0.001343994,0.00061566295,,,,,,,,,,,
14,1024,0.0001,128,CLIP,184705.0,365185,0.16191326,0.0013672338,0.00012048945,0.3067632850241546,0.1083333333333333,0.7888888888888889,0.4649350649350649,1.13043475151062,0.8695651888847351,2.2826087474823,11.658934593200684,0.0718397051095962,7.322487831115723,0.0622808635234832
15,1024,0.0001,128,CONTROL,,365185,,,0.00015522506,,,,,,,,,,,
16,1024,0.0001,128,GMC,582784.0,398209,0.3537793,0.0006748746,9.549693e-05,0.2739130434782608,0.0416666666666666,0.9666666666666668,0.5909090909090909,0.8260869383811951,1.60869562625885,2.26086950302124,13.987756729125977,0.3150325417518616,6.094051361083984,0.271736592054367
17,1024,0.0001,128,ICEH,234241.0,414721,0.464913,0.0003177252,0.00017617788,0.4405797101449275,0.075,0.3888888888888889,0.5662337662337662,2.3043477535247803,2.26086950302124,1.8478261232376096,16.217348098754883,0.0634944662451744,7.835412502288818,0.1243468597531318
18,1024,0.0001,128,MCN,197760.0,365185,0.20825405,0.001748369,0.00022681868,0.2618357487922705,0.0333333333333333,0.8666666666666667,0.4831168831168831,3.73913049697876,4.89130449295044,7.978260993957519,14.587778091430664,1.3887956142425537,10.366070747375488,1.1242241859436035
19,1024,0.0001,128,SCARF,381568.0,365185,0.21610242,0.0016454405,0.00017354806,,,,,,,,,,,
20,1024,0.0001,128,SUBTAB,250496.0,365185,0.13550127,0.0012839517,0.00019132913,,,,,,,,,,,
21,1024,0.0002,32,CLIP,24673.0,36001,0.1400679,0.0016712323,0.00029390623,0.2768115942028985,0.025,0.7222222222222222,0.587012987012987,1.97826087474823,1.82608699798584,16.5,21.881317138671875,1.751630425453186,10.71860694885254,1.5523685216903689
22,1024,0.0002,32,CONTROL,,36001,,,0.00035893856,,,,,,,,,,,
23,1024,0.0002,32,GMC,570400.0,216673,0.3549608,0.0006425327,0.00013344636,0.2652173913043478,0.05,0.4888888888888889,0.5454545454545454,0.6739130616188049,1.2826087474822998,2.04347825050354,15.712080001831056,0.2999509871006012,6.691686153411865,0.2483302056789398
24,1024,0.0002,32,ICEH,221857.0,233185,0.52604616,0.00034716062,0.00019277635,0.3333333333333333,0.075,0.5333333333333333,0.5,1.7608696222305298,1.6956521272659302,1.7608696222305298,15.459832191467283,0.0312335491180419,7.280006885528564,0.0501457825303077
25,1024,0.0002,32,MCN,27936.0,36001,0.21666828,0.0018832269,0.00025788794,0.2521739130434782,0.0416666666666666,0.9222222222222224,0.5363636363636364,5.5652174949646,8.739130020141602,12.15217399597168,18.12748146057129,1.5980865955352783,11.765420913696287,1.3776201009750366
26,1024,0.0002,32,SCARF,37024.0,36001,0.29015014,0.0015342887,0.00019554635,,,,,,,,,,,
27,1024,0.0002,32,SUBTAB,28832.0,36001,0.14631164,0.0015543064,0.00028401436,,,,,,,,,,,
28,1024,0.0002,64,CLIP,63681.0,108865,0.16549525,0.0014706779,0.00013898668,0.344927536231884,0.025,0.7,0.4857142857142857,1.6956521272659302,1.34782612323761,2.10869574546814,12.727738380432127,0.9351983070373536,9.148104667663574,0.6680276989936829
29,1024,0.0002,64,CONTROL,,108865,,,0.00012671926,,,,,,,,,,,
30,1024,0.0002,64,GMC,574528.0,254657,0.34842816,0.00063186814,0.00022746963,0.2652173913043478,0.05,0.4888888888888889,0.5311688311688312,0.695652186870575,1.54347825050354,2.0,14.227396965026855,0.3001402020454407,6.096562385559082,0.2562229931354522
31,1024,0.0002,64,ICEH,225985.0,271169,0.5388986,0.00040506682,7.897444e-05,0.2492753623188405,0.075,0.977777777777778,0.6610389610389611,2.54347825050354,2.45652174949646,9.56521701812744,16.598590850830078,0.0194761510938406,7.449439525604248,0.0385912619531154
32,1024,0.0002,64,MCN,70208.0,108865,0.17810324,0.0018470816,0.00016617365,0.0792270531400966,0.05,0.7888888888888889,0.3532467532467532,4.9347825050354,7.5,12.89130401611328,12.531442642211914,1.322597861289978,10.988892555236816,1.386023759841919
33,1024,0.0002,64,SCARF,112960.0,108865,0.21716194,0.0017327087,0.00016517726,,,,,,,,,,,
34,1024,0.0002,64,SUBTAB,80192.0,108865,0.1205954,0.0013501642,0.0001204848,,,,,,,,,,,
35,1024,0.0002,128,CLIP,184705.0,365185,0.20019257,0.0015289171,0.00019208583,0.3009661835748792,0.0875,0.5888888888888889,0.5272727272727272,1.2391303777694702,1.04347825050354,1.93478262424469,12.419473648071287,0.0562283992767334,5.810553073883057,0.0297444052994251
36,1024,0.0002,128,CONTROL,,365185,,,0.00013123549,,,,,,,,,,,
37,1024,0.0002,128,GMC,582784.0,398209,0.35909966,0.0006484583,0.00014226726,0.2231884057971014,0.075,1.0,0.5766233766233766,0.782608687877655,1.58695650100708,2.04347825050354,14.18251895904541,0.3165187537670135,6.32124137878418,0.2647462487220764
38,1024,0.0002,128,ICEH,234241.0,414721,0.53397125,0.00036482455,0.00015665429,0.3246376811594203,0.1,0.8666666666666667,0.5,4.5217390060424805,2.8913042545318604,7.543478488922119,16.00067138671875,0.0403735823929309,7.937011241912842,0.0490103587508201
39,1024,0.0002,128,MCN,197760.0,365185,0.21045041,0.0015467847,0.00016178751,0.2101449275362318,0.05,0.8222222222222222,0.6155844155844156,3.7173912525177,4.97826099395752,7.543478488922119,10.913833618164062,1.3090773820877075,10.360734939575195,1.1489601135253906
40,1024,0.0002,128,SCARF,381568.0,365185,0.18781242,0.0015757687,0.00012400438,,,,,,,,,,,
41,1024,0.0002,128,SUBTAB,250496.0,365185,0.13183574,0.001386613,0.00010496588,,,,,,,,,,,
42,1024,0.0003,32,CLIP,24673.0,36001,0.15330759,0.0015984429,0.00022333904,0.2188405797101449,0.025,0.7888888888888889,0.5168831168831168,1.93478262424469,1.43478262424469,1.91304349899292,12.553565979003906,1.4035992622375488,4.111684322357178,0.8690465092658997
43,1024,0.0003,32,CONTROL,,36001,,,0.0002691808,,,,,,,,,,,
44,1024,0.0003,32,GMC,570400.0,216673,0.34880033,0.00061489624,0.00020764189,0.2318840579710145,0.1,0.4888888888888889,0.5454545454545454,0.739130437374115,1.2826087474822998,1.82608699798584,15.465620994567873,0.3057667911052704,6.20727014541626,0.2451894134283065
45,1024,0.0003,32,ICEH,221857.0,233185,0.51466316,0.00030582296,0.00014438042,0.3246376811594203,0.1375,0.5555555555555556,0.5545454545454546,3.91304349899292,3.10869574546814,1.36956524848938,15.787901878356934,0.0154703529551625,7.255769729614258,0.0540331564843654
46,1024,0.0003,32,MCN,27936.0,36001,0.18069656,0.0017976797,0.00015646775,0.3202898550724637,0.0583333333333333,0.4555555555555555,0.5701298701298702,3.73913049697876,7.717391490936279,11.34782600402832,17.374366760253906,1.4769939184188845,13.185200691223145,1.396353840827942
47,1024,0.0003,32,SCARF,37024.0,36001,0.25316152,0.001731357,0.0006036449,,,,,,,,,,,
48,1024,0.0003,32,SUBTAB,28832.0,36001,0.17317052,0.0016289029,0.00021740182,,,,,,,,,,,
49,1024,0.0003,64,CLIP,63681.0,108865,0.18607843,0.001552262,0.00017288557,0.2019323671497584,0.0,0.7444444444444445,0.612987012987013,1.47826087474823,1.08695650100708,1.7173912525177002,13.808669090270996,0.1673065423965454,4.5582194328308105,0.0988655313849449
50,1024,0.0003,64,CONTROL,,108865,,,0.00014315652,,,,,,,,,,,
51,1024,0.0003,64,GMC,574528.0,254657,0.33125392,0.0006157857,0.00014115633,0.2739130434782608,0.025,0.4888888888888889,0.5311688311688312,0.6521739363670349,1.1739130020141602,1.91304349899292,15.04141616821289,0.3038041889667511,6.391875743865967,0.2451401203870773
52,1024,0.0003,64,ICEH,225985.0,271169,0.5394569,0.000292373,0.0001584878,0.2,0.075,0.5,0.5,2.17391300201416,2.3043477535247803,2.13043475151062,16.123458862304688,0.0217452980577945,8.013406753540039,0.0393913350999355
53,1024,0.0003,64,MCN,70208.0,108865,0.1962839,0.0016038236,0.0001253204,0.2932367149758453,0.025,0.3444444444444444,0.5844155844155844,3.9347825050354,6.1086955070495605,10.1304349899292,12.535260200500488,1.3295910358428955,9.761068344116213,1.3305753469467163
54,1024,0.0003,64,SCARF,112960.0,108865,0.27878582,0.0015495787,0.000106216525,,,,,,,,,,,
55,1024,0.0003,64,SUBTAB,80192.0,108865,0.2263991,0.0014751189,0.00013301474,,,,,,,,,,,
56,1024,0.0003,128,CLIP,184705.0,365185,0.16753787,0.0013215637,0.0001589479,0.3956521739130434,0.1083333333333333,0.3666666666666666,0.548051948051948,1.3043478727340698,0.739130437374115,1.5,11.83483600616455,0.0389233008027076,4.78712272644043,0.0344028212130069
57,1024,0.0003,128,CONTROL,,365185,,,0.00010386038,,,,,,,,,,,
58,1024,0.0003,128,GMC,582784.0,398209,0.34174368,0.0005988527,0.00017963063,0.2565217391304347,0.1,0.4888888888888889,0.5454545454545454,0.6521739363670349,1.39130437374115,2.04347825050354,16.013090133666992,0.3145944476127624,6.651934623718262,0.2469154298305511
59,1024,0.0003,128,ICEH,234241.0,414721,0.5309971,0.00037328445,0.00017387113,0.2666666666666666,0.1,0.8666666666666667,0.5,2.8478260040283203,2.73913049697876,9.239130020141602,16.39852523803711,0.0241567231714725,7.552421092987059,0.0369571223855018
60,1024,0.0003,128,MCN,197760.0,365185,0.16602845,0.0015050182,0.00015026545,0.2251207729468599,0.1,0.3888888888888889,0.538961038961039,2.5652174949646,5.5217390060424805,7.4347825050354,10.20060920715332,1.282617211341858,8.44806957244873,1.0503336191177368
61,1024,0.0003,128,SCARF,381568.0,365185,0.2802481,0.0012779139,0.0001494626,,,,,,,,,,,
62,1024,0.0003,128,SUBTAB,250496.0,365185,0.17344454,0.0012987102,0.00011059153,,,,,,,,,,,
63,1024,0.0005,32,CLIP,24673.0,36001,0.17524044,0.0015493961,0.00015867552,0.3227053140096618,0.025,0.7777777777777778,0.5727272727272728,2.02173924446106,1.5,1.97826087474823,15.958706855773926,0.270306259393692,8.415703773498535,1.3908870220184326
64,1024,0.0005,32,CONTROL,,36001,,,0.00012705645,,,,,,,,,,,
65,1024,0.0005,32,GMC,570400.0,216673,0.33991387,0.00065883575,0.00019036724,0.2478260869565217,0.025,0.5,0.5454545454545454,0.739130437374115,1.10869562625885,1.6956521272659302,14.686086654663086,0.2497573345899582,6.1013712882995605,0.2328273355960846
66,1024,0.0005,32,ICEH,221857.0,233185,0.5134523,0.00024087273,0.00012222368,0.3159420289855072,0.075,0.5,0.5428571428571428,2.52173924446106,3.2826087474823,2.0652174949646,12.417911529541016,0.0250728912651538,7.524008274078369,0.0295256059616804
67,1024,0.0005,32,MCN,27936.0,36001,0.18537532,0.0015087354,0.00014164127,0.372463768115942,0.0,0.8222222222222222,0.5701298701298702,3.3043477535247803,6.804347991943359,9.65217399597168,15.542202949523926,1.3805394172668457,10.503512382507324,1.3867766857147217
68,1024,0.0005,32,SCARF,37024.0,36001,0.22477409,0.0014735248,8.295924e-05,,,,,,,,,,,
69,1024,0.0005,32,SUBTAB,28832.0,36001,0.15675183,0.0016042402,0.00013355167,,,,,,,,,,,
70,1024,0.0005,64,CLIP,63681.0,108865,0.18264273,0.0014309207,0.00012772305,0.3632850241545894,0.0083333333333333,0.3222222222222222,0.612987012987013,1.56521737575531,1.15217387676239,4.543478488922119,9.67452907562256,0.0641172304749488,6.213977813720703,0.0452095568180084
71,1024,0.0005,64,CONTROL,,108865,,,0.00012310044,,,,,,,,,,,
72,1024,0.0005,64,GMC,574528.0,254657,0.34179252,0.0005987685,0.00018432688,0.2478260869565217,0.025,0.4777777777777778,0.5311688311688312,0.717391312122345,1.2391303777694702,1.97826087474823,16.02568244934082,0.3141037821769714,6.535944938659668,0.2345896363258361
73,1024,0.0005,64,ICEH,225985.0,271169,0.5021611,0.00019652878,0.00015378969,0.391304347826087,0.05,0.5777777777777777,0.4688311688311688,2.02173924446106,1.8478261232376096,1.7391303777694702,14.448349952697754,0.0202719755470752,7.1641459465026855,0.0284919925034046
74,1024,0.0005,64,MCN,70208.0,108865,0.15250398,0.001429177,0.00015568812,0.2130434782608695,0.0291666666666666,0.4222222222222222,0.4909090909090909,2.65217399597168,4.5,5.456521511077881,15.757329940795898,1.3847191333770752,9.376338958740234,0.9349899888038636
75,1024,0.0005,64,SCARF,112960.0,108865,0.23980305,0.0009511642,0.00012019426,,,,,,,,,,,
76,1024,0.0005,64,SUBTAB,80192.0,108865,0.17583892,0.0013308824,0.000124473,,,,,,,,,,,
77,1024,0.0005,128,CLIP,184705.0,365185,0.18456301,0.0012054656,0.00010068846,0.4193236714975844,0.0833333333333333,0.8222222222222222,0.5467532467532468,1.39130437374115,0.8478260636329651,1.86956524848938,7.044328212738037,0.0521191917359828,6.5102386474609375,0.0320513546466827
78,1024,0.0005,128,CONTROL,,365185,,,8.497386e-05,,,,,,,,,,,
79,1024,0.0005,128,GMC,582784.0,398209,0.33486277,0.00060425873,0.00011471127,0.2565217391304347,0.05,0.4888888888888889,0.5,0.739130437374115,1.2391303777694702,1.8043478727340696,15.92985725402832,0.3108985126018524,6.424967288970947,0.2276610136032104
80,1024,0.0005,128,ICEH,234241.0,414721,0.5573247,0.00024526584,8.0727965e-05,0.3478260869565217,0.0875,0.8666666666666667,0.5714285714285714,1.89130437374115,3.3913042545318604,5.34782600402832,15.727551460266112,0.0211051069200038,7.659778594970703,0.0326700173318386
81,1024,0.0005,128,MCN,197760.0,365185,0.18741222,0.0013339593,0.0001430513,0.357487922705314,0.05,0.3444444444444444,0.5077922077922078,1.7391303777694702,2.08695650100708,2.17391300201416,12.410396575927734,1.445063829421997,8.298738479614258,0.8089368939399719
82,1024,0.0005,128,SCARF,381568.0,365185,0.23300421,0.0010516463,9.606314e-05,,,,,,,,,,,
83,1024,0.0005,128,SUBTAB,250496.0,365185,0.14874879,0.0012820428,0.000100913036,,,,,,,,,,,
84,1024,0.0007,32,CLIP,24673.0,36001,0.16282184,0.0014288325,0.00013883342,0.257487922705314,0.025,0.8,0.6701298701298701,1.7173912525177002,3.02173924446106,3.3913042545318604,9.428457260131836,0.8234171867370605,8.368106842041016,0.3603926002979278
85,1024,0.0007,32,CONTROL,,36001,,,0.00015263392,,,,,,,,,,,
86,1024,0.0007,32,GMC,570400.0,216673,0.33931667,0.0006040523,6.581104e-05,0.2478260869565217,0.05,0.4888888888888889,0.5454545454545454,0.6521739363670349,1.13043475151062,1.8043478727340696,16.10302734375,0.2733743190765381,6.218982696533203,0.2131106555461883
87,1024,0.0007,32,ICEH,221857.0,233185,0.5347679,0.00018272642,0.00013072632,0.2922705314009661,0.025,0.6444444444444444,0.5428571428571428,2.67391300201416,2.04347825050354,2.02173924446106,14.918453216552734,0.0167811270803213,8.294390678405762,0.0319766141474247
88,1024,0.0007,32,MCN,27936.0,36001,0.22176674,0.0012446208,0.00017593136,0.2115942028985507,0.0583333333333333,0.2777777777777778,0.5532467532467533,2.9782607555389404,5.5,6.804347991943359,14.143147468566896,1.3295910358428955,11.121726036071776,1.392504096031189
89,1024,0.0007,32,SCARF,37024.0,36001,0.27424756,0.0014799379,0.00013034859,,,,,,,,,,,
90,1024,0.0007,32,SUBTAB,28832.0,36001,0.17673542,0.0015191747,0.00013398872,,,,,,,,,,,
91,1024,0.0007,64,CLIP,63681.0,108865,0.17029941,0.0012848376,0.00014222528,0.3193236714975845,0.1,0.8666666666666667,0.4961038961038961,0.8695651888847351,0.739130437374115,1.7173912525177002,9.24687671661377,0.0427479855716228,5.418179035186768,0.0275945179164409
92,1024,0.0007,64,CONTROL,,108865,,,0.000112264635,,,,,,,,,,,
93,1024,0.0007,64,GMC,574528.0,254657,0.3002863,0.00053712825,0.00010859974,0.2565217391304347,0.025,0.5,0.5,0.760869562625885,1.0,1.54347825050354,16.089282989501953,0.2490266859531402,6.286043167114258,0.1957110911607742
94,1024,0.0007,64,ICEH,225985.0,271169,0.50790066,0.00023374138,0.00014423429,0.391304347826087,0.025,0.5777777777777777,0.5948051948051949,2.7826087474823,2.54347825050354,6.4347825050354,15.154303550720217,0.0161018949002027,7.32938814163208,0.0538516603410244
95,1024,0.0007,64,MCN,70208.0,108865,0.17596856,0.0012692113,0.00012982255,0.2647342995169082,0.025,0.8555555555555556,0.5675324675324676,2.58695650100708,2.8478260040283203,5.32608699798584,13.090588569641112,1.4605615139007568,8.858176231384277,0.9647678732872008
96,1024,0.0007,64,SCARF,112960.0,108865,0.30638793,0.0014919633,0.00012870764,,,,,,,,,,,
97,1024,0.0007,64,SUBTAB,80192.0,108865,0.19337013,0.0013409628,9.8400866e-05,,,,,,,,,,,
98,1024,0.0007,128,CLIP,184705.0,365185,0.173362,0.0010513277,6.7109526e-05,0.3748792270531401,0.125,0.8222222222222222,0.561038961038961,1.2391303777694702,0.782608687877655,1.41304349899292,8.901334762573242,0.0526570305228233,7.951516628265381,0.0224889311939477
99,1024,0.0007,128,CONTROL,,365185,,,9.264843e-05,,,,,,,,,,,
100,1024,0.0007,128,GMC,582784.0,398209,0.31359956,0.00045496866,0.00010114771,0.2652173913043478,0.025,0.5,0.5,0.760869562625885,1.02173912525177,1.65217387676239,19.921667098999023,0.2479092329740524,6.273532867431641,0.2158616483211517
101,1024,0.0007,128,ICEH,234241.0,414721,0.52062726,0.00023343391,0.00011549967,0.3376811594202898,0.025,0.6111111111111112,0.5142857142857142,1.63043475151062,3.0,3.54347825050354,15.554043769836426,0.0343626104295253,8.534421920776367,0.0240764766931533
102,1024,0.0007,128,MCN,197760.0,365185,0.1817111,0.0013219359,0.00012941829,0.1681159420289855,0.05,0.4222222222222222,0.5532467532467533,1.52173912525177,2.4782607555389404,2.23913049697876,14.024940490722656,1.1244906187057495,7.428667068481445,0.6878853440284729
103,1024,0.0007,128,SCARF,381568.0,365185,0.22375916,0.0010155678,7.2205235e-05,,,,,,,,,,,
104,1024,0.0007,128,SUBTAB,250496.0,365185,0.143344,0.001320208,0.00010137374,,,,,,,,,,,
105,1024,0.001,32,CLIP,24673.0,36001,0.22806099,0.0013208672,0.00014789373,0.2806763285024155,0.025,0.8333333333333333,0.6441558441558441,0.804347813129425,0.93478262424469,1.52173912525177,9.419354438781738,0.2261475622653961,6.992555618286133,0.1999452412128448
106,1024,0.001,32,CONTROL,,36001,,,0.0001256402,,,,,,,,,,,
107,1024,0.001,32,GMC,570400.0,216673,0.2948161,0.00056363066,0.00014992067,0.2478260869565217,0.05,0.5,0.5,0.739130437374115,1.13043475151062,1.86956524848938,19.01222419738769,0.2229780554771423,6.428910732269287,0.2222657054662704
108,1024,0.001,32,ICEH,221857.0,233185,0.48094493,0.0001970497,0.00014494827,0.3188405797101449,0.05,0.5,0.5142857142857142,2.4782607555389404,1.7608696222305298,6.043478488922119,13.813313484191896,0.0465559028089046,6.52540397644043,0.0139166582375764
109,1024,0.001,32,MCN,27936.0,36001,0.2681651,0.0011814821,0.00015885271,0.3893719806763285,0.025,0.8111111111111111,0.5961038961038961,2.9782607555389404,4.23913049697876,3.58695650100708,15.539608001708984,1.3370046615600586,9.428400039672852,0.959815502166748
110,1024,0.001,32,SCARF,37024.0,36001,0.1624556,0.0009085451,0.00012946181,,,,,,,,,,,
111,1024,0.001,32,SUBTAB,28832.0,36001,0.14525126,0.0013972844,0.00012372666,,,,,,,,,,,
112,1024,0.001,64,CLIP,63681.0,108865,0.17086634,0.0012369683,0.00013302916,0.3589371980676328,0.1166666666666666,0.7666666666666666,0.6714285714285715,1.7608696222305298,1.04347825050354,2.60869574546814,10.757061958312988,0.0545165129005909,4.853733062744141,0.031097624450922
113,1024,0.001,64,CONTROL,,108865,,,0.0001286334,,,,,,,,,,,
114,1024,0.001,64,GMC,574528.0,254657,0.2855535,0.00049500185,6.9441e-05,0.2231884057971014,0.025,0.4888888888888889,0.5,0.739130437374115,1.0,1.7173912525177002,18.905059814453125,0.2427694946527481,6.331573009490967,0.2097198218107223
115,1024,0.001,64,ICEH,225985.0,271169,0.51615775,0.0002016736,0.00010913329,0.3246376811594203,0.05,0.2111111111111111,0.6090909090909091,5.195652008056641,4.369565010070801,8.65217399597168,15.63282299041748,0.0114112589508295,7.548357009887695,0.0323066040873527
116,1024,0.001,64,MCN,70208.0,108865,0.15516908,0.0012640088,0.00015798099,0.4019323671497584,0.0625,0.4222222222222222,0.6103896103896104,2.41304349899292,3.58695650100708,6.369565010070801,9.740620613098145,1.445063829421997,9.289669036865234,1.022828221321106
117,1024,0.001,64,SCARF,112960.0,108865,0.32577333,0.0012014573,0.0001127672,,,,,,,,,,,
118,1024,0.001,64,SUBTAB,80192.0,108865,0.15269642,0.0014762288,0.00011431585,,,,,,,,,,,
119,1024,0.001,128,CLIP,184705.0,365185,0.18254143,0.00097555266,8.164758e-05,0.4719806763285024,0.075,0.2222222222222222,0.561038961038961,1.54347825050354,0.739130437374115,1.41304349899292,12.112848281860352,0.0321898758411407,9.449458122253418,0.0367642864584922
120,1024,0.001,128,CONTROL,,365185,,,0.00010368204,,,,,,,,,,,
121,1024,0.001,128,GMC,582784.0,398209,0.28394654,0.00042027715,3.9498605e-05,0.2652173913043478,0.05,0.5,0.5,0.760869562625885,0.95652174949646,1.7173912525177002,15.966382026672363,0.2430313378572464,6.283207893371582,0.2044075280427932
122,1024,0.001,128,ICEH,234241.0,414721,0.4924063,0.00017277895,0.00010506612,0.3536231884057971,0.05,0.8777777777777778,0.6831168831168831,2.76086950302124,2.13043475151062,2.5652174949646,14.831003189086914,0.0091971168294548,7.94821834564209,0.0301772709935903
123,1024,0.001,128,MCN,197760.0,365185,0.20388488,0.0012353412,0.00010129841,0.4536231884057971,0.1166666666666666,0.5,0.6272727272727273,1.34782612323761,0.804347813129425,2.04347825050354,12.87613010406494,0.9293619394302368,7.5616774559021,0.5322685241699219
124,1024,0.001,128,SCARF,381568.0,365185,0.29057002,0.0013952876,0.00012093785,,,,,,,,,,,
125,1024,0.001,128,SUBTAB,250496.0,365185,0.1499704,0.0012293109,8.403613e-05,,,,,,,,,,,
126,1024,0.002,32,CLIP,24673.0,36001,0.23138519,0.0011535732,0.0001336827,0.2884057971014492,0.075,0.9,0.6662337662337663,1.3260869979858398,1.04347825050354,2.58695650100708,9.88959789276123,0.0699601620435714,6.062649250030518,0.0498931184411048
127,1024,0.002,32,CONTROL,,36001,,,0.0001250521,,,,,,,,,,,
128,1024,0.002,32,GMC,570400.0,216673,0.28833795,0.00039317654,6.402167e-05,0.2739130434782608,0.075,0.5,0.5,0.739130437374115,0.8260869383811951,1.6956521272659302,13.670129776000977,0.2343139499425888,6.211561679840088,0.1759488880634308
129,1024,0.002,32,ICEH,221857.0,233185,0.54150707,0.000161261,0.0001421509,0.3318840579710144,0.1083333333333333,0.5,0.5337662337662338,1.54347825050354,2.36956524848938,6.41304349899292,14.647783279418944,0.0362868644297122,6.671126842498779,0.0265805069357156
130,1024,0.002,32,MCN,27936.0,36001,0.262243,0.001094543,0.000115212366,0.3241545893719806,0.025,0.8333333333333333,0.5701298701298702,0.95652174949646,1.5,2.15217399597168,15.814059257507324,1.2191548347473145,7.572026252746582,0.8128014206886292
131,1024,0.002,32,SCARF,37024.0,36001,0.30385706,0.001219397,0.00012293656,,,,,,,,,,,
132,1024,0.002,32,SUBTAB,28832.0,36001,0.14328848,0.0013485306,0.000119888085,,,,,,,,,,,
133,1024,0.002,64,CLIP,63681.0,108865,0.18222633,0.00092318794,0.00011222396,0.4893719806763285,0.05,0.8333333333333333,0.5168831168831168,1.0,0.97826087474823,1.2826087474822998,12.905137062072754,0.0271453261375427,7.66581392288208,0.0314302183687686
134,1024,0.002,64,CONTROL,,108865,,,0.000119909004,,,,,,,,,,,
135,1024,0.002,64,GMC,574528.0,254657,0.27688113,0.00032575225,6.417877e-05,0.2652173913043478,0.0333333333333333,0.4777777777777778,0.5,0.782608687877655,1.0,1.7826087474822998,14.841461181640623,0.2181908786296844,6.252975463867188,0.1706824153661728
136,1024,0.002,64,ICEH,225985.0,271169,0.5061638,0.00014893178,0.00013351002,0.3550724637681159,0.05,0.4,0.6636363636363636,2.32608699798584,2.2173912525177,2.23913049697876,12.52443790435791,0.0143427848815917,6.472186088562012,0.0237304326146841
137,1024,0.002,64,MCN,70208.0,108865,0.1788536,0.0011866614,7.527788e-05,0.2265700483091787,0.05,0.7555555555555555,0.6012987012987012,1.3043478727340698,1.63043475151062,2.10869574546814,14.205780982971191,1.220631718635559,7.514533519744873,0.5884032249450684
138,1024,0.002,64,SCARF,112960.0,108865,0.32578292,0.0011924998,0.00014452853,,,,,,,,,,,
139,1024,0.002,64,SUBTAB,80192.0,108865,0.1813166,0.0013127804,9.283623e-05,,,,,,,,,,,
140,1024,0.002,128,CLIP,184705.0,365185,0.24509181,0.0004689519,4.63619e-05,0.4009661835748792,0.05,0.2,0.5441558441558441,1.34782612323761,0.8260869383811951,1.8043478727340696,8.647284507751465,0.0269855204969644,9.244917869567873,0.0274225622415542
141,1024,0.002,128,CONTROL,,365185,,,0.00012116326,,,,,,,,,,,
142,1024,0.002,128,GMC,582784.0,398209,0.2895988,0.00032995656,9.164351e-05,0.2231884057971014,0.075,0.4888888888888889,0.5,0.782608687877655,0.804347813129425,1.7173912525177002,14.845810890197754,0.2511609196662903,6.17494010925293,0.176393449306488
143,1024,0.002,128,ICEH,234241.0,414721,0.49233547,0.00017022736,0.00010918823,0.3922705314009662,0.075,0.2333333333333333,0.5285714285714286,2.8043477535247803,3.3913042545318604,10.6304349899292,15.18265151977539,0.0201404932886362,6.825453281402588,0.0340621061623096
144,1024,0.002,128,MCN,197760.0,365185,0.14967883,0.0012639061,0.00014147851,0.253623188405797,0.125,0.9111111111111112,0.5,0.95652174949646,0.91304349899292,2.0652174949646,10.197954177856444,1.16831636428833,6.842267990112305,0.5133607983589172
145,1024,0.002,128,SCARF,381568.0,365185,0.3287936,0.0005761658,9.1479145e-05,,,,,,,,,,,
146,1024,0.002,128,SUBTAB,250496.0,365185,0.20246054,0.0013842608,0.00010312238,,,,,,,,,,,
147,1024,0.003,32,CLIP,24673.0,36001,0.1711322,0.0009864947,0.00011975272,0.3502415458937197,0.05,0.8,0.5415584415584416,1.41304349899292,1.04347825050354,2.15217399597168,10.221922874450684,0.0813356563448906,6.602389812469482,0.0302711855620145
148,1024,0.003,32,CONTROL,,36001,,,0.00012747255,,,,,,,,,,,
149,1024,0.003,32,GMC,570400.0,216673,0.30482438,0.00039422422,0.00012870069,0.2652173913043478,0.025,0.5,0.5,0.695652186870575,0.95652174949646,1.52173912525177,16.30792808532715,0.2425256222486496,6.306816577911377,0.1891212463378906
150,1024,0.003,32,ICEH,221857.0,233185,0.50884074,0.000123695,0.00012114807,0.2913043478260869,0.0333333333333333,0.8,0.6610389610389611,1.13043475151062,1.13043475151062,1.6956521272659302,14.914594650268556,0.0314194522798061,6.4287109375,0.055637028068304
151,1024,0.003,32,MCN,27936.0,36001,0.30571306,0.0009058396,0.000108225766,0.2487922705314009,0.0583333333333333,0.8444444444444444,0.6610389610389611,1.3043478727340698,1.39130437374115,2.41304349899292,15.38136386871338,0.8245187997817993,7.021023750305176,0.4118010103702545
152,1024,0.003,32,SCARF,37024.0,36001,0.25261435,0.0010440695,0.0001254892,,,,,,,,,,,
153,1024,0.003,32,SUBTAB,28832.0,36001,0.17170762,0.0016480801,0.00012671112,,,,,,,,,,,
154,1024,0.003,64,CLIP,63681.0,108865,0.22922617,0.0007419278,5.658606e-05,0.381159420289855,0.15,0.4222222222222222,0.5675324675324676,1.82608699798584,0.739130437374115,1.45652174949646,8.235210418701172,0.0231192894279956,7.53175687789917,0.0455403886735439
155,1024,0.003,64,CONTROL,,108865,,,0.0001246181,,,,,,,,,,,
156,1024,0.003,64,GMC,574528.0,254657,0.29385453,0.000310409,0.00010747724,0.2231884057971014,0.0,0.4888888888888889,0.5,0.804347813129425,0.8260869383811951,1.7391303777694702,14.910969734191896,0.2100872099399566,6.268401622772217,0.1709666401147842
157,1024,0.003,64,ICEH,225985.0,271169,0.5175396,0.00013851184,7.7014156e-05,0.3666666666666666,0.05,0.2777777777777778,0.474025974025974,2.7173912525177,1.3260869979858398,4.73913049697876,14.490017890930176,0.0441842600703239,7.2204790115356445,0.0272816736251115
158,1024,0.003,64,MCN,70208.0,108865,0.21186922,0.0010256767,6.511758e-05,0.251207729468599,0.1333333333333333,0.7888888888888889,0.4454545454545455,1.2173912525177002,1.0,2.0652174949646,14.23741626739502,0.38943812251091,5.706522464752197,0.3078348636627197
159,1024,0.003,64,SCARF,112960.0,108865,0.2917966,0.0008013146,0.00012347753,,,,,,,,,,,
160,1024,0.003,64,SUBTAB,80192.0,108865,0.2008385,0.0013726442,0.00012442988,,,,,,,,,,,
161,1024,0.003,128,CLIP,184705.0,365185,0.29421085,0.00030921938,0.00019578527,0.4980676328502415,0.15,0.3666666666666666,0.5532467532467533,1.5,0.8913043737411499,1.3260869979858398,13.056144714355469,0.0200218074023723,6.472692966461182,0.0289755128324031
162,1024,0.003,128,CONTROL,,365185,,,0.00010534089,,,,,,,,,,,
163,1024,0.003,128,GMC,582784.0,398209,0.3108854,0.0003092771,8.196383e-05,0.2231884057971014,0.0,0.4888888888888889,0.5,0.739130437374115,0.8695651888847351,1.6739130020141602,15.95001983642578,0.2309068590402603,6.035295009613037,0.1817830801010131
164,1024,0.003,128,ICEH,234241.0,414721,0.48072463,0.000103530714,0.00011441829,0.2198067632850241,0.025,0.3777777777777777,0.7324675324675325,1.54347825050354,1.7608696222305298,5.695652008056641,14.929815292358398,0.0145250260829925,7.156424045562744,0.0202794261276721
165,1024,0.003,128,MCN,197760.0,365185,0.16013679,0.001268738,0.0001298836,0.4265700483091788,0.075,0.7111111111111111,0.5493506493506494,0.93478262424469,1.3260869979858398,2.04347825050354,12.80135726928711,1.2372897863388062,6.574740409851074,0.4743887484073639
166,1024,0.003,128,SCARF,381568.0,365185,0.32863545,0.00082300085,9.4196475e-05,,,,,,,,,,,
167,1024,0.003,128,SUBTAB,250496.0,365185,0.22733904,0.0014188235,6.5038555e-05,,,,,,,,,,,
168,1024,0.005,32,CLIP,24673.0,36001,0.22557451,0.000623727,7.3001356e-05,0.466183574879227,0.1,0.2555555555555555,0.4909090909090909,1.34782612323761,0.6521739363670349,2.19565224647522,10.754571914672852,0.0565762482583522,7.459245204925537,0.0190909821540117
169,1024,0.005,32,CONTROL,,36001,,,0.00012582599,,,,,,,,,,,
170,1024,0.005,32,GMC,570400.0,216673,0.46508783,0.00031321822,0.00012137386,0.2217391304347826,0.025,0.4888888888888889,0.5,0.760869562625885,0.8695651888847351,1.58695650100708,16.395557403564453,0.2272835969924926,6.270053863525391,0.1803400814533233
171,1024,0.005,32,ICEH,221857.0,233185,0.43997982,9.2674505e-05,3.705065e-05,0.4628019323671498,0.0916666666666666,0.5,0.5,1.0,0.6521739363670349,6.195652008056641,14.058695793151855,0.0079361125826835,6.8145060539245605,0.0138550922274589
172,1024,0.005,32,MCN,27936.0,36001,0.3365476,0.00059508136,4.8270434e-05,0.2130434782608695,0.0916666666666666,0.8333333333333333,0.6493506493506493,1.2173912525177002,1.0,2.10869574546814,13.517863273620604,0.4210350215435028,5.995276927947998,0.3644485473632812
173,1024,0.005,32,SCARF,37024.0,36001,0.3138555,0.0011622104,7.954363e-05,,,,,,,,,,,
174,1024,0.005,32,SUBTAB,28832.0,36001,0.19835675,0.0012444335,0.00013354787,,,,,,,,,,,
175,1024,0.005,64,CLIP,63681.0,108865,0.31155148,0.00036624944,3.4031335e-05,0.4710144927536231,0.025,0.4222222222222222,0.4766233766233766,0.739130437374115,0.8913043737411499,1.43478262424469,11.205401420593262,0.0434399247169494,5.491575241088867,0.0308471210300922
176,1024,0.005,64,CONTROL,,108865,,,0.00012213652,,,,,,,,,,,
177,1024,0.005,64,GMC,574528.0,254657,0.39105543,0.0003131228,0.00032737528,0.2217391304347826,0.025,0.4888888888888889,0.5,0.760869562625885,0.760869562625885,1.93478262424469,15.84922218322754,0.2084920108318328,6.2643327713012695,0.1842261850833892
178,1024,0.005,64,ICEH,225985.0,271169,0.44645417,7.26024e-05,7.457772e-05,0.3386473429951691,0.05,0.4555555555555555,0.6038961038961039,1.7391303777694702,1.7173912525177002,2.52173924446106,10.820303916931152,0.0100427893921732,8.504448890686035,0.0139219667762517
179,1024,0.005,64,MCN,70208.0,108865,0.23449393,0.0007798267,2.0472306e-05,0.3289855072463767,0.125,0.8333333333333333,0.538961038961039,1.15217387676239,0.8260869383811951,2.13043475151062,11.67607593536377,0.2820431888103485,5.69498872756958,0.2245318442583084
180,1024,0.005,64,SCARF,112960.0,108865,0.36951107,0.0016534053,8.890472e-05,,,,,,,,,,,
181,1024,0.005,64,SUBTAB,80192.0,108865,0.20562163,0.0013365782,0.000117432915,,,,,,,,,,,
182,1024,0.005,128,CLIP,184705.0,365185,0.35158452,0.00017399603,6.56069e-05,0.3995169082125603,0.1583333333333333,0.2888888888888888,0.5532467532467533,1.2391303777694702,0.95652174949646,2.13043475151062,12.264281272888184,0.0252358298748731,7.703528881072998,0.0318524278700351
183,1024,0.005,128,CONTROL,,365185,,,0.00013383411,,,,,,,,,,,
184,1024,0.005,128,GMC,582784.0,398209,0.5644998,0.00043516594,0.0004552907,0.1884057971014492,0.025,0.9333333333333332,0.5,0.804347813129425,0.97826087474823,2.0,14.454440116882324,0.2765409350395202,5.75199031829834,0.1790355741977691
185,1024,0.005,128,ICEH,234241.0,414721,0.40098563,0.00011063634,0.00071040506,0.4115942028985507,0.05,0.5,0.5506493506493506,1.2608696222305298,3.5652174949646,8.17391300201416,14.47468376159668,0.0079780761152505,5.7272796630859375,0.0176893770694732
186,1024,0.005,128,MCN,197760.0,365185,0.1695788,0.0012467351,0.00012929428,0.2743961352657004,0.15,0.4777777777777778,0.5311688311688312,1.82608699798584,1.7608696222305298,1.45652174949646,15.686198234558104,1.1616703271865845,7.017008304595947,0.5662375688552856
187,1024,0.005,128,SCARF,381568.0,365185,0.32280976,0.0007382372,0.00012029945,,,,,,,,,,,
188,1024,0.005,128,SUBTAB,250496.0,365185,0.29514,0.0012800436,0.00018580977,,,,,,,,,,,
189,1024,0.007,32,CLIP,24673.0,36001,0.2752698,0.00049836014,0.000112477515,0.4565217391304347,0.025,0.7666666666666666,0.4818181818181818,1.0,0.760869562625885,1.39130437374115,14.311699867248535,0.0636283606290817,4.741488456726074,0.0290456227958202
190,1024,0.007,32,CONTROL,,36001,,,0.0001237742,,,,,,,,,,,
191,1024,0.007,32,GMC,570400.0,216673,0.603174,0.00034247938,0.00012893381,0.1884057971014492,0.0333333333333333,0.4666666666666667,0.5,0.760869562625885,0.739130437374115,1.95652174949646,14.64062786102295,0.2390093952417373,6.138082981109619,0.1844248920679092
192,1024,0.007,32,ICEH,221857.0,233185,0.45445153,8.4986736e-05,0.0002389919,0.1753623188405796,0.05,0.7888888888888889,0.6467532467532467,0.8260869383811951,0.8260869383811951,2.5652174949646,7.994589805603027,0.0153949270024895,6.1486496925354,0.0189929194748401
193,1024,0.007,32,MCN,27936.0,36001,0.28950438,0.0009684496,8.063293e-05,0.27487922705314,0.075,0.8,0.7064935064935065,1.1956521272659302,0.97826087474823,2.02173924446106,13.72309398651123,1.3693448305130005,8.348970413208008,0.5743997097015381
194,1024,0.007,32,SCARF,37024.0,36001,0.32769626,0.0010941804,0.00012037665,,,,,,,,,,,
195,1024,0.007,32,SUBTAB,28832.0,36001,0.21595897,0.0014167367,0.00012711546,,,,,,,,,,,
196,1024,0.007,64,CLIP,63681.0,108865,0.33018023,0.0002854608,4.2190793e-05,0.378743961352657,0.1,0.3888888888888889,0.4766233766233766,0.91304349899292,0.93478262424469,2.02173924446106,9.925251960754396,0.0290778521448373,5.480597496032715,0.0308795552700757
197,1024,0.007,64,CONTROL,,108865,,,0.000107410015,,,,,,,,,,,
198,1024,0.007,64,GMC,574528.0,254657,0.6796365,0.00038057705,0.00014651276,0.1550724637681159,0.0458333333333333,0.9111111111111112,0.5,0.8260869383811951,0.804347813129425,1.93478262424469,15.48277473449707,0.2349165976047516,5.3381757736206055,0.1795725375413894
199,1024,0.007,64,ICEH,225985.0,271169,0.49388245,8.158016e-05,0.00026598066,0.208695652173913,0.05,0.5,0.5506493506493506,1.06521737575531,1.8043478727340696,2.76086950302124,15.251970291137695,0.0089835915714502,7.988656520843506,0.0153927644714713
200,1024,0.007,64,MCN,70208.0,108865,0.2375463,0.0007916862,4.5894732e-05,0.4647342995169082,0.0875,0.8333333333333333,0.6207792207792208,1.2173912525177002,0.782608687877655,3.63043475151062,12.210003852844238,0.4205471575260162,6.127520561218262,0.2493555247783661
201,1024,0.007,64,SCARF,112960.0,108865,0.28030637,0.0010003069,9.5060874e-05,,,,,,,,,,,
202,1024,0.007,64,SUBTAB,80192.0,108865,0.25662082,0.0012255395,0.000104382096,,,,,,,,,,,
203,1024,0.007,128,CLIP,184705.0,365185,0.3868892,0.0001597629,0.00010160106,0.4057971014492754,0.1583333333333333,0.3777777777777777,0.5701298701298702,1.60869562625885,0.8478260636329651,1.7608696222305298,9.87984561920166,0.0302365310490131,7.933009147644043,0.0237829927355051
204,1024,0.007,128,CONTROL,,365185,,,0.00015321583,,,,,,,,,,,
205,1024,0.007,128,GMC,582784.0,398209,0.5383956,0.00047948683,0.00048594997,0.1884057971014492,0.0333333333333333,0.8222222222222222,0.587012987012987,0.804347813129425,1.08695650100708,1.91304349899292,15.048418045043944,0.2399973422288894,6.065948009490967,0.1888208240270614
206,1024,0.007,128,ICEH,234241.0,414721,0.51751125,9.704899e-05,0.00059705466,0.1666666666666666,0.05,0.4666666666666667,0.5363636363636364,0.782608687877655,0.717391312122345,2.08695650100708,14.133856773376465,0.0122574921697378,5.944261074066162,0.0125372102484107
207,1024,0.007,128,MCN,197760.0,365185,0.16231087,0.0012613289,8.900331e-05,0.348792270531401,0.0666666666666666,0.5,0.5701298701298702,1.02173912525177,1.34782612323761,1.39130437374115,13.383724212646484,0.9084680080413818,6.041807174682617,0.5086585283279419
208,1024,0.007,128,SCARF,381568.0,365185,0.4820538,0.000523621,0.00037947687,,,,,,,,,,,
209,1024,0.007,128,SUBTAB,250496.0,365185,0.3622725,0.0010287623,0.00016297698,,,,,,,,,,,
210,1024,0.01,32,CLIP,24673.0,36001,0.3181696,0.00042651407,8.6672524e-05,0.4193236714975844,0.075,0.3333333333333333,0.5272727272727272,0.97826087474823,0.6739130616188049,1.47826087474823,10.962748527526855,0.0467033945024013,5.953534126281738,0.0322906672954559
211,1024,0.01,32,CONTROL,,36001,,,0.00013800745,,,,,,,,,,,
212,1024,0.01,32,GMC,570400.0,216673,0.6335915,0.00073693116,0.000120449455,0.1884057971014492,0.0625,0.8333333333333333,0.5415584415584416,0.739130437374115,1.13043475151062,1.91304349899292,20.509979248046875,0.2622314691543579,5.647815704345703,0.1918972432613372
213,1024,0.01,32,ICEH,221857.0,233185,0.51241475,9.49676e-05,0.00023394778,0.3183574879227053,0.1,0.5,0.548051948051948,0.804347813129425,0.91304349899292,4.32608699798584,13.806177139282228,0.0179317370057106,11.2811918258667,0.0124207874760031
214,1024,0.01,32,MCN,27936.0,36001,0.35206282,0.00032752845,8.63344e-05,0.451207729468599,0.1333333333333333,0.8444444444444444,0.587012987012987,0.8913043737411499,0.8260869383811951,1.47826087474823,15.66978645324707,0.200463518500328,5.9547038078308105,0.0913367569446563
215,1024,0.01,32,SCARF,37024.0,36001,0.31029236,0.0007722527,9.430515e-05,,,,,,,,,,,
216,1024,0.01,32,SUBTAB,28832.0,36001,0.2600803,0.0014569069,0.00012498231,,,,,,,,,,,
217,1024,0.01,64,CLIP,63681.0,108865,0.33200648,0.00019874974,7.875695e-05,0.5019323671497584,0.175,0.8222222222222222,0.5935064935064935,1.41304349899292,0.93478262424469,2.17391300201416,9.914977073669434,0.0504118762910366,7.427334308624268,0.0333422012627124
218,1024,0.01,64,CONTROL,,108865,,,0.00018420837,,,,,,,,,,,
219,1024,0.01,64,GMC,574528.0,254657,0.63576716,0.00032993522,0.0013586889,0.2217391304347826,0.0,0.9555555555555556,0.5,0.760869562625885,0.8260869383811951,1.8478261232376096,14.900564193725586,0.2018099874258041,6.282104015350342,0.1867623478174209
220,1024,0.01,64,ICEH,225985.0,271169,0.41495916,0.00012490549,0.0012493879,0.2666666666666666,0.075,0.4,0.4428571428571428,1.43478262424469,1.95652174949646,7.369565010070801,10.183738708496094,0.024508973583579,13.756629943847656,0.0542807318270206
221,1024,0.01,64,MCN,70208.0,108865,0.26159778,0.000547064,0.00011564744,0.2376811594202898,0.1,0.7444444444444445,0.6038961038961039,1.0,0.782608687877655,1.8043478727340696,15.406004905700684,0.2000975161790847,6.113264560699463,0.0924053266644477
222,1024,0.01,64,SCARF,112960.0,108865,0.3896939,0.000511523,0.0001376246,,,,,,,,,,,
223,1024,0.01,64,SUBTAB,80192.0,108865,0.28961888,0.0014075983,0.00013359044,,,,,,,,,,,
224,1024,0.01,128,CLIP,184705.0,365185,0.40365875,0.00012823568,0.0001883642,0.3748792270531401,0.1,0.3444444444444444,0.6038961038961039,1.04347825050354,0.95652174949646,1.82608699798584,9.828912734985352,0.0250640120357275,7.042247772216797,0.0294934567064046
225,1024,0.01,128,CONTROL,,365185,,,0.00016345203,,,,,,,,,,,
226,1024,0.01,128,GMC,582784.0,398209,0.48612586,0.00059661595,0.00048376824,0.1797101449275362,0.0333333333333333,0.8888888888888888,0.5415584415584416,0.739130437374115,1.04347825050354,1.7608696222305298,14.680864334106444,0.2542521357536316,6.029433727264404,0.1949404776096344
227,1024,0.01,128,ICEH,234241.0,414721,0.44735935,6.574971e-05,0.0005872681,0.1888888888888888,0.05,0.5,0.5,0.93478262424469,1.6956521272659302,2.82608699798584,14.691229820251465,0.0148704322054982,6.7209792137146,0.0150645747780799
228,1024,0.01,128,MCN,197760.0,365185,0.16063908,0.0012618399,0.00014257431,0.3289855072463769,0.1083333333333333,0.4555555555555555,0.5220779220779221,1.52173912525177,0.8695651888847351,1.7173912525177002,11.577685356140137,1.1362347602844238,7.317274570465088,0.5487476587295532
229,1024,0.01,128,SCARF,381568.0,365185,0.38352004,0.00059564126,0.00040144505,,,,,,,,,,,
230,1024,0.01,128,SUBTAB,250496.0,365185,0.39129478,0.0011516127,0.00018464454,,,,,,,,,,,
