,batch_size,learning_rate,latent_dim,model_type,embedder_params,predictor_params,kmeans_perf,knn_perf,predictor_perf,lread,lwrite,scall,sread,swrite,fork,exec,rchar,wchar,pgout,ppgout,pgfree,pgscan,atch,pgin,ppgin,pflt,vflt,runqsz,freemem,freeswap
0,1024,0.0001,32,CLIP,23521.0,45089,0.28801993,8.767014,144.84729,1.488154411315918,17.14312744140625,1.6897255182266235,4.38231897354126,5.28090763092041,1.309681057929993,0.2980103194713592,9.997269630432127,9.317778587341309,4.883551597595215,0.8749698996543884,1.0964094400405884,1.1770565509796145,0.3914869725704193,2.4820337295532227,0.926805019378662,4.125566959381104,4.098709583282471,16.01255989074707,6.153051853179932,7.494180679321289
1,1024,0.0001,32,CONTROL,,45089,,,221.69974,,,,,,,,,,,,,,,,,,,,,
2,1024,0.0001,32,GMC,1069088.0,394337,0.38414717,12.845732,18.82942,1.2600284814834597,2.469350576400757,0.4101809561252594,0.4402165412902832,0.4026892185211181,0.2851622700691223,0.3809748589992523,1.676793336868286,0.9996373653411864,0.4982282817363739,0.7850711941719055,1.089239239692688,1.6421393156051636,0.4589903950691223,0.7786445617675781,0.9705080986022948,0.5718010663986206,0.5582545399665833,1.1832460165023804,1.1858805418014526,17.602664947509766
3,1024,0.0001,32,ICEH,389281.0,410849,0.20678774,9.580945,15.716548,6.194157123565674,9.04258918762207,1.077142357826233,0.4202980697154999,0.4488949179649353,0.06741663813591,0.8237834572792053,10.437926292419434,5.953333377838135,0.0986494868993759,0.07478928565979,0.4388369917869568,5.068803787231445,4.651494026184082,0.2044959217309951,0.2233621776103973,0.3706810176372528,0.3194321095943451,6.282777786254883,1.3874177932739258,2.010364294052124
4,1024,0.0001,32,MCN,26784.0,45089,0.4289509,8.764784,267.40903,6.819516181945801,4.796215057373047,4.395641803741455,4.380601406097412,6.696500301361084,2.551840305328369,4.090935707092285,11.213019371032717,9.44577693939209,1.3034685850143433,7.332143306732178,2.164288282394409,6.958488941192627,5.864335060119629,4.16633939743042,3.177553415298462,5.708414554595947,3.7255313396453857,1.0424346923828125,4.868357658386231,5.993973731994629
5,1024,0.0001,32,SCARF,46112.0,45089,0.35159522,8.455278,78.08112,,,,,,,,,,,,,,,,,,,,,
6,1024,0.0001,32,SUBTAB,32800.0,45089,0.35004503,8.532281,255.70984,,,,,,,,,,,,,,,,,,,,,
7,1024,0.0001,64,CLIP,90049.0,176193,0.38233018,8.79976,29.270058,0.5258787870407104,5.670985221862793,3.444112539291382,4.205033302307129,5.501206398010254,0.1770495176315307,0.4920701086521148,10.17707061767578,9.530652046203612,0.0732630863785743,0.2570132315158844,0.2453331500291824,3.09203839302063,0.3406709730625152,0.2055976539850235,0.2693159282207489,1.6101709604263306,2.554231882095337,0.8135477304458618,3.49786639213562,71.08509063720703
8,1024,0.0001,64,CONTROL,,176193,,,34.713642,,,,,,,,,,,,,,,,,,,,,
9,1024,0.0001,64,GMC,1073216.0,463041,0.40007934,10.763822,17.853216,1.3041807413101196,2.570067882537842,0.4168587923049927,0.4616092443466186,0.4186866581439972,0.2892741560935974,0.3864955902099609,1.7252161502838137,3.482220411300659,0.4801700115203857,0.8436665534973145,1.1828147172927856,1.8707687854766848,0.4501494765281677,0.7849875688552856,0.9781904220581056,0.5795267224311829,0.5612282752990723,1.1790980100631714,1.2047301530838013,13.217759132385254
10,1024,0.0001,64,ICEH,393409.0,479553,0.20607094,9.704288,15.222773,2.3711390495300293,4.107248783111572,1.117034673690796,0.3704485595226288,0.3279095590114593,0.0463444776833057,0.7725024819374084,8.562129974365234,8.746438980102539,0.1197578832507133,0.1094524413347244,0.2528480291366577,2.761429071426392,7.74495267868042,0.1588429361581802,0.3134708702564239,0.4713647961616516,0.4880276620388031,0.5625531673431396,1.3513675928115845,8.143730163574219
11,1024,0.0001,64,MCN,96576.0,176193,0.36334097,8.178805,43.4698,5.540876388549805,2.613506555557251,2.938043594360352,4.00919771194458,5.129810333251953,0.891017496585846,1.0387154817581177,13.619290351867676,8.345800399780273,0.73023921251297,1.803920865058899,2.036760091781616,4.306972503662109,0.4878498017787933,2.029683828353882,3.1326117515563965,6.778139114379883,4.280411720275879,0.9682477116584778,4.262939453125,26.66184425354004
12,1024,0.0001,64,SCARF,180288.0,176193,0.3636991,9.341013,32.452076,,,,,,,,,,,,,,,,,,,,,
13,1024,0.0001,64,SUBTAB,127040.0,176193,0.33778456,9.181,47.118656,,,,,,,,,,,,,,,,,,,,,
14,1024,0.0001,128,CLIP,352129.0,696449,0.41352546,9.227492,22.724714,0.8319596648216248,1.5021570920944214,1.770830154418945,0.1710676103830337,0.1511904001235962,0.0336944423615932,0.3704053163528442,10.087660789489746,9.02688694000244,0.0478349924087524,0.0848524868488311,0.1974514722824096,0.7252057194709778,1.2814910411834717,0.062811367213726,0.0713156759738922,0.1014628782868385,0.1780286282300949,0.3892849683761596,3.2419159412384038,0.7134193778038025
15,1024,0.0001,128,CONTROL,,696449,,,19.019133,,,,,,,,,,,,,,,,,,,,,
16,1024,0.0001,128,GMC,1081472.0,729473,0.41638163,10.816876,15.22035,1.3236563205718994,2.4410433769226074,0.4215675294399261,0.4583123624324798,0.4235297739505768,0.2895841002464294,0.3965020179748535,1.77118718624115,4.925678253173828,0.5794214606285095,1.0127232074737549,1.5246822834014893,1.962718486785889,0.4498671293258667,0.8122981190681458,0.9893401861190796,0.608905017375946,0.5701435208320618,1.1792906522750854,1.1737233400344849,15.74781608581543
17,1024,0.0001,128,ICEH,401665.0,745985,0.20727542,9.040194,13.940424,4.377716064453125,4.694252014160156,1.076948165893555,1.0348446369171145,0.9658424854278564,0.1326084733009338,0.5260205268859863,9.281767845153809,6.905062198638916,0.1427013128995895,0.3346307873725891,1.109277844429016,7.5865068435668945,7.69338321685791,0.3879936337471008,0.1505541503429412,0.6106773614883423,0.242469236254692,2.563194274902344,0.663651704788208,0.2836372256278991
18,1024,0.0001,128,MCN,365184.0,696449,0.35274658,8.10322,19.837166,2.1082653999328613,4.594709873199463,2.9508872032165527,3.685003280639648,4.5240583419799805,0.2949534058570862,0.3885031342506408,12.429415702819824,9.002476692199707,0.6093995571136475,0.8630644083023071,1.4662115573883057,3.108659029006958,0.3705269396305084,0.9794232845306396,1.5097262859344482,6.096547603607178,3.1204094886779785,0.7158516645431519,3.27917742729187,23.91840171813965
19,1024,0.0001,128,SCARF,712832.0,696449,0.33954662,10.329078,23.25151,,,,,,,,,,,,,,,,,,,,,
20,1024,0.0001,128,SUBTAB,499840.0,696449,0.27312502,8.005632,21.152264,,,,,,,,,,,,,,,,,,,,,
21,1024,0.0002,32,CLIP,23521.0,45089,0.35967514,9.505756,49.293613,0.9776046276092528,9.193224906921388,4.276646614074707,4.4200286865234375,4.116992950439453,0.3321458101272583,0.368808388710022,10.804279327392578,9.541478157043455,0.3946639895439148,1.2246015071868896,0.2323945164680481,1.296919345855713,0.4687651991844177,0.5903916954994202,0.2785058617591858,4.66974401473999,1.7965445518493652,22.279266357421875,3.558534860610962,7.494180679321289
22,1024,0.0002,32,CONTROL,,45089,,,96.76064,,,,,,,,,,,,,,,,,,,,,
23,1024,0.0002,32,GMC,1069088.0,394337,0.35631073,28.895123,13.320998,1.348613142967224,2.730320453643799,0.4023916125297546,0.4411987364292145,0.3928042650222778,0.2476886659860611,0.3714189529418945,1.675346851348877,1.0063570737838743,0.4938773214817047,0.8571311235427856,1.1687407493591309,1.6754289865493774,0.4827596545219421,0.8271529078483582,1.0995792150497437,0.5699681043624878,0.5043424367904663,1.1814026832580566,1.1921271085739136,7.580723762512207
24,1024,0.0002,32,ICEH,389281.0,410849,0.21432863,9.440911,13.607441,0.3816363215446472,8.637410163879395,0.6629117727279663,0.1799153089523315,0.413813978433609,0.1183081567287445,0.9887703657150269,11.759129524230955,6.366215705871582,0.1037529855966568,0.1006311178207397,0.2414923012256622,4.207935333251953,7.796497344970703,0.1405293345451355,0.3483576476573944,0.2251155227422714,0.2290097624063491,3.979062795639038,0.7061082720756531,38.47371292114258
25,1024,0.0002,32,MCN,26784.0,45089,0.40814048,8.594823,65.25987,7.026825904846191,7.61897611618042,2.815881729125977,4.753780364990234,5.524572372436523,1.2931588888168335,1.3380168676376345,13.76881217956543,9.128302574157717,1.193511128425598,2.303587913513184,2.8254590034484863,4.236806392669678,3.0662384033203125,2.055497646331787,2.969031572341919,6.79541015625,3.952335357666016,2.123719930648804,4.418344020843506,21.091211318969727
26,1024,0.0002,32,SCARF,46112.0,45089,0.3285089,9.678097,99.63086,,,,,,,,,,,,,,,,,,,,,
27,1024,0.0002,32,SUBTAB,32800.0,45089,0.342453,10.141463,49.630318,,,,,,,,,,,,,,,,,,,,,
28,1024,0.0002,64,CLIP,90049.0,176193,0.43706816,8.669184,23.305347,0.792962372303009,2.517574548721313,2.010192632675171,0.5189948081970215,0.4234396517276764,0.0335281305015087,0.5733071565628052,12.528368949890137,9.127711296081545,0.1089568734169006,0.2354455292224884,0.4618796408176422,0.9773048758506776,0.5139876008033752,0.0730894207954406,0.1656096130609512,0.1003896221518516,0.276887983083725,0.2644211053848266,3.671699285507202,10.24616527557373
29,1024,0.0002,64,CONTROL,,176193,,,18.3676,,,,,,,,,,,,,,,,,,,,,
30,1024,0.0002,64,GMC,1073216.0,463041,0.37666634,15.260841,12.501724,1.2935833930969238,2.638856649398804,0.4093310236930847,0.4428306818008423,0.4065479636192322,0.2657621502876282,0.3751603960990906,1.688032627105713,1.0188450813293457,0.5162361860275269,0.8249967098236084,1.1423097848892212,1.5086838006973269,0.5012195706367493,0.7682080268859863,0.9743272066116332,0.5620536804199219,0.5402746796607971,1.183988094329834,1.1720134019851685,11.78570556640625
31,1024,0.0002,64,ICEH,393409.0,479553,0.18483232,9.997942,12.763505,3.358259677886963,8.111328125,1.0786858797073364,0.4417811036109924,0.6649717688560486,0.0561268962919712,0.8575546741485596,8.877656936645508,8.169139862060547,0.6493155360221863,0.1631106734275818,0.2447804361581802,4.8194684982299805,4.797956466674805,0.1342950165271759,0.3047952353954315,0.5946248769760132,0.6758556365966797,1.1928033828735352,1.809839367866516,29.57002258300781
32,1024,0.0002,64,MCN,96576.0,176193,0.3800649,7.8337927,23.38279,5.918803691864014,5.197930335998535,2.904897928237915,5.016727924346924,5.064449787139893,0.5375241637229919,0.9108980298042296,13.336671829223633,9.090716361999512,0.5482938289642334,1.4640640020370483,1.0668349266052246,3.131171941757202,0.4114562273025512,1.5462501049041748,2.0622382164001465,6.170996189117432,4.746367454528809,0.8123205900192261,3.85950231552124,24.220796585083008
33,1024,0.0002,64,SCARF,180288.0,176193,0.39982307,10.755744,17.13842,,,,,,,,,,,,,,,,,,,,,
34,1024,0.0002,64,SUBTAB,127040.0,176193,0.28832743,7.6331506,21.38744,,,,,,,,,,,,,,,,,,,,,
35,1024,0.0002,128,CLIP,352129.0,696449,0.34824342,8.682612,11.672297,0.5479958057403564,1.269225835800171,1.1127111911773682,0.1538405120372772,0.1271740198135376,0.0302058942615985,0.2321243286132812,7.070987224578857,7.788054943084717,0.0637135356664657,0.0401773601770401,0.094489499926567,0.4299618005752563,5.052008628845215,0.0534052401781082,0.0902632400393486,0.1144301444292068,0.1937611699104309,0.3124471604824066,1.0991846323013306,2.7038323879241943
36,1024,0.0002,128,CONTROL,,696449,,,12.215767,,,,,,,,,,,,,,,,,,,,,
37,1024,0.0002,128,GMC,1081472.0,729473,0.3939085,13.250915,11.058229,1.3066831827163696,2.560473918914795,0.4097679257392883,0.4404470920562744,0.4013396799564361,0.2806170284748077,0.3804468810558319,1.6909157037734983,1.036997675895691,0.4675924777984619,0.7846565842628479,1.101768136024475,1.6621742248535156,0.457049697637558,0.7742334008216858,0.9582746028900146,0.5697057247161865,0.5652867555618286,1.181113362312317,1.2314538955688477,18.17733383178711
38,1024,0.0002,128,ICEH,401665.0,745985,0.19513151,9.7447405,14.004031,3.740757703781128,5.539557933807373,0.9371622800827026,0.3941511213779449,0.3476195037364959,0.1027116551995277,0.7319446206092834,10.010215759277344,7.143909454345703,0.1973278075456619,0.1187691316008567,0.1032937988638877,10.406412124633787,5.446086406707764,0.2792586982250213,0.2921609878540039,0.2321145832538604,0.2709372043609619,2.039778232574463,0.9203894138336182,0.1668011993169784
39,1024,0.0002,128,MCN,365184.0,696449,0.30745104,8.350848,12.7862015,1.936489462852478,4.995568752288818,2.0170681476593018,2.9708824157714844,1.8383080959320068,0.2293838709592819,0.5938716530799866,12.422934532165527,7.569063186645508,0.2915118932723999,0.7805132865905762,0.715451180934906,2.053760290145874,0.4599210023880005,0.960551619529724,0.9527725577354432,4.691995143890381,4.311595916748047,0.645481526851654,2.983079195022583,23.74591827392578
40,1024,0.0002,128,SCARF,712832.0,696449,0.34370935,10.218324,12.534679,,,,,,,,,,,,,,,,,,,,,
41,1024,0.0002,128,SUBTAB,499840.0,696449,0.31766066,8.753327,12.885712,,,,,,,,,,,,,,,,,,,,,
42,1024,0.0003,32,CLIP,23521.0,45089,0.40957654,8.592481,33.006805,1.01921284198761,1.29058575630188,3.001312494277954,3.988024711608887,2.732912540435791,0.087946280837059,0.6062042713165283,10.810206413269045,10.110865592956545,0.1067689657211303,0.1347375512123108,0.654085636138916,0.9090861082077026,0.3464285135269165,0.1465404033660888,0.3102259039878845,4.063988208770752,0.2887828052043915,0.8010618090629578,2.0912086963653564,117.42401885986328
43,1024,0.0003,32,CONTROL,,45089,,,20.670862,,,,,,,,,,,,,,,,,,,,,
44,1024,0.0003,32,GMC,1069088.0,394337,0.3612482,19.619207,12.552458,1.33664071559906,2.733715534210205,0.4046278893947601,0.4332347214221954,0.3934578597545624,0.28122279047966,0.3777904510498047,1.657802939414978,1.0451399087905884,0.5057113170623779,0.8744261264801025,1.1821199655532837,1.6268037557601929,0.5184627771377563,0.7813745737075806,1.0360344648361206,0.5683847665786743,0.5170887112617493,1.170284628868103,1.1616703271865845,8.741230964660645
45,1024,0.0003,32,ICEH,389281.0,410849,0.20817298,9.800982,11.57309,7.09076452255249,5.873989105224609,0.954179584980011,0.3838065266609192,0.5071703195571899,0.0375041104853153,0.8049529194831848,7.332605838775635,6.393618583679199,0.1555679738521576,1.52856707572937,1.8161221742630005,4.963587284088135,11.506102561950684,0.4057668149471283,1.1521536111831665,0.2350077033042907,0.2136115133762359,0.7388913035392761,1.3892964124679563,33.54712677001953
46,1024,0.0003,32,MCN,26784.0,45089,0.39153224,8.876524,29.287548,5.156238079071045,5.993529796600342,2.872976303100586,5.064934253692627,5.256986141204834,0.833687961101532,1.462380290031433,13.915504455566406,9.226792335510254,1.0365736484527588,2.240077257156372,2.5814483165740967,4.47351598739624,0.3862329125404358,3.205544948577881,3.507082939147949,5.928967475891113,3.721823692321777,3.219515800476074,4.36716365814209,40.00246810913086
47,1024,0.0003,32,SCARF,46112.0,45089,0.3509906,10.335206,35.257435,,,,,,,,,,,,,,,,,,,,,
48,1024,0.0003,32,SUBTAB,32800.0,45089,0.31336665,9.553669,31.59291,,,,,,,,,,,,,,,,,,,,,
49,1024,0.0003,64,CLIP,90049.0,176193,0.3793167,8.650482,17.091766,1.4769023656845093,1.7777495384216309,1.2094653844833374,0.1506338417530059,0.1614688336849212,0.0422992743551731,0.6145756244659424,11.5548677444458,8.109997749328613,0.0545005835592746,0.13253054022789,0.0665210336446762,0.7856163382530212,5.080389976501465,0.0803602188825607,0.0707339867949485,0.1111594811081886,0.1391358971595764,0.3420804738998413,2.899542093276977,5.685498237609863
50,1024,0.0003,64,CONTROL,,176193,,,12.775869,,,,,,,,,,,,,,,,,,,,,
51,1024,0.0003,64,GMC,1073216.0,463041,0.3828485,15.373704,10.852859,1.3039982318878174,2.4918859004974365,0.4038060307502746,0.4460732042789459,0.400130033493042,0.2793141305446625,0.3811640441417694,1.6634947061538696,1.0254454612731934,0.519374668598175,0.8321454524993896,1.155669093132019,1.7498091459274292,0.5590965747833252,0.7588730454444885,0.9612042903900146,0.5696046948432922,0.5358161926269531,1.1730185747146606,1.1648541688919067,10.196699142456056
52,1024,0.0003,64,ICEH,393409.0,479553,0.20942725,9.401677,10.507525,7.172348976135254,7.0531907081604,0.5700741410255432,0.4154285788536072,0.3144170641899109,0.0385972708463668,0.6259933710098267,6.373131275177002,6.129001617431641,0.1069872379302978,0.1117169484496116,1.0246448516845703,6.767709255218506,6.141251564025879,0.4738448858261108,0.1330998241901397,0.3362826704978943,0.2267377376556396,1.6758757829666138,1.8029990196228027,34.172691345214844
53,1024,0.0003,64,MCN,96576.0,176193,0.3361981,8.505415,14.449405,1.8023736476898196,3.2287020683288574,2.6385498046875,3.7468106746673584,1.9539661407470703,0.3464336097240448,0.7331094741821289,10.561063766479492,8.921854972839355,0.4170628190040588,0.9264092445373536,1.2366520166397097,2.972659111022949,0.3861558139324188,1.0342615842819214,1.5339335203170776,6.571486949920654,4.278010368347168,0.8065711259841919,3.194967031478882,39.16305160522461
54,1024,0.0003,64,SCARF,180288.0,176193,0.35904637,10.427115,14.38182,,,,,,,,,,,,,,,,,,,,,
55,1024,0.0003,64,SUBTAB,127040.0,176193,0.5714601,8.458156,14.656043,,,,,,,,,,,,,,,,,,,,,
56,1024,0.0003,128,CLIP,352129.0,696449,0.36817515,8.480414,11.112107,1.0892465114593506,0.6587626338005066,0.4432458281517029,0.1454698890447616,0.1092896983027458,0.0329103730618953,0.1809126138687133,6.037316799163818,6.146115779876709,0.089892990887165,0.0341372564435005,0.0766915455460548,0.6087690591812134,5.438775539398193,0.0537351220846176,0.075987622141838,0.1083783432841301,0.1633403748273849,0.3139838874340057,1.4128966331481934,0.6738875508308411
57,1024,0.0003,128,CONTROL,,696449,,,11.244551,,,,,,,,,,,,,,,,,,,,,
58,1024,0.0003,128,GMC,1081472.0,729473,0.38755092,11.77937,10.340287,1.3315494060516355,2.5390725135803223,0.4072442054748535,0.4487257003784179,0.403801679611206,0.2783436775207519,0.3823761641979217,1.6754629611968994,1.0344188213348389,0.4867414534091949,0.8032764196395874,1.144806981086731,1.6438924074172974,0.5323848128318787,0.7777572870254517,0.9747607111930848,0.5694615244865417,0.5349982976913452,1.174721360206604,1.18170964717865,9.087416648864746
59,1024,0.0003,128,ICEH,401665.0,745985,0.19758573,9.161572,12.043337,0.8255154490470886,3.871177911758423,0.8938484191894531,0.5566827654838562,0.5625059008598328,0.0516472645103931,0.7092865705490112,8.225187301635742,5.834262847900391,0.1771212071180343,0.1267823576927185,0.6210092306137085,13.040851593017578,8.572616577148438,1.030946969985962,0.165741741657257,0.2522092759609222,0.2560443878173828,3.2305166721343994,1.2314949035644531,32.608665466308594
60,1024,0.0003,128,MCN,365184.0,696449,0.31870836,8.269,10.96114,2.701828718185425,3.161693811416626,1.8313217163085935,1.5485482215881348,1.0167419910430908,0.3279822766780853,0.5986894369125366,6.987563133239746,5.829651355743408,0.2485455721616745,0.3450029790401459,0.4776157140731811,1.4489129781723022,1.2799526453018188,0.6470028758049011,0.6398480534553528,2.4010958671569824,2.477954149246216,0.6206132769584656,2.5775580406188965,32.227882385253906
61,1024,0.0003,128,SCARF,712832.0,696449,0.42064008,10.820191,11.801268,,,,,,,,,,,,,,,,,,,,,
62,1024,0.0003,128,SUBTAB,499840.0,696449,0.34546173,9.503779,11.450631,,,,,,,,,,,,,,,,,,,,,
63,1024,0.0005,32,CLIP,23521.0,45089,0.38452044,9.136659,13.8935,0.543302595615387,0.6050752401351929,2.830786228179932,1.9107697010040283,0.5556027889251709,0.049493882805109,0.4373883605003357,10.185684204101562,7.3029632568359375,0.220309630036354,0.1153438538312912,0.2592456936836242,1.2240763902664185,1.8742561340332031,0.0608038827776908,0.0826862230896949,0.1106699705123901,0.1427589207887649,0.370961993932724,0.9860394597053528,53.002201080322266
64,1024,0.0005,32,CONTROL,,45089,,,15.782498,,,,,,,,,,,,,,,,,,,,,
65,1024,0.0005,32,GMC,1069088.0,394337,0.35616192,25.67134,10.234898,1.3186248540878296,2.5208091735839844,0.4051227867603302,0.4395882189273834,0.402808129787445,0.2645314931869507,0.3780417740345001,1.657749056816101,1.0413731336593628,0.5241153240203857,0.8354284763336182,1.1180787086486816,1.5879470109939575,0.5283403992652893,0.788568913936615,1.0141355991363523,0.5527804493904114,0.5438867807388306,1.1622202396392822,1.1438744068145752,7.791172981262207
66,1024,0.0005,32,ICEH,389281.0,410849,0.2024982,9.145257,11.964996,0.6806369423866272,3.1988492012023926,0.8795595765113831,0.6110995411872864,0.498490571975708,0.0426489189267158,0.8665229678153992,3.13309645652771,6.348577499389648,0.0811561793088913,0.0488881431519985,1.1158673763275146,1.469560146331787,5.871617317199707,0.3684573173522949,1.7626302242279053,0.186746209859848,0.2091144621372223,0.7131288051605225,0.8148135542869568,11.20196533203125
67,1024,0.0005,32,MCN,26784.0,45089,0.37810767,8.450046,21.515911,5.805944442749023,2.4156641960144043,2.643745183944702,4.8351030349731445,4.8145751953125,0.3646770119667053,1.3405258655548096,12.939085960388184,9.131031036376951,0.6905018091201782,2.3148505687713623,2.7811195850372314,3.4628076553344727,5.297224044799805,1.735667109489441,2.417948007583618,3.0840322971343994,4.345913887023926,0.8069655299186707,4.1077423095703125,35.37212371826172
68,1024,0.0005,32,SCARF,46112.0,45089,0.32488185,9.56139,18.143183,,,,,,,,,,,,,,,,,,,,,
69,1024,0.0005,32,SUBTAB,32800.0,45089,0.32220453,9.048085,16.385885,,,,,,,,,,,,,,,,,,,,,
70,1024,0.0005,64,CLIP,90049.0,176193,0.37552014,8.693056,13.239508,0.7166863679885864,0.7946856021881104,0.3272136449813843,0.1331058591604232,0.1162552312016487,0.0325800441205501,0.2304837852716446,5.121154308319092,8.790543556213379,0.0481768622994422,0.0427364818751812,0.0969552025198936,0.8008912801742554,1.136174201965332,0.0718059465289115,0.0864035263657569,0.098949521780014,0.2018110007047653,0.4428712129592895,0.7284121513366699,14.558708190917969
71,1024,0.0005,64,CONTROL,,176193,,,12.509849,,,,,,,,,,,,,,,,,,,,,
72,1024,0.0005,64,GMC,1073216.0,463041,0.36436445,14.372425,10.035148,1.3342465162277222,2.590664386749268,0.4061934053897857,0.4367765188217163,0.4016034007072449,0.2698604166507721,0.3879629671573639,1.7137953042984009,1.1070868968963623,0.4950651526451111,0.8751987814903259,1.192670822143555,1.668578028678894,0.5225183963775635,0.7961084246635437,1.021809697151184,0.5574172735214233,0.5272055268287659,1.194616198539734,1.1412274837493896,9.071981430053713
73,1024,0.0005,64,ICEH,393409.0,479553,0.20920765,9.674877,11.8122425,1.9903281927108765,3.455429553985596,0.967335045337677,0.4718547165393829,0.5060284733772278,0.0300224814563989,0.939796507358551,5.180481910705566,8.736221313476562,0.0667744576930999,0.1220369860529899,0.0845985412597656,1.923999309539795,3.200777292251587,0.5007165670394897,0.1659981906414032,0.217591255903244,0.2345840632915496,1.4190242290496826,0.6555328965187073,0.8578220009803772
74,1024,0.0005,64,MCN,96576.0,176193,0.35436085,8.339038,11.33399,1.5089175701141355,5.585242748260498,1.965704202651977,2.611804246902466,3.681160926818848,0.2211623936891555,0.8420683145523071,12.584367752075195,7.143636703491211,0.2499973624944687,0.5542009472846985,0.6679368019104004,1.4715673923492432,0.3704310655593872,0.9711668491363524,1.3870995044708252,1.529163837432861,2.825806140899658,0.9017889499664308,2.551785469055176,28.71695327758789
75,1024,0.0005,64,SCARF,180288.0,176193,0.39203686,10.761134,12.204995,,,,,,,,,,,,,,,,,,,,,
76,1024,0.0005,64,SUBTAB,127040.0,176193,0.2669204,8.95872,12.546273,,,,,,,,,,,,,,,,,,,,,
77,1024,0.0005,128,CLIP,352129.0,696449,0.2925935,8.2889,10.172546,0.8285208344459534,0.6539839506149292,0.5624603033065796,0.1393000483512878,0.1116593703627586,0.0328908078372478,0.172524556517601,6.219533443450928,6.348242282867432,0.0698966905474662,0.0605589747428894,0.040921751409769,0.4724250733852386,3.599623441696167,0.0581170246005058,0.0882977396249771,0.1066725999116897,0.2257717102766037,0.3158964514732361,0.9232736229896544,38.94586563110352
78,1024,0.0005,128,CONTROL,,696449,,,10.543185,,,,,,,,,,,,,,,,,,,,,
79,1024,0.0005,128,GMC,1081472.0,729473,0.37706426,14.907088,10.054836,1.3032439947128296,2.5464229583740234,0.4108856618404388,0.4394543170928955,0.396136462688446,0.2700320482254028,0.37598317861557,1.6782610416412354,1.0390461683273315,0.5169605016708374,0.8504399061203003,1.1954041719436646,1.7091691493988037,0.5244923830032349,0.7777063250541687,0.990258812904358,0.5633571743965149,0.5388856530189514,1.1809128522872925,1.1528700590133667,8.905828475952148
80,1024,0.0005,128,ICEH,401665.0,745985,0.19586152,10.503463,9.641096,1.4133541584014893,2.180950403213501,0.6824046969413757,0.4459050595760345,0.6320887804031372,0.0668333396315574,1.0227806568145752,5.292128562927246,4.970554351806641,0.220661774277687,0.5575433969497681,0.1234174221754074,12.874175071716309,9.704595565795898,0.0860708132386207,0.1170880571007728,0.2177856862545013,0.2807603776454925,3.3845925331115723,0.8338701725006104,62.10177612304688
81,1024,0.0005,128,MCN,365184.0,696449,0.33290365,8.733226,11.004175,1.1274489164352417,2.2629051208496094,1.499799370765686,0.5790114402770996,0.7305536866188049,0.2606221735477447,0.6742441058158875,6.691575527191162,6.25447416305542,0.2089290767908096,0.37530517578125,0.3545088171958923,1.569946050643921,0.357170820236206,0.3535822331905365,0.5054942965507507,1.4848017692565918,2.260103464126587,0.7327075600624084,2.7192912101745605,33.153018951416016
82,1024,0.0005,128,SCARF,712832.0,696449,0.38322264,11.140184,11.006567,,,,,,,,,,,,,,,,,,,,,
83,1024,0.0005,128,SUBTAB,499840.0,696449,0.30110285,9.1694145,10.706948,,,,,,,,,,,,,,,,,,,,,
84,1024,0.0007,32,CLIP,23521.0,45089,0.4000422,8.92011,13.845203,2.016124963760376,1.0116968154907229,1.6666607856750488,0.2624666392803192,0.1346229761838913,0.0310303010046482,0.2734363973140716,5.903537750244141,8.78642463684082,0.0843735635280609,0.1467154175043106,0.211739957332611,1.1320066452026367,5.252924919128418,0.0657330080866813,0.2291064411401748,0.1052410751581192,0.6165481209754944,0.5020837783813477,1.873215675354004,4.698334693908691
85,1024,0.0007,32,CONTROL,,45089,,,18.150723,,,,,,,,,,,,,,,,,,,,,
86,1024,0.0007,32,GMC,1069088.0,394337,0.37374836,24.160671,11.116073,1.3419616222381592,2.5765340328216557,0.4090739786624908,0.4431927800178528,0.4016333520412445,0.265359878540039,0.3879506289958954,1.647341251373291,1.049334168434143,0.5201521515846252,0.8820781707763672,1.2706117630004885,1.6148844957351685,0.541092574596405,0.7653464078903198,1.0004901885986328,0.5320338010787964,0.5361385941505432,1.2019059658050537,1.1124974489212036,8.9718656539917
87,1024,0.0007,32,ICEH,389281.0,410849,0.21053503,9.711653,11.18185,9.462118148803713,1.238076090812683,0.5646582245826721,0.5879179835319519,0.3998885750770569,0.0417601503431797,0.8203004598617554,5.069639682769775,6.102963447570801,0.0850786715745925,0.1766466647386551,0.2809479832649231,1.266729712486267,7.902975082397461,0.5061051249504089,0.7317225933074951,0.1626617461442947,0.1432380974292755,0.5025199055671692,0.6851902008056641,77.11078643798828
88,1024,0.0007,32,MCN,26784.0,45089,0.37105885,8.346464,14.641333,2.730026960372925,3.304008960723877,2.4968483448028564,4.204856395721436,3.9709856510162354,0.3952148556709289,0.7726055383682251,12.55613136291504,7.766515731811523,0.9490143656730652,1.5564887523651123,2.000725269317627,3.759658098220825,0.8561021685600281,1.86797559261322,1.930546760559082,2.450514316558838,4.139358043670654,0.9524196982383728,3.8332347869873047,35.54633712768555
89,1024,0.0007,32,SCARF,46112.0,45089,0.3343423,13.260554,13.686295,,,,,,,,,,,,,,,,,,,,,
90,1024,0.0007,32,SUBTAB,32800.0,45089,0.24447428,8.139582,13.832186,,,,,,,,,,,,,,,,,,,,,
91,1024,0.0007,64,CLIP,90049.0,176193,0.33436948,9.097647,11.070407,0.3712595105171203,0.8381932973861694,0.7820782661437988,0.1247548088431358,0.112538531422615,0.0327436029911041,0.2285785973072052,6.679121971130371,8.61581039428711,0.0802585780620575,0.0553706921637058,0.1314333975315094,0.6047579646110535,6.013406276702881,0.0600768662989139,0.0737613961100578,0.110937014222145,0.2690240740776062,0.3834250867366791,2.002105712890625,2.9081125259399414
92,1024,0.0007,64,CONTROL,,176193,,,13.533789,,,,,,,,,,,,,,,,,,,,,
93,1024,0.0007,64,GMC,1073216.0,463041,0.37807018,17.014091,9.22631,1.3508867025375366,2.5143134593963623,0.4016092717647552,0.4334267675876617,0.3958401083946228,0.2570300698280334,0.382580041885376,1.6647676229476929,1.0774164199829102,0.559511125087738,0.8688379526138306,1.2925084829330444,1.6316081285476685,0.5351449847221375,0.7539101243019104,0.947704017162323,0.5878950953483582,0.5330512523651123,1.1962090730667114,1.1743502616882324,9.220407485961914
94,1024,0.0007,64,ICEH,393409.0,479553,0.23048885,9.837839,10.254908,5.183752059936523,7.150764465332031,1.1828635931015017,0.6093866229057312,0.6632481813430786,0.0523053482174873,0.7209410071372986,5.6898345947265625,4.608328819274902,0.3155657052993774,9.752852439880373,0.6873392462730408,13.091071128845217,9.421765327453612,1.0458905696868896,0.2733049392700195,0.2184789180755615,0.2774932980537414,0.7118048071861267,0.9357269406318665,82.59847259521484
95,1024,0.0007,64,MCN,96576.0,176193,0.2945044,8.444354,12.023644,4.077383518218994,4.3658623695373535,2.578619241714477,1.3062961101531982,2.809087991714477,0.2281724363565445,0.5444819927215576,8.001091957092285,8.859516143798828,0.17886683344841,0.6023820638656616,0.4043614864349365,1.620619773864746,2.4463870525360107,0.6105666756629944,0.6608471274375916,0.7072290778160095,1.290144443511963,0.6681104898452759,3.5134530067443848,29.12740135192871
96,1024,0.0007,64,SCARF,180288.0,176193,0.38460106,11.823238,12.804128,,,,,,,,,,,,,,,,,,,,,
97,1024,0.0007,64,SUBTAB,127040.0,176193,0.31127834,8.401582,13.615163,,,,,,,,,,,,,,,,,,,,,
98,1024,0.0007,128,CLIP,352129.0,696449,0.24695827,8.6178255,9.722369,0.588773787021637,0.6925897598266602,0.4558880925178528,0.1223473995923996,0.1202763468027114,0.0323890186846256,0.1805651783943176,2.8656914234161377,6.856631278991699,0.0716225802898407,0.0481938570737838,0.0412473231554031,0.5223870873451233,8.612898826599121,0.0636037662625312,0.0898342877626419,0.0957425162196159,0.1480411291122436,0.3066838681697845,1.4827109575271606,6.511132717132568
99,1024,0.0007,128,CONTROL,,696449,,,10.594553,,,,,,,,,,,,,,,,,,,,,
100,1024,0.0007,128,GMC,1081472.0,729473,0.39748037,17.765583,8.995474,1.4123486280441284,2.482585430145264,0.4039346873760223,0.4434400498867035,0.4090436100959778,0.287280410528183,0.391377717256546,1.7958680391311646,1.0569734573364258,0.5193169713020325,0.9100833535194396,1.3555872440338137,1.924675822257996,0.6045007109642029,0.7795895338058472,0.9569535255432128,0.5549755692481995,0.5423459410667419,1.1939141750335691,1.146647810935974,12.550339698791504
101,1024,0.0007,128,ICEH,401665.0,745985,0.20803614,12.14817,8.978252,1.3030588626861572,7.064977645874023,0.7688853144645691,0.6190721988677979,0.5932086706161499,0.0472251139581203,1.0052120685577393,4.033653736114502,4.652281761169434,0.1991012245416641,0.586658239364624,1.6413227319717407,1.7965835332870483,10.674190521240234,1.7012566328048706,1.452003002166748,0.8595867156982422,0.4877951741218567,2.6823830604553223,0.918934166431427,14.930500030517578
102,1024,0.0007,128,MCN,365184.0,696449,0.32144812,8.488182,9.298393,2.1412136554718018,4.824766635894775,1.0862212181091309,0.6138003468513489,0.7682633399963379,0.2014542371034622,0.4799014925956726,6.816985130310059,6.214107990264893,0.1808048337697982,0.4589485228061676,0.4774352610111236,1.460418939590454,1.177759051322937,0.4154165983200073,0.4467309117317199,1.673153281211853,2.5041000843048096,0.8086677193641663,2.9444522857666016,30.93260765075684
103,1024,0.0007,128,SCARF,712832.0,696449,0.32267538,12.351117,11.501226,,,,,,,,,,,,,,,,,,,,,
104,1024,0.0007,128,SUBTAB,499840.0,696449,0.34400222,9.175037,11.730655,,,,,,,,,,,,,,,,,,,,,
105,1024,0.001,32,CLIP,23521.0,45089,0.3529259,8.919398,13.746008,1.8570514917373655,1.385753512382507,2.268571615219116,0.141872376203537,0.127457708120346,0.0296601317822933,0.3934210538864136,3.9503369331359854,8.622054100036621,0.0469241552054882,0.0836568102240562,0.2343899011611938,1.0961040258407593,8.3291654586792,0.0593705959618091,0.0714840292930603,0.1044939756393432,0.1660514622926712,0.378422737121582,0.679233729839325,43.12582015991211
106,1024,0.001,32,CONTROL,,45089,,,16.491837,,,,,,,,,,,,,,,,,,,,,
107,1024,0.001,32,GMC,1069088.0,394337,0.37356326,44.614025,9.044523,1.2980724573135376,2.3633761405944824,0.4066694676876068,0.4345793426036834,0.3962093591690063,0.266244888305664,0.3827795386314392,1.6658408641815186,1.0758824348449707,0.5279048085212708,0.8493674397468567,1.2307908535003662,1.7472156286239624,0.6412062644958496,0.7591278553009033,0.9905121326446532,0.5457162857055664,0.5264256000518799,1.1941208839416504,1.1612675189971924,7.361607551574707
108,1024,0.001,32,ICEH,389281.0,410849,0.22635889,9.980039,10.217939,0.6514858603477478,1.403298258781433,0.940533459186554,0.1101924031972885,0.3687579333782196,0.0455085597932338,1.7103875875473022,5.435997486114502,2.021282911300659,0.3955333530902862,0.946144163608551,2.065002918243408,22.66950416564941,8.844447135925293,1.394906997680664,0.1131915152072906,0.1801537871360778,0.1714895367622375,0.6892808675765991,0.8119878768920898,101.71092224121094
109,1024,0.001,32,MCN,26784.0,45089,0.36990714,9.025419,14.650434,3.970261812210083,2.940482378005981,2.6835973262786865,2.8039426803588867,4.80837869644165,0.4782032966613769,0.7402188777923584,8.691288948059082,9.01174259185791,0.3712350130081177,0.3627004623413086,0.823510468006134,1.6948518753051758,0.4982955455780029,0.8561140894889832,0.8829308748245239,3.734189748764038,3.7064385414123535,0.8446316123008728,2.977496862411499,43.39384841918945
110,1024,0.001,32,SCARF,46112.0,45089,0.37361836,10.976791,13.262647,,,,,,,,,,,,,,,,,,,,,
111,1024,0.001,32,SUBTAB,32800.0,45089,0.41720012,9.694881,14.92718,,,,,,,,,,,,,,,,,,,,,
112,1024,0.001,64,CLIP,90049.0,176193,0.33908728,8.515434,11.347186,0.8621613383293152,0.7137372493743896,0.2635140120983124,0.1219967454671859,0.121179424226284,0.0283260121941566,0.1793950498104095,3.1118268966674805,6.35461950302124,0.0985089093446731,0.0507661774754524,0.1129628047347068,0.5015772581100464,2.7058701515197754,0.05822279676795,0.0797728598117828,0.1020136177539825,0.2038329392671585,0.3959323763847351,0.9540436267852784,2.881253480911255
113,1024,0.001,64,CONTROL,,176193,,,12.867524,,,,,,,,,,,,,,,,,,,,,
114,1024,0.001,64,GMC,1073216.0,463041,0.40406916,24.104877,8.768666,1.3382136821746826,2.541804075241089,0.3829788565635681,0.4111467003822326,0.3797054290771484,0.2702029645442962,0.3895043432712555,1.616063356399536,1.0749330520629885,0.5199963450431824,0.8782109022140503,1.3338062763214111,1.7312639951705933,0.6253050565719604,0.7635123133659363,0.9891358613967896,0.5841081142425537,0.496702641248703,1.1879459619522097,1.1538976430892944,16.704160690307617
115,1024,0.001,64,ICEH,393409.0,479553,0.18379824,18.072355,9.209121,0.3775576651096344,3.083203077316284,0.6677156686782837,0.5395429730415344,0.2839804589748382,0.0399304926395416,1.1009039878845217,5.456341743469238,4.070552349090576,0.7229568362236023,0.0844981968402862,1.0854084491729736,6.174747467041016,9.20549774169922,1.431887149810791,0.1565789580345153,0.1999914944171905,0.3087562322616577,0.4984714090824127,1.017101168632507,19.666778564453125
116,1024,0.001,64,MCN,96576.0,176193,0.33421355,8.436089,11.678842,1.2797702550888062,4.217667579650879,1.0269994735717771,0.8406432271003723,1.9701743125915527,0.1558118909597396,0.3766778111457824,6.31823205947876,6.01923418045044,0.1765200346708297,0.2868041396141052,0.2895450890064239,1.3716847896575928,0.8501892685890198,0.4188490808010101,0.6344416737556458,0.7928202748298645,0.6381465196609497,0.6704569458961487,2.0501537322998047,26.55875587463379
117,1024,0.001,64,SCARF,180288.0,176193,0.35054496,15.3861475,12.646899,,,,,,,,,,,,,,,,,,,,,
118,1024,0.001,64,SUBTAB,127040.0,176193,0.34766796,9.38467,12.857354,,,,,,,,,,,,,,,,,,,,,
119,1024,0.001,128,CLIP,352129.0,696449,0.26905003,8.101956,8.798869,0.5169615745544434,0.5005894303321838,0.2491442263126373,0.1242597177624702,0.1126516759395599,0.0293037369847297,0.189561665058136,4.321433067321777,7.085089683532715,0.0562540106475353,0.0416458770632743,0.0346782878041267,0.6940179467201233,3.53104305267334,0.0532281473278999,0.0740807428956031,0.0968065112829208,0.1808402091264724,0.3743003308773041,0.884920060634613,6.3933281898498535
120,1024,0.001,128,CONTROL,,696449,,,10.808559,,,,,,,,,,,,,,,,,,,,,
121,1024,0.001,128,GMC,1081472.0,729473,0.39142805,32.60596,9.990506,1.2959259748458862,2.3376712799072266,0.3911694884300232,0.4216816127300262,0.3866215050220489,0.2586708664894104,0.3802859187126159,1.6375941038131714,1.069962501525879,0.5596076250076294,0.951101779937744,1.1702704429626465,1.709980845451355,0.5861412882804871,0.7592973113059998,0.9579619765281676,0.5630740523338318,0.514192521572113,1.1900123357772827,1.1605045795440674,14.44833278656006
122,1024,0.001,128,ICEH,401665.0,745985,0.21105364,16.607927,8.569611,1.671553611755371,1.824560523033142,1.096094846725464,0.7145074009895325,0.4707768261432647,0.0445589497685432,0.8730291128158569,4.584157466888428,7.69648551940918,0.2978866100311279,2.445042371749878,2.877992868423462,5.4887800216674805,8.464646339416504,1.2416329383850098,0.5366097092628479,0.4355218708515167,0.1917441338300705,2.204134225845337,0.761466920375824,4.439465999603272
123,1024,0.001,128,MCN,365184.0,696449,0.3315769,8.00557,10.024518,1.3055555820465088,4.786872386932373,2.128357172012329,2.3457789421081543,1.9109766483306885,0.311147004365921,0.5907080769538879,6.162983417510986,7.799168586730957,0.2838991284370422,0.4476706981658935,0.72625333070755,2.0095443725585938,0.6767900586128235,0.7353853583335876,0.9810299873352052,2.841877222061157,1.3328715562820437,0.7077971696853638,2.4243295192718506,23.56785011291504
124,1024,0.001,128,SCARF,712832.0,696449,0.361642,12.626993,10.848488,,,,,,,,,,,,,,,,,,,,,
125,1024,0.001,128,SUBTAB,499840.0,696449,0.35987163,10.042049,9.703175,,,,,,,,,,,,,,,,,,,,,
126,1024,0.002,32,CLIP,23521.0,45089,0.3683313,8.603048,12.579375,1.0852876901626587,0.7992276549339294,0.2400689125061035,0.1363363265991211,0.1133772656321525,0.0369991585612297,0.302461564540863,3.135085105895996,8.71307373046875,0.1370443552732467,0.0369253419339656,0.0513334423303604,0.7948433756828308,2.0727956295013428,0.0591793619096279,0.0923235639929771,0.0972884744405746,0.1229074597358703,0.476602703332901,1.8759207725524905,1.731484055519104
127,1024,0.002,32,CONTROL,,45089,,,12.251167,,,,,,,,,,,,,,,,,,,,,
128,1024,0.002,32,GMC,1069088.0,394337,0.45045438,17.506098,9.369537,1.347229242324829,2.627194881439209,0.3565675318241119,0.3914989829063415,0.3748838007450104,0.2342226654291153,0.3565365672111511,1.6035181283950806,1.1954779624938965,0.4912737905979156,0.8507930636405945,1.1389870643615725,1.7361164093017578,2.1094932556152344,0.7609757781028748,0.9563613533973694,0.5072709918022156,0.4637408256530761,1.2029716968536377,1.1045962572097778,13.025358200073242
129,1024,0.002,32,ICEH,389281.0,410849,0.20473434,15.922764,10.130339,0.29744753241539,7.3351006507873535,0.667142391204834,0.4954193830490112,0.2244199365377426,0.0292048454284667,1.9116240739822388,3.4959964752197266,3.79889726638794,0.2273197770118713,0.3331495821475982,0.0655296072363853,9.313526153564451,7.996494293212891,0.2345058917999267,0.1587998121976852,0.2752809524536133,0.1617162227630615,0.7396684885025024,0.8207809925079346,123.40674591064452
130,1024,0.002,32,MCN,26784.0,45089,0.35071388,8.561929,10.932441,4.1943769454956055,6.831233501434326,2.6798739433288574,3.395959854125977,4.009912490844727,0.4570189714431762,1.0515018701553345,11.641987800598145,9.007917404174805,0.3948287665843963,0.7195101380348206,0.99199116230011,3.726820945739746,1.4749658107757568,1.1645089387893677,1.3520958423614502,2.864557981491089,2.9973363876342773,0.8455971479415894,3.9786477088928223,37.58753967285156
131,1024,0.002,32,SCARF,46112.0,45089,0.33199015,13.300848,12.127744,,,,,,,,,,,,,,,,,,,,,
132,1024,0.002,32,SUBTAB,32800.0,45089,0.338776,8.103778,13.467959,,,,,,,,,,,,,,,,,,,,,
133,1024,0.002,64,CLIP,90049.0,176193,0.2970966,8.16218,9.444272,0.4301237761974334,0.7158003449440002,0.5126450061798096,0.1117884367704391,0.1218382492661476,0.0296903792768716,0.2153227478265762,3.843320369720459,5.6031036376953125,0.1128487810492515,0.0312501266598701,0.0532408505678176,0.5200589299201965,7.927721500396728,0.0603876151144504,0.1130734682083129,0.1016684398055076,0.1663724035024643,0.428642600774765,0.791525661945343,4.893479824066162
134,1024,0.002,64,CONTROL,,176193,,,10.454038,,,,,,,,,,,,,,,,,,,,,
135,1024,0.002,64,GMC,1073216.0,463041,0.45000473,160.43144,8.388798,1.3370236158370972,2.9884212017059326,0.3818948566913605,0.431675910949707,0.3989133536815643,0.2722689509391784,0.3922021687030792,1.848095417022705,1.1533195972442627,0.5873255133628845,1.1197508573532104,1.5685406923294067,2.5838866233825684,0.6816603541374207,0.7777381539344788,0.9708904027938844,0.5650487542152405,0.5086874961853027,1.206987380981445,1.1790311336517334,23.31304359436035
136,1024,0.002,64,ICEH,393409.0,479553,0.20297527,15.360975,8.287003,0.3679640591144562,1.4438847303390503,1.01812481880188,0.2593858540058136,0.1692610830068588,0.0529769137501716,1.0503782033920288,3.714153051376343,3.8744540214538574,0.1706428676843643,1.1324089765548706,7.97157621383667,1.5900238752365112,4.758598327636719,0.136524960398674,0.0940192639827728,1.1492317914962769,0.5753709077835083,0.8366118669509888,0.7606604099273682,138.47792053222656
137,1024,0.002,64,MCN,96576.0,176193,0.29706785,8.821544,9.74254,1.599351406097412,4.527169704437256,1.0274791717529297,0.4447271525859833,0.3786294460296631,0.0870500430464744,0.3167174458503723,3.82211971282959,3.9897077083587646,0.1349996328353881,0.1772990524768829,0.2477722465991974,1.0302780866622925,4.339242458343506,0.2585431039333343,0.2647300362586975,0.2505831122398376,0.2422450929880142,0.6108333468437195,1.9870301485061648,26.6673583984375
138,1024,0.002,64,SCARF,180288.0,176193,0.3335528,11.496589,11.705237,,,,,,,,,,,,,,,,,,,,,
139,1024,0.002,64,SUBTAB,127040.0,176193,0.33254588,9.907513,11.446613,,,,,,,,,,,,,,,,,,,,,
140,1024,0.002,128,CLIP,352129.0,696449,0.27809936,8.218769,8.208497,0.6752426028251648,0.6836400628089905,0.2804695963859558,0.1206841617822647,0.1141986325383186,0.0340351723134517,0.2098071426153183,2.960570335388184,7.703747272491455,0.0444800183176994,0.0393701791763305,0.0597823448479175,0.5726857781410217,5.22304105758667,0.0563484318554401,0.1109127700328826,0.1220111921429634,0.155395820736885,0.4077233970165252,0.9441468119621276,13.372007369995115
141,1024,0.002,128,CONTROL,,696449,,,11.342557,,,,,,,,,,,,,,,,,,,,,
142,1024,0.002,128,GMC,1081472.0,729473,0.5365482,233.66435,8.562016,1.371353030204773,2.585007429122925,0.3932637274265289,0.4540714025497436,0.4216250777244568,0.2668298780918121,0.3765592277050018,1.709926724433899,1.1669371128082275,0.5433608889579773,0.9502006769180298,1.392550706863403,1.9757966995239256,0.446772813796997,0.7782623767852783,0.9670814871788024,0.595905601978302,0.5635613203048706,1.1804624795913696,1.1901686191558838,49.40637969970703
143,1024,0.002,128,ICEH,401665.0,745985,0.19368818,15.781436,8.699145,0.9995712041854858,2.469754934310913,0.964379072189331,0.3442922830581665,0.3079680204391479,0.0450980253517627,1.2539048194885254,3.9138240814208975,3.535825490951538,0.1741378456354141,0.4440034329891205,2.604822158813477,1.8249157667160036,8.536528587341309,0.0739492624998092,0.1034207195043563,0.1731347441673278,0.2093173116445541,0.6450045108795166,1.0573337078094482,86.37564849853516
144,1024,0.002,128,MCN,365184.0,696449,0.29680535,10.3838415,9.081989,1.52392840385437,3.456488132476806,0.7697848677635193,0.4466039836406708,0.5844436883926392,0.0790818557143211,0.3303354680538177,3.861327171325684,3.268965482711792,0.124422512948513,0.1352493166923523,0.2411380112171173,1.015799045562744,4.993061542510986,0.3005652725696563,0.3153822124004364,0.3055155277252197,0.3918808102607727,0.7333164215087891,1.2277600765228271,32.955753326416016
145,1024,0.002,128,SCARF,712832.0,696449,0.39332262,65.71707,10.870101,,,,,,,,,,,,,,,,,,,,,
146,1024,0.002,128,SUBTAB,499840.0,696449,0.34604707,9.341414,9.152564,,,,,,,,,,,,,,,,,,,,,
147,1024,0.003,32,CLIP,23521.0,45089,0.33339232,8.176844,11.669976,1.1050814390182495,0.7277425527572632,0.276022732257843,0.1218646094202995,0.1297985017299652,0.0314658693969249,0.2606438994407654,2.628661870956421,8.573141098022461,0.0562106929719448,0.0430970713496208,0.0838686525821685,0.4973892569541931,2.248388767242432,0.0546281486749649,0.0795944333076477,0.0902481451630592,0.1293603628873825,0.4201712608337402,3.0478415489196777,80.52128601074219
148,1024,0.003,32,CONTROL,,45089,,,12.151148,,,,,,,,,,,,,,,,,,,,,
149,1024,0.003,32,GMC,1069088.0,394337,0.47124073,82.08231,9.334366,1.3852204084396362,2.5920755863189697,0.4305906593799591,0.3902459442615509,0.357698917388916,0.2718542814254761,0.3838065862655639,1.5632771253585815,1.172707438468933,0.4882836043834686,0.8987663388252258,1.1497571468353271,1.7308635711669922,0.6334030628204346,0.7709863185882568,0.9900665879249572,0.5489559769630432,0.5012423396110535,1.1808074712753296,1.1482429504394531,20.4566707611084
150,1024,0.003,32,ICEH,389281.0,410849,0.20713666,14.768022,7.1772385,0.5260829925537109,5.454034805297852,0.5233222842216492,0.2923365533351898,0.2653113901615143,0.0298879630863666,1.3323655128479004,5.758229732513428,4.695034503936768,0.2328815758228302,0.1335725039243698,1.918371558189392,1.9368243217468264,9.430036544799805,0.0910394042730331,0.1335176229476928,0.2851599752902984,0.5081165432929993,0.8909932971000671,2.0317883491516118,131.37384033203125
151,1024,0.003,32,MCN,26784.0,45089,0.32512066,9.065617,12.443064,3.588716745376587,5.258558750152588,2.2842910289764404,1.2982127666473389,1.919325947761536,0.2605539560317993,0.5810004472732544,5.48448657989502,8.496231079101562,0.1796593964099884,0.4475002288818359,0.5996372699737549,1.328853964805603,0.4791108667850494,0.534874677658081,0.6271442770957947,0.465322732925415,3.6942989826202393,0.649875819683075,1.364902138710022,24.1605281829834
152,1024,0.003,32,SCARF,46112.0,45089,0.36599737,31.345732,10.833591,,,,,,,,,,,,,,,,,,,,,
153,1024,0.003,32,SUBTAB,32800.0,45089,0.32083955,9.158039,10.629307,,,,,,,,,,,,,,,,,,,,,
154,1024,0.003,64,CLIP,90049.0,176193,0.25690833,7.964539,8.763108,0.8310940861701965,0.6966251730918884,0.764324963092804,0.1247936189174652,0.1149334236979484,0.0353029184043407,0.2211015075445175,5.799435138702393,8.856350898742676,0.0884089395403862,0.0333397127687931,0.0585549734532833,0.320705771446228,7.179233551025391,0.0554246380925178,0.0831349566578865,0.1002677753567695,0.1398095488548278,0.3429848253726959,2.1846370697021484,0.8156610727310181
155,1024,0.003,64,CONTROL,,176193,,,9.7295475,,,,,,,,,,,,,,,,,,,,,
156,1024,0.003,64,GMC,1073216.0,463041,0.5335536,129.13353,8.513572,1.3708442449569702,2.6695895195007324,0.4096843004226684,0.4464108049869537,0.4110481142997741,0.2692358195781708,0.367698460817337,1.805093765258789,1.330921292304993,0.5129246711730957,0.9016860723495485,1.2067084312438965,1.8677959442138672,0.4378787875175476,0.7663385272026062,0.9633135795593262,0.5844661593437195,0.5538578033447266,1.181729078292847,1.1649808883666992,21.156116485595703
157,1024,0.003,64,ICEH,393409.0,479553,0.1935459,22.447561,7.7075186,0.4213657677173614,10.540417671203612,0.5968016386032104,0.360114187002182,0.4143126010894775,0.0256160944700241,1.066860318183899,4.20349645614624,3.49405837059021,2.154320001602173,3.495863199234009,7.835931777954102,10.123268127441406,12.623428344726562,0.4565016329288482,0.1103793829679489,0.2081231474876403,0.159935176372528,0.7262373566627502,0.8854223489761353,105.97040557861328
158,1024,0.003,64,MCN,96576.0,176193,0.30878523,10.09817,8.482992,2.6389236450195312,5.535670757293701,1.2009505033493042,0.8986151218414307,0.863163411617279,0.107568472623825,0.4189879596233368,4.892642021179199,6.140017509460449,0.1497923135757446,0.2083168625831604,0.3344597518444061,1.479030728340149,5.752448558807373,0.3201578557491302,0.3934516608715057,0.5557798743247986,0.6215195655822754,0.6238203048706055,1.315318584442139,26.688779830932617
159,1024,0.003,64,SCARF,180288.0,176193,0.34560442,12.448681,11.7308235,,,,,,,,,,,,,,,,,,,,,
160,1024,0.003,64,SUBTAB,127040.0,176193,0.38386855,10.299487,10.652283,,,,,,,,,,,,,,,,,,,,,
161,1024,0.003,128,CLIP,352129.0,696449,0.2576991,8.129145,8.022972,0.9451468586921692,0.7064104676246643,0.3078191876411438,0.1312559992074966,0.1142436489462852,0.0284215174615383,0.1854082942008972,4.140867710113525,4.648719310760498,0.0427321083843708,0.1071779206395149,0.0441475547850132,0.4611934125423431,6.857746601104736,0.0552898310124874,0.1139379367232322,0.1002216413617134,0.1726476103067398,0.4186078310012817,1.457160472869873,7.054971694946289
162,1024,0.003,128,CONTROL,,696449,,,8.805221,,,,,,,,,,,,,,,,,,,,,
163,1024,0.003,128,GMC,1081472.0,729473,0.5537256,232.91463,9.01008,1.3758280277252195,3.6402428150177,0.4042466282844543,0.4470566809177398,0.4042074680328369,0.2677239179611206,0.3672477602958679,1.773308277130127,1.189059853553772,0.5390923023223877,0.9538739919662476,1.3334271907806396,1.9263314008712769,0.4436847865581512,0.761285126209259,0.950894296169281,0.6045085787773132,0.5792604684829712,1.1879361867904663,1.187625527381897,21.37522315979004
164,1024,0.003,128,ICEH,401665.0,745985,0.20238197,27.430351,7.4057584,0.2869689166545868,3.7967820167541504,0.6435995101928711,0.1442895829677581,0.1688928306102752,0.0752635672688484,1.345080018043518,4.1173272132873535,2.145648717880249,0.0861557275056839,0.1083304062485694,0.1336708217859268,1.479404091835022,7.900478839874268,0.0773003473877906,0.0840876996517181,0.1782230585813522,0.2406445443630218,0.8392251133918762,0.6804238557815552,123.69091796875
165,1024,0.003,128,MCN,365184.0,696449,0.29069814,9.613009,10.415473,1.0489263534545898,4.063068866729736,0.8030894994735718,0.5081856846809387,0.5000070929527283,0.0778889432549476,0.2752445936203003,3.8244082927703857,3.901812314987183,0.1248944923281669,0.1572312861680984,0.1918874233961105,1.1828120946884155,3.198507070541382,0.2650078237056732,0.3089850842952728,0.3100845217704773,0.283206582069397,0.7097991108894348,0.9719785451889038,25.07350730895996
166,1024,0.003,128,SCARF,712832.0,696449,0.35742992,18.055107,9.058853,,,,,,,,,,,,,,,,,,,,,
167,1024,0.003,128,SUBTAB,499840.0,696449,0.34080526,9.244951,9.33694,,,,,,,,,,,,,,,,,,,,,
168,1024,0.005,32,CLIP,23521.0,45089,0.25063595,7.8217773,9.118019,1.000585913658142,0.5202453136444092,0.2514929175376892,0.1412211656570434,0.1260497719049453,0.0299277566373348,0.241494745016098,10.17085075378418,8.530716896057129,0.0478537119925022,0.0509117096662521,0.0868058428168296,0.8119593262672424,0.7244941592216492,0.0578935109078884,0.1001917570829391,0.1134200468659401,0.159789577126503,0.428532600402832,1.0544817447662354,25.38479423522949
169,1024,0.005,32,CONTROL,,45089,,,10.24536,,,,,,,,,,,,,,,,,,,,,
170,1024,0.005,32,GMC,1069088.0,394337,0.5579216,197.62024,9.3696785,1.380473494529724,2.68322229385376,0.4718263149261474,0.4658381044864654,0.4210377037525177,0.2808514535427093,0.3629488050937652,1.8472148180007932,5.162166595458984,0.5393523573875427,0.933318555355072,1.338015913963318,1.9640313386917116,0.4535198211669922,0.7666707038879395,0.9642061591148376,0.6405717134475708,0.5420249700546265,1.1752642393112185,1.1623941659927368,20.354412078857425
171,1024,0.005,32,ICEH,389281.0,410849,0.2586802,8.986161,7.32611,1.2192449569702148,1.7429169416427612,0.5541195273399353,0.4049403369426727,0.3183790147304535,0.0510232560336589,0.4356957077980041,2.553591251373291,1.087052822113037,4.847561359405518,7.54645824432373,9.408594131469728,3.0952534675598145,3.701436758041382,0.2657546401023865,0.4602877795696258,3.228983163833618,0.1939466148614883,1.189013123512268,0.842480480670929,6.5922160148620605
172,1024,0.005,32,MCN,26784.0,45089,0.32788473,11.168564,8.759128,2.492337226867676,2.2303924560546875,2.4715230464935303,1.1535717248916626,0.895409107208252,0.1180903539061546,0.2573851943016052,4.9865403175354,8.35305118560791,0.1303123831748962,0.1177869737148284,0.1813128739595413,0.9661610722541808,5.0241475105285645,0.2241660207509994,0.2345381379127502,0.3097361326217651,0.2598429322242737,1.5468183755874634,2.313577890396118,29.596546173095703
173,1024,0.005,32,SCARF,46112.0,45089,0.37390232,259.0769,11.640591,,,,,,,,,,,,,,,,,,,,,
174,1024,0.005,32,SUBTAB,32800.0,45089,0.36642212,9.587383,9.96513,,,,,,,,,,,,,,,,,,,,,
175,1024,0.005,64,CLIP,90049.0,176193,0.28171167,7.898476,8.292934,0.8438110947608948,0.8217840194702148,0.2676856517791748,0.1234309300780296,0.1245351061224937,0.032020017504692,0.1968865394592285,6.425948143005371,5.806466579437256,0.0480853579938411,0.0360138490796089,0.0908344984054565,0.4912774860858917,7.026381969451904,0.0544645301997661,0.0638660788536071,0.1039491444826126,0.147022470831871,0.4294635355472564,0.8637856245040894,5.531713485717773
176,1024,0.005,64,CONTROL,,176193,,,8.690584,,,,,,,,,,,,,,,,,,,,,
177,1024,0.005,64,GMC,1073216.0,463041,0.56655246,214.52377,7.2564907,1.3855962753295898,3.784843683242798,0.4087603986263275,0.4406482279300689,0.412193238735199,0.2899677455425262,0.4044298827648163,1.7350391149520874,1.2301491498947144,0.5088114142417908,0.9105173349380492,1.260966181755066,1.9424790143966677,0.4384128153324127,0.7635186910629272,0.9580910801887512,0.6043602824211121,0.5402026772499084,1.181259274482727,1.1981911659240725,22.25704574584961
178,1024,0.005,64,ICEH,393409.0,479553,0.21359359,13.706244,6.7053814,1.5442743301391602,2.1984879970550537,0.5720999240875244,0.4614595770835876,0.4536749720573425,0.2131470143795013,0.4017033278942108,1.9174706935882568,1.0415949821472168,0.7473046183586121,0.1246966645121574,0.3649791479110718,3.534914970397949,1.607348084449768,0.5292648077011108,0.4995050430297851,2.783453226089477,2.186090469360352,1.1767761707305908,1.1447917222976685,6.6143059730529785
179,1024,0.005,64,MCN,96576.0,176193,0.33059672,9.541735,8.78406,3.05122971534729,2.456068515777588,1.4591189622879028,1.369212031364441,1.3394994735717771,0.1320270746946334,0.4257729947566986,5.986067295074463,8.203595161437988,0.2074899673461914,0.3413934707641601,0.7135438323020935,1.335046648979187,0.9347175359725952,0.6606749296188354,0.6892217993736267,0.4824296534061432,0.9322486519813538,0.805976152420044,1.902878165245056,27.189918518066406
180,1024,0.005,64,SCARF,180288.0,176193,0.3708925,253.02383,9.885463,,,,,,,,,,,,,,,,,,,,,
181,1024,0.005,64,SUBTAB,127040.0,176193,0.35629463,9.191694,8.677039,,,,,,,,,,,,,,,,,,,,,
182,1024,0.005,128,CLIP,352129.0,696449,0.26869217,8.114463,7.755996,1.3592487573623655,0.7322041392326355,0.2586446106433868,0.1290571540594101,0.1207057312130928,0.027383092790842,0.2152100354433059,5.216056346893311,8.408862113952637,0.0624709911644458,0.0371592491865158,0.1967834681272506,0.536792516708374,7.9860334396362305,0.057053904980421,0.0768019333481788,0.1039834395051002,0.1855465024709701,0.4390356242656708,1.0950363874435425,3.4996280670166016
183,1024,0.005,128,CONTROL,,696449,,,9.889136,,,,,,,,,,,,,,,,,,,,,
184,1024,0.005,128,GMC,1081472.0,729473,0.5819924,262.02155,9.245596,1.3946453332901,3.857901811599731,0.4376256465911865,0.4848020374774933,0.4407218992710113,0.2993074655532837,0.4070475399494171,11.806376457214355,6.532575607299805,0.5599098205566406,1.0200278759002686,1.473966121673584,2.250406265258789,0.465979665517807,0.8345193862915039,1.008522629737854,0.6350616216659546,0.5664036273956299,1.1713049411773682,1.1939325332641602,16.633800506591797
185,1024,0.005,128,ICEH,401665.0,745985,0.22861531,13.602439,6.6822767,0.8909066319465637,4.124141216278076,0.3763116598129272,0.4386394321918487,0.2397959977388382,0.0569796040654182,0.4525036215782165,3.244562149047852,1.375440001487732,0.0747597515583038,0.0789653286337852,0.1120798736810684,3.542661428451538,0.5040813088417053,0.6624955534934998,1.979394793510437,2.2535557746887207,2.7234461307525635,1.328656792640686,3.76599645614624,3.893153429031372
186,1024,0.005,128,MCN,365184.0,696449,0.33343157,8.744308,7.7278237,1.0098834037780762,2.247795343399048,0.7127242088317871,0.8859274983406067,0.8272700905799866,0.0703819096088409,0.2721188962459564,4.07009744644165,3.0526444911956787,0.1533525586128235,0.1884813010692596,0.2229682803153991,1.3799870014190674,0.9416724443435668,0.2987349331378937,0.4009892046451568,0.4635799527168274,0.5393504500389099,1.1615557670593262,1.4006294012069702,18.38059425354004
187,1024,0.005,128,SCARF,712832.0,696449,0.40044868,13.66067,8.537324,,,,,,,,,,,,,,,,,,,,,
188,1024,0.005,128,SUBTAB,499840.0,696449,0.34125367,9.740952,8.423451,,,,,,,,,,,,,,,,,,,,,
189,1024,0.007,32,CLIP,23521.0,45089,0.25023782,8.054459,8.750472,1.099349856376648,0.8272731304168701,0.2401638925075531,0.129461795091629,0.1206045746803283,0.0293811187148094,0.2443865090608596,4.464003086090088,8.401493072509766,0.0517695248126983,0.0399371646344661,0.1388365179300308,0.4921868443489074,8.089926719665527,0.0577680133283138,0.0765682831406593,0.0948548391461372,0.1386966258287429,0.4475563466548919,1.5921401977539062,7.600585460662842
190,1024,0.007,32,CONTROL,,45089,,,11.623823,,,,,,,,,,,,,,,,,,,,,
191,1024,0.007,32,GMC,1069088.0,394337,0.6421306,269.90244,11.326179,1.6036893129348757,2.4634718894958496,3.189394950866699,1.4061546325683594,0.956889808177948,0.362161248922348,0.4444705247879028,15.25578784942627,9.13430404663086,0.7775246500968933,1.3327898979187012,1.9436304569244385,2.935603141784668,0.4842655062675476,0.9924885034561156,1.1659700870513916,1.3833787441253662,0.6582255959510803,1.2188353538513184,3.303306579589844,37.300968170166016
192,1024,0.007,32,ICEH,389281.0,410849,0.25585002,13.448476,6.301043,1.6594176292419434,1.907575249671936,0.969648778438568,1.2397018671035769,1.0422683954238892,0.0964745506644249,0.4155098497867584,2.3666112422943115,1.0850622653961182,0.0786459669470787,0.0643410682678222,1.167932391166687,3.41304612159729,2.305774688720703,0.1314865052700042,0.1884345263242721,4.050806999206543,1.8243952989578247,1.1981232166290283,1.524129033088684,6.810834884643555
193,1024,0.007,32,MCN,26784.0,45089,0.32751873,15.912805,8.773061,2.4287877082824707,6.0254669189453125,1.9676305055618288,1.24146831035614,1.8874136209487915,0.0840548649430275,0.3135901391506195,9.621209144592283,5.813549041748047,0.1887203752994537,0.1719766408205032,0.319587379693985,1.364810347557068,6.411618232727051,0.2892042398452759,0.3248157799243927,0.2735191881656647,0.2520768642425537,1.445806860923767,1.3454123735427856,24.464862823486328
194,1024,0.007,32,SCARF,46112.0,45089,0.32222527,23.03872,10.5608835,,,,,,,,,,,,,,,,,,,,,
195,1024,0.007,32,SUBTAB,32800.0,45089,0.3488858,9.343512,11.060737,,,,,,,,,,,,,,,,,,,,,
196,1024,0.007,64,CLIP,90049.0,176193,0.2283997,8.508768,6.967263,0.6076697707176208,0.6244124174118042,0.4677309691905975,0.1181170642375946,0.1138672828674316,0.0293678548187017,0.21295727789402,2.600651979446411,5.217890739440918,0.043833814561367,0.0360498838126659,0.0413614846765995,0.5932485461235046,8.733083724975586,0.054509662091732,0.0728506967425346,0.1050552055239677,0.145313873887062,0.4406575262546539,0.9726909399032592,26.80889320373535
197,1024,0.007,64,CONTROL,,176193,,,9.041734,,,,,,,,,,,,,,,,,,,,,
198,1024,0.007,64,GMC,1073216.0,463041,0.559717,141.09116,11.743014,2.1632988452911377,2.6191368103027344,4.449703693389893,3.931853294372559,5.701542854309082,0.3401677310466766,0.4691205322742462,19.476341247558597,10.49693489074707,0.5337539315223694,1.4545725584030151,1.9688218832015991,2.849233865737915,0.3559067249298095,1.116910696029663,1.5278524160385132,6.048068523406982,4.393437385559082,1.254003882408142,2.631880521774292,29.48206901550293
199,1024,0.007,64,ICEH,393409.0,479553,0.20891804,19.888643,7.188192,0.8381709456443787,1.917725682258606,0.5892137289047241,0.6551002860069275,0.5315772294998169,0.2789540588855743,0.4050826728343963,1.4788362979888916,0.956533133983612,0.0882415622472763,1.215694546699524,0.3755216002464294,3.454533815383911,0.9065508842468262,0.6047506332397461,2.5677781105041504,3.532684564590454,1.131609559059143,1.1165695190429688,0.9953038692474364,7.007211208343506
200,1024,0.007,64,MCN,96576.0,176193,0.31664485,9.777821,8.341148,1.26788592338562,3.4549922943115234,0.9264830946922302,0.8575594425201416,0.9186331629753112,0.0765896141529083,0.3104424178600311,5.699820041656494,4.325713157653809,0.1331429481506347,0.1571816205978393,0.1853419840335846,0.9827060699462892,5.65179967880249,0.2382594943046569,0.256659060716629,0.2622000575065613,0.3272798359394073,1.2348517179489136,1.271395921707153,27.338468551635746
201,1024,0.007,64,SCARF,180288.0,176193,0.41052428,11.841964,10.885265,,,,,,,,,,,,,,,,,,,,,
202,1024,0.007,64,SUBTAB,127040.0,176193,0.35934234,9.347818,8.188255,,,,,,,,,,,,,,,,,,,,,
203,1024,0.007,128,CLIP,352129.0,696449,0.23745348,8.038482,7.36268,0.7728694081306458,0.6096119284629822,0.2225867360830307,0.1273261308670044,0.1127370223402977,0.0275561865419149,0.224500834941864,2.9327585697174072,7.147422790527344,0.1022064387798309,0.033011320978403,0.0502381771802902,0.3263446390628814,5.7934250831604,0.0524405501782894,0.0754477828741073,0.0941067263484001,0.1658730059862136,0.4134243130683899,0.5851277709007263,5.075690746307373
204,1024,0.007,128,CONTROL,,696449,,,9.247268,,,,,,,,,,,,,,,,,,,,,
205,1024,0.007,128,GMC,1081472.0,729473,0.5846316,116.317986,10.941773,1.6650846004486084,2.529510259628296,3.7042646408081055,5.856524467468262,4.977592468261719,0.3479227125644684,0.4542405903339386,18.10080337524414,9.381668090820312,0.6522781848907471,1.2553170919418335,1.7801940441131592,2.2481656074523926,0.4750365614891052,1.021872639656067,1.3065897226333618,5.22728443145752,4.881843566894531,9.854565620422363,4.351413726806641,44.726524353027344
206,1024,0.007,128,ICEH,401665.0,745985,0.24407443,13.421275,6.852177,1.043020248413086,2.526455879211426,0.2790027856826782,0.2417428344488144,0.1653611361980438,0.3442502319812774,0.4491090476512909,1.938578724861145,0.9582477807998656,1.2036864757537842,2.1454286575317383,2.457656145095825,3.016209840774536,0.4302608966827392,0.1299323737621307,0.1829937398433685,2.794763803482056,2.3870716094970703,1.158373236656189,0.9495543837547302,6.73374605178833
207,1024,0.007,128,MCN,365184.0,696449,0.3266,8.870683,9.084416,1.2035009860992432,2.5475103855133057,1.1891465187072754,0.8685659766197205,1.5386545658111572,0.1510496139526367,0.4341714680194855,10.371248245239258,4.572106838226318,0.1687555611133575,0.2032503634691238,0.2294490933418274,0.9970320463180542,0.540252685546875,0.3735081255435943,0.3939812779426574,0.5499042272567749,0.5824763774871826,1.4209754467010498,1.2776391506195068,12.829925537109377
208,1024,0.007,128,SCARF,712832.0,696449,0.44049183,12.816745,9.549242,,,,,,,,,,,,,,,,,,,,,
209,1024,0.007,128,SUBTAB,499840.0,696449,0.3826142,13.960707,8.345266,,,,,,,,,,,,,,,,,,,,,
210,1024,0.01,32,CLIP,23521.0,45089,0.26231605,8.540244,8.317393,0.9319514632225036,0.8500376343727112,0.2704498767852783,0.1205852404236793,0.1166673153638839,0.0282881669700145,0.2419611513614654,2.9103341102600098,5.704354763031006,0.1031526550650596,0.0448039062321186,0.0821516066789627,0.4667467176914215,6.974606990814209,0.054085373878479,0.0672112107276916,0.1025606170296669,0.1284233629703521,0.4859491884708404,0.4907494485378265,23.112966537475582
211,1024,0.01,32,CONTROL,,45089,,,9.362418,,,,,,,,,,,,,,,,,,,,,
212,1024,0.01,32,GMC,1069088.0,394337,0.5233547,23.819208,11.796406,2.0350162982940674,2.531133890151977,1.458884358406067,2.925726413726806,3.243265390396118,0.34996297955513,0.3933443129062652,10.350336074829102,5.023270606994629,0.6609309315681458,1.2639987468719482,2.004249334335327,2.9052553176879883,0.4474546909332275,1.18572199344635,1.8004158735275269,2.5657684803009038,1.541594386100769,1.1812471151351929,8.71656608581543,56.79350280761719
213,1024,0.01,32,ICEH,389281.0,410849,0.2858943,27.029726,7.29299,1.1884233951568604,1.3116867542266846,1.2435678243637085,0.7179498672485352,1.015747308731079,2.686986207962036,0.5132527947425842,1.866586685180664,0.8789348602294922,1.2076817750930786,2.263099193572998,3.2460436820983887,3.542661428451538,3.002861261367798,1.1303149461746216,1.4986777305603027,3.83899450302124,2.8331193923950195,1.2341618537902832,1.7097989320755005,7.426255226135254
214,1024,0.01,32,MCN,26784.0,45089,0.28618756,11.147866,8.0272,1.0480326414108276,4.33104133605957,0.7010217905044556,0.45128333568573,0.4834783375263214,0.0752260312438011,0.3147332072257995,5.747565746307373,3.5390102863311768,0.1309209167957306,0.1140677779912948,0.1764229536056518,1.264232158660889,3.1463510990142822,0.1983920186758041,0.2313191145658493,0.2192553579807281,0.2193105518817901,2.152385234832764,1.1585137844085691,21.712852478027344
215,1024,0.01,32,SCARF,46112.0,45089,0.39399824,11.183963,10.699727,,,,,,,,,,,,,,,,,,,,,
216,1024,0.01,32,SUBTAB,32800.0,45089,0.35107148,10.424707,10.147629,,,,,,,,,,,,,,,,,,,,,
217,1024,0.01,64,CLIP,90049.0,176193,0.23747465,8.180818,7.272669,0.4842759370803833,0.73870450258255,0.2234364151954651,0.1251509338617324,0.1118144169449806,0.0303191114217042,0.2226929068565368,2.952597379684448,3.762576580047608,0.059271715581417,0.0352142862975597,0.0535218119621276,0.4091646373271942,5.571020603179932,0.0526426285505294,0.0721451565623283,0.0927545502781868,0.154038205742836,0.4190389513969421,0.5188484191894531,9.303573608398438
218,1024,0.01,64,CONTROL,,176193,,,11.278928,,,,,,,,,,,,,,,,,,,,,
219,1024,0.01,64,GMC,1073216.0,463041,0.54726774,202.82268,11.792475,1.411749243736267,3.6456239223480233,0.3904496431350708,0.4431905746459961,0.4278073310852051,0.2754567563533783,0.3684048950672149,1.7462434768676758,1.1302390098571775,0.5197338461875916,0.8786361217498779,1.28188955783844,1.9017671346664429,0.4467396438121795,0.7747895121574402,0.9575746655464172,0.5934586524963379,0.5383515954017639,1.1865296363830566,1.1821331977844238,25.69115829467773
220,1024,0.01,64,ICEH,393409.0,479553,0.3427679,15.61687,8.329245,2.2242770195007324,2.614557266235352,0.1992266923189163,0.2854666411876678,0.335268497467041,0.0961155369877815,0.520751953125,1.8634510040283203,1.3778748512268066,1.5265600681304932,1.6620835065841677,2.200394868850708,1.770243525505066,1.5894135236740112,0.9588348865509032,1.2024967670440674,6.691061973571777,0.1560708135366439,1.1236207485198977,1.1510525941848757,6.615164279937744
221,1024,0.01,64,MCN,96576.0,176193,0.30064765,11.381979,6.673514,0.6283398866653442,3.355279922485352,0.5090577006340027,0.388844221830368,0.4415024220943451,0.0589412115514278,0.2610609233379364,3.804573774337769,4.041093826293945,0.1306066066026687,0.0959995836019516,0.1284511834383011,0.9843071103096008,3.943420886993408,0.2064022719860077,0.2082105875015258,0.2376425713300705,0.2148762643337249,0.7083975672721863,1.090489149093628,24.10135078430176
222,1024,0.01,64,SCARF,180288.0,176193,0.370634,216.93091,10.69206,,,,,,,,,,,,,,,,,,,,,
223,1024,0.01,64,SUBTAB,127040.0,176193,0.3983816,9.665037,8.763702,,,,,,,,,,,,,,,,,,,,,
224,1024,0.01,128,CLIP,352129.0,696449,0.23870894,8.805171,8.112171,0.8335047364234924,0.7596750855445862,0.2555441260337829,0.1235448569059372,0.1078961268067359,0.0291434451937675,0.2311722040176391,1.982726573944092,2.9354426860809326,0.0591094046831131,0.0464797429740428,0.0509682893753051,0.314673900604248,5.747498035430908,0.0531086102128028,0.0677832067012786,0.1074347719550132,0.1473814100027084,0.3919807970523834,0.687222957611084,33.32248306274414
225,1024,0.01,128,CONTROL,,696449,,,10.258606,,,,,,,,,,,,,,,,,,,,,
226,1024,0.01,128,GMC,1081472.0,729473,0.5284443,79.425514,9.654016,1.3791444301605225,4.725134372711182,0.4033707082271576,0.4531235098838806,0.4314678311347961,0.2948773205280304,0.3784440457820892,2.156119108200073,1.2296262979507446,0.5475685596466064,0.9760097861289978,1.3659813404083252,1.8831558227539065,0.4414231479167938,0.7999094128608704,1.0002158880233765,0.6048007011413574,0.5440047979354858,1.1792725324630735,1.2003792524337769,22.41479110717773
227,1024,0.01,128,ICEH,401665.0,745985,0.32040137,35.616936,8.039081,1.8806660175323489,3.3403189182281494,0.6013044714927673,0.2457535564899444,0.2860961258411407,0.130197063088417,0.4487403929233551,1.978415608406067,0.86002516746521,0.6289146542549133,9.480890274047852,12.86483669281006,1.0928913354873655,0.4288841187953949,1.244139552116394,1.5309299230575562,3.305861711502075,0.5720951557159424,1.1725672483444214,1.8721381425857544,7.462465286254883
228,1024,0.01,128,MCN,365184.0,696449,0.28779492,9.005475,7.935247,0.9109195470809937,3.5718228816986084,0.7641739845275879,0.4217227697372436,0.7059274315834045,0.0864430665969848,0.3813614547252655,6.7166523933410645,3.552583694458008,0.1278827786445617,0.0926529690623283,0.1602533906698227,0.9037524461746216,2.908215284347534,0.2478973418474197,0.2739205062389374,0.316961258649826,0.372163712978363,1.810441493988037,1.143224835395813,29.112499237060547
229,1024,0.01,128,SCARF,712832.0,696449,0.47262233,299.6076,11.0079,,,,,,,,,,,,,,,,,,,,,
230,1024,0.01,128,SUBTAB,499840.0,696449,0.36510095,9.034171,8.206208,,,,,,,,,,,,,,,,,,,,,
