,batch_size,learning_rate,latent_dim,model_type,embedder_params,predictor_params,kmeans_perf,knn_perf,predictor_perf,RevolvingUtilizationOfUnsecuredLines,age,NumberOfTime30-59DaysPastDueNotWorse,DebtRatio,MonthlyIncome,NumberOfOpenCreditLinesAndLoans,NumberOfTimes90DaysLate,NumberRealEstateLoansOrLines,NumberOfTime60-89DaysPastDueNotWorse,NumberOfDependents
0,1024,0.0001,32,CLIP,11201.0,21538,0.6569226,0.5718057082646143,0.6649315099871724,9009240.0,1570.609619140625,15.162036895751951,1809158.75,5745707008.0,659.6326904296875,5.390431880950928,1.162037014961243,189.6589508056641,2.2916667461395264
1,1024,0.0001,32,CONTROL,,21538,,,0.7191050485614807,,,,,,,,,,
2,1024,0.0001,32,GMC,519968.0,198658,0.9730165,0.7542434029686641,0.754277762506872,80192.3671875,220.98611450195312,15.620369911193848,322491.71875,3019898112.0,28.15277862548828,15.924383163452148,1.2978395223617554,14.837963104248049,1.5432099103927612
3,1024,0.0001,32,ICEH,204833.0,215170,0.8709615,0.656307265897013,0.7750423767637896,80143.3671875,1339.8287353515625,1.2175925970077517,319463.0,123052200.0,74.42901611328125,1.731481432914734,1.461419701576233,0.9074074029922484,2.245370388031006
4,1024,0.0001,32,MCN,14464.0,21538,0.7130146,0.5810656038116182,0.7457451438519334,149937.1875,922.0972290039062,30.651233673095703,322372.59375,78618040.0,85.85031127929688,1.5354938507080078,1.5709877014160156,0.3626543283462524,18.05864143371582
5,1024,0.0001,32,SCARF,22528.0,21538,,0.527063862928349,0.710933205057724,,,,,,,,,,
6,1024,0.0001,32,SUBTAB,15360.0,21538,0.89915854,0.5550497067986073,0.4879569818581638,,,,,,,,,,
7,1024,0.0001,64,CLIP,42881.0,84034,0.6562192,0.5733404343045629,0.7048801997434488,5175626.5,1246.9691162109375,1.9012346267700195,2002461.375,14667291648.0,342.1003112792969,1.4074074029922483,3.577160596847534,0.5030864477157593,9.589506149291992
8,1024,0.0001,64,CONTROL,,84034,,,0.5488592633315008,,,,,,,,,,
9,1024,0.0001,64,GMC,524096.0,233602,0.9943303,0.7536592908191313,0.7463922484881803,80194.5234375,706.4413452148438,15.618826866149902,322492.78125,2605016064.0,29.245370864868164,15.88734531402588,1.2978395223617554,14.844136238098145,1.5169752836227417
10,1024,0.0001,64,ICEH,208961.0,250114,,0.6981342770753161,0.7761819681143485,80178.421875,1369.22216796875,3.192901134490967,966467.0625,9755473920.0,66.94290161132812,7.983024597167969,1.2808642387390137,1.3641974925994873,5.75
11,1024,0.0001,64,MCN,49408.0,84034,0.7121846,0.5675451255268462,0.7062488546820598,80144.578125,1846.6033935546875,1.314814805984497,322392.46875,78603520.0,40.86111068725586,75.3024673461914,2.555555582046509,0.3287037014961242,10.452160835266112
12,1024,0.0001,64,SCARF,88064.0,84034,,0.6492979201026206,0.5931028953637529,,,,,,,,,,
13,1024,0.0001,64,SUBTAB,59392.0,84034,0.712018,0.5639717335532344,0.5051825636796775,,,,,,,,,,
14,1024,0.0001,128,CLIP,167681.0,331906,0.6182051,0.5814034726039948,0.7231652006597031,5734305.0,1048.2021484375,3.050925970077514,1785798.875,15230167040.0,117.99073791503906,1.5169752836227417,3.0293209552764893,0.8271604776382446,13.160493850708008
15,1024,0.0001,128,CONTROL,,331906,,,0.5040028862012095,,,,,,,,,,
16,1024,0.0001,128,GMC,532352.0,364930,0.9921434,0.7541002382261315,0.7174786970863112,80190.1328125,802.2484741210938,15.648148536682127,322491.78125,5752400384.0,29.464506149291992,15.915122985839844,1.3256173133850098,14.837963104248049,1.3919752836227417
17,1024,0.0001,128,ICEH,217217.0,381442,,0.7133727322704783,0.77495647791827,80189.46875,1409.69140625,3.4614198207855225,607016.1875,4342557696.0,68.23611450195312,7.050925731658936,2.682098865509033,33.23147964477539,1.5895061492919922
18,1024,0.0001,128,MCN,180736.0,331906,0.656878,0.5782023089609676,0.651267866959868,80196.703125,922.0972290039062,15.856481552124023,322523.875,78635232.0,62.99845504760742,16.00617218017578,5.429012298583984,15.157407760620115,2.2592592239379883
19,1024,0.0001,128,SCARF,348160.0,331906,,0.6326850833791461,0.6074709089243173,,,,,,,,,,
20,1024,0.0001,128,SUBTAB,233472.0,331906,0.9053652,0.584810793476269,0.6980254718709914,,,,,,,,,,
21,1024,0.0002,32,CLIP,11201.0,21538,0.65824085,0.565048332417079,0.6688370441634598,2528319.5,1173.375,217.98765563964844,1785798.75,72992136.0,393.0509338378906,1.6404321193695068,8.06944465637207,0.4629629552364349,2.6990740299224854
22,1024,0.0002,32,CONTROL,,21538,,,0.7076175096206707,,,,,,,,,,
23,1024,0.0002,32,GMC,519968.0,198658,0.99354255,0.7536249312809236,0.7341258933479934,80196.71875,190.2700653076172,15.646604537963867,322485.34375,2417364992.0,26.68827247619629,13.922839164733888,1.0354938507080078,14.850308418273926,1.7762346267700195
24,1024,0.0002,32,ICEH,204833.0,215170,0.68551856,0.579370533260033,0.7601360637713029,80207.2265625,1789.3580322265625,2.0787036418914795,321026.28125,72911464.0,73.98456573486328,1.7577160596847534,1.310185194015503,0.9228395223617554,2.257715940475464
25,1024,0.0002,32,MCN,14464.0,21538,0.70173275,0.5943169323804288,0.6571777075316108,80144.578125,362.0246887207031,16.13580322265625,322435.28125,78635232.0,127.99073791503906,16.353395462036133,2.410493850708008,15.27623462677002,1.4166666269302368
26,1024,0.0002,32,SCARF,22528.0,21538,,0.6094637621403702,0.6941829301814184,,,,,,,,,,
27,1024,0.0002,32,SUBTAB,15360.0,21538,0.6579997,0.5886304288070369,0.7422519241341397,,,,,,,,,,
28,1024,0.0002,64,CLIP,42881.0,84034,0.71153224,0.5745086586036283,0.6125389408099688,5594748.0,1051.0355224609375,134.02622985839844,1785798.875,15105599488.0,142.04783630371094,2.240740776062012,4.847222328186035,0.7685185074806213,16.58333396911621
29,1024,0.0002,64,CONTROL,,84034,,,0.6761327194429173,,,,,,,,,,
30,1024,0.0002,64,GMC,524096.0,233602,0.97446525,0.7634574857980575,0.7261716602528863,80197.5703125,178.84722900390625,15.657407760620115,322492.84375,6671168512.0,28.512346267700195,14.466049194335938,1.2762346267700195,14.839506149291992,1.5925925970077517
31,1024,0.0002,64,ICEH,208961.0,250114,0.68160266,0.6115883269195529,0.7680788436870075,80144.578125,915.7762451171876,1.2361111640930176,2002461.25,286572544.0,87.92129516601562,3.649691343307495,2.2330245971679688,5.393518447875977,2.257715940475464
32,1024,0.0002,64,MCN,49408.0,84034,0.6763056,0.5676310243723658,0.723067848634781,80198.21875,475.69134521484375,16.13888931274414,322494.40625,78635232.0,89.54783630371094,16.30864143371582,2.300925970077514,15.208333015441896,2.543209791183472
33,1024,0.0002,64,SCARF,88064.0,84034,,0.6560381161810519,0.6478319131390874,,,,,,,,,,
34,1024,0.0002,64,SUBTAB,59392.0,84034,0.85032004,0.596905350925417,0.6150013743815284,,,,,,,,,,
35,1024,0.0002,128,CLIP,167681.0,331906,0.6198696,0.5972775792560014,0.5813977460142936,5110617.5,632.9213256835938,3.1836419105529785,2002462.0,14855831552.0,103.47531127929688,2.6712963581085205,2.9243826866149902,1.3472222089767456,5.705246925354004
36,1024,0.0002,128,CONTROL,,331906,,,0.5034187740516768,,,,,,,,,,
37,1024,0.0002,128,GMC,532352.0,364930,0.98147,0.7559957394172623,0.6054150632215503,80191.015625,603.56787109375,15.634259223937988,322493.5625,5853932544.0,29.231481552124023,15.92746925354004,1.290123462677002,14.84876537322998,1.5524691343307495
38,1024,0.0002,128,ICEH,217217.0,381442,0.647286,0.6670961608942643,0.773261407366685,80183.8203125,921.44287109375,2.2669754028320312,2002461.375,15384707072.0,47.53703689575195,6.399691581726074,1.2793209552764893,3.1589505672454834,1.4305555820465088
39,1024,0.0002,128,MCN,180736.0,331906,0.7120761,0.5784027396005131,0.5453545904343046,149962.953125,922.0972290039062,16.134260177612305,322521.09375,78635272.0,36.68672943115234,16.34722137451172,1.5246913433074951,29.969135284423828,2.382715940475464
40,1024,0.0002,128,SCARF,348160.0,331906,,0.6473795125526847,0.6791964449331134,,,,,,,,,,
41,1024,0.0002,128,SUBTAB,233472.0,331906,0.90564805,0.5894264247755177,0.7351738592633315,,,,,,,,,,
42,1024,0.0003,32,CLIP,11201.0,21538,0.65793294,0.5953133589884552,0.6051516400952904,4896578.5,1222.0030517578125,2.847222328186035,1785799.5,12692732928.0,184.90432739257807,1.4320987462997437,18.557098388671875,0.5586419701576233,6.100308418273926
43,1024,0.0003,32,CONTROL,,21538,,,0.7079897379512552,,,,,,,,,,
44,1024,0.0003,32,GMC,519968.0,198658,0.9839932,0.7602219626168225,0.7443306761957119,80198.1015625,177.96604919433594,15.631173133850098,322485.90625,4820127744.0,26.33333396911621,14.189814567565918,1.0308642387390137,14.830246925354004,1.6975308656692505
45,1024,0.0003,32,ICEH,204833.0,215170,0.84099436,0.598067848634781,0.7740574033351659,80187.6640625,924.80712890625,12.643518447875977,322040.75,12212174848.0,74.12808990478516,3.442901134490967,1.3626543283462524,2.004629611968994,1.910493850708008
46,1024,0.0003,32,MCN,14464.0,21538,0.62809306,0.5703397013010811,0.7142660802638813,80206.828125,1848.9119873046875,1.2561728954315186,322523.8125,78635248.0,39.206790924072266,16.307098388671875,2.3441357612609863,14.847222328186035,1.9506173133850095
47,1024,0.0003,32,SCARF,22528.0,21538,,0.5870384368700752,0.6845622594832326,,,,,,,,,,
48,1024,0.0003,32,SUBTAB,15360.0,21538,0.622095,0.5832188015393073,0.7318467106468756,,,,,,,,,,
49,1024,0.0003,64,CLIP,42881.0,84034,0.82677495,0.5992589792926517,0.5728651273593549,2035400.25,597.668212890625,3.5941357612609863,2002462.25,15102913536.0,139.74691772460938,2.984567880630493,2.787037134170532,0.8055555820465088,7.962963104248047
50,1024,0.0003,64,CONTROL,,84034,,,0.5057895821880154,,,,,,,,,,
51,1024,0.0003,64,GMC,524096.0,233602,0.99638426,0.7630050852116548,0.7358610500274876,80197.71875,182.1172790527344,15.663579940795898,322486.1875,4636411904.0,26.220678329467773,13.896604537963867,1.0756173133850098,14.841049194335938,1.6589505672454834
52,1024,0.0003,64,ICEH,208961.0,250114,0.8834153,0.644172622319956,0.7646657962250321,86267.046875,923.7978515625,15.140432357788086,2002461.25,187200624.0,54.63271713256836,22.492284774780277,1.3518518209457395,7.81944465637207,8.379630088806152
53,1024,0.0003,64,MCN,49408.0,84034,0.65608484,0.5710612516034451,0.7297507788161994,80191.6328125,922.0972290039062,17.42438316345215,322508.15625,78635232.0,34.8487663269043,16.30864143371582,2.520061731338501,15.160493850708008,2.5756173133850098
54,1024,0.0003,64,SCARF,88064.0,84034,,0.6382398753894081,0.6484160252886201,,,,,,,,,,
55,1024,0.0003,64,SUBTAB,59392.0,84034,0.71149296,0.5690970313358988,0.6477631940626718,,,,,,,,,,
56,1024,0.0003,128,CLIP,167681.0,331906,0.6566884,0.5914650907091809,0.5037165567161443,13202801.0,564.83642578125,3.1712963581085205,2002461.625,15282163712.0,131.86727905273438,2.5308642387390137,2.115740776062012,0.8055555820465088,4.171296119689941
57,1024,0.0003,128,CONTROL,,331906,,,0.738266217702034,,,,,,,,,,
58,1024,0.0003,128,GMC,532352.0,364930,0.9978223,0.7682449147883452,0.7297507788161994,80197.5703125,183.8225250244141,15.63734531402588,322485.25,5017425408.0,25.35493850708008,15.932098388671877,1.1188271045684814,14.830246925354004,1.807098746299744
59,1024,0.0003,128,ICEH,217217.0,381442,,0.6249370075132857,0.7713945391240609,80206.7890625,1833.60498046875,31.60030937194824,2002461.375,15336087552.0,68.87808990478516,1.4490740299224854,1.356481432914734,3.2067902088165283,1.9953703880310056
60,1024,0.0003,128,MCN,180736.0,331906,0.62850654,0.5766045904343046,0.5429608759391606,80182.359375,1844.2947998046875,16.134260177612305,322509.8125,1763841536.0,1633.5323486328125,16.350309371948242,2.589506149291992,15.148148536682127,2.257715940475464
61,1024,0.0003,128,SCARF,348160.0,331906,0.99404585,0.727935449880887,0.759414513468939,,,,,,,,,,
62,1024,0.0003,128,SUBTAB,233472.0,331906,0.7006128,0.605827377680044,0.7128458860179585,,,,,,,,,,
63,1024,0.0005,32,CLIP,11201.0,21538,0.8568715,0.5876454553784131,0.5125641378046546,6850946.5,1010.7669677734376,3.890432119369507,1785798.875,14561011712.0,219.5154266357422,2.8719136714935303,2.8487653732299805,0.7762345671653748,6.046296119689941
64,1024,0.0005,32,CONTROL,,21538,,,0.5754707256734469,,,,,,,,,,
65,1024,0.0005,32,GMC,519968.0,198658,0.9975852,0.7620315649624336,0.7381860454462159,80197.03125,184.4583282470703,1.1512346267700195,322487.8125,6671475712.0,25.672840118408203,11.532407760620115,1.0231481790542605,0.2962962985038757,1.9058642387390137
66,1024,0.0005,32,ICEH,204833.0,215170,0.9003335,0.6134781015209823,0.7742750137438152,126144.4296875,917.2144775390624,3.163580179214477,2002461.375,14999974912.0,75.34104919433594,4.037036895751953,2.342592477798462,3.472222328186035,2.257715940475464
67,1024,0.0005,32,MCN,14464.0,21538,0.7127614,0.5765072384093824,0.5209822246655671,80164.015625,922.0972290039062,75.41358184814453,322372.9375,78635264.0,34.83641815185547,16.59722137451172,2.504629611968994,162.7716064453125,1.665123462677002
68,1024,0.0005,32,SCARF,22528.0,21538,0.99331856,0.7095760032985157,0.7189504306395456,,,,,,,,,,
69,1024,0.0005,32,SUBTAB,15360.0,21538,0.7006956,0.5777040956569544,0.7235488821696903,,,,,,,,,,
70,1024,0.0005,64,CLIP,42881.0,84034,0.67186016,0.5969912497709364,0.6753539032435405,639844.25,581.3040161132812,3.1481480598449707,2002462.875,13008142336.0,91.99691009521484,2.939814805984497,2.512345790863037,0.729938268661499,5.0987653732299805
71,1024,0.0005,64,CONTROL,,84034,,,0.5320574491478834,,,,,,,,,,
72,1024,0.0005,64,GMC,524096.0,233602,0.99777675,0.7615906175554334,0.765461792193513,80196.0703125,184.82098388671875,1.1512346267700195,322486.1875,5168946688.0,24.56172752380371,13.902777671813965,1.0817900896072388,0.3101851940155029,1.9243826866149905
73,1024,0.0005,64,ICEH,208961.0,250114,,0.612029274326553,0.7590079256001465,80472.203125,928.3934936523438,5.844135761260986,321025.96875,95222352.0,76.95216369628906,3.9166667461395264,1.9444444179534912,4.479938507080078,2.257715940475464
74,1024,0.0005,64,MCN,49408.0,84034,0.8572588,0.5750813175737585,0.5056693238042881,80206.8359375,1846.6033935546875,7.620370388031006,322422.40625,78603520.0,52.810184478759766,16.320987701416016,1.9984568357467647,0.327160507440567,2.2191357612609863
75,1024,0.0005,64,SCARF,88064.0,84034,0.99327797,0.7006654297232912,0.6766423859263332,,,,,,,,,,
76,1024,0.0005,64,SUBTAB,59392.0,84034,0.65816677,0.6171946582371266,0.7329805754077332,,,,,,,,,,
77,1024,0.0005,128,CLIP,167681.0,331906,0.8259953,0.5902109675645959,0.7070276708814367,12438835.0,654.8148193359375,3.2839505672454834,2002462.375,11494921216.0,130.2669677734375,2.4537036418914795,2.129629611968994,0.790123462677002,6.595678806304932
78,1024,0.0005,128,CONTROL,,331906,,,0.5043293018141837,,,,,,,,,,
79,1024,0.0005,128,GMC,532352.0,364930,0.99805737,0.7580000458127176,0.7632284222100054,80196.6640625,206.8827209472656,15.557098388671877,322486.15625,5515673088.0,25.529321670532227,13.88734531402588,1.044753074645996,14.824073791503906,1.6990740299224854
80,1024,0.0005,128,ICEH,217217.0,381442,,0.7081729888216969,0.7730781564962435,5649732.5,978.1574096679688,1.2268518209457395,2002461.375,13028860928.0,87.17438507080078,1.6867283582687378,1.337962985038757,1.4490740299224854,1.4891974925994873
81,1024,0.0005,128,MCN,180736.0,331906,0.7103172,0.5689538665933663,0.6794827744181785,80164.0234375,1844.2947998046875,30.35030937194824,322523.84375,5067274240.0,38.675926208496094,16.018518447875977,1.3904321193695068,15.163579940795898,2.3981480598449707
82,1024,0.0005,128,SCARF,348160.0,331906,0.99237204,0.684476360637713,0.733793751145318,,,,,,,,,,
83,1024,0.0005,128,SUBTAB,233472.0,331906,0.9055062,0.6059819956019791,0.7235145226314825,,,,,,,,,,
84,1024,0.0007,32,CLIP,11201.0,21538,0.6550287,0.5876168224299065,0.6416357430822797,4966984.0,558.5401000976562,3.538580179214477,2002462.0,10977394688.0,188.44290161132807,1.709876537322998,2.0231480598449707,0.7916666865348816,5.90123462677002
85,1024,0.0007,32,CONTROL,,21538,,,0.6192275975810885,,,,,,,,,,
86,1024,0.0007,32,GMC,519968.0,198658,0.9981758,0.7602219626168225,0.7746128825361921,90487.2578125,213.0015411376953,1.171296238899231,322486.59375,4304915968.0,24.794754028320312,11.549383163452148,1.0324074029922483,0.3101851940155029,1.9058642387390137
87,1024,0.0007,32,ICEH,204833.0,215170,0.93146867,0.598961196628184,0.7772814733369984,80338.25,1846.3935546875,3.212962865829468,2002461.375,123052200.0,87.86419677734375,3.845679044723511,2.342592477798462,3.567901134490967,2.257715940475464
88,1024,0.0007,32,MCN,14464.0,21538,0.6576265,0.5736725765072384,0.5394733828110684,80177.8828125,922.0972290039062,30.953702926635746,322523.9375,78635232.0,49.19135665893555,16.317901611328125,2.3441357612609863,15.209877014160156,1.5092592239379885
89,1024,0.0007,32,SCARF,22528.0,21538,0.9956237,0.7213613249037933,0.7476120120945575,,,,,,,,,,
90,1024,0.0007,32,SUBTAB,15360.0,21538,0.6578258,0.6139763148249955,0.6419220725673447,,,,,,,,,,
91,1024,0.0007,64,CLIP,42881.0,84034,0.6565198,0.5881150357339198,0.6227895363752978,6222570.5,524.7036743164062,3.649691343307495,2002462.25,15178555392.0,105.08487701416016,2.9614198207855225,2.0910494327545166,1.1882716417312622,4.9938273429870605
92,1024,0.0007,64,CONTROL,,84034,,,0.6791162726772952,,,,,,,,,,
93,1024,0.0007,64,GMC,524096.0,233602,0.99815536,0.761166849917537,0.7731468755726589,80196.03125,196.80247497558597,1.203703761100769,322487.0625,6669609472.0,24.98611068725586,11.541666984558104,1.0478395223617554,0.3194444477558136,1.875
94,1024,0.0007,64,ICEH,208961.0,250114,0.89836586,0.6127393714495144,0.7658798332417079,27403002.0,1845.2762451171875,1.212962985038757,2002461.375,3712284416.0,87.75926208496094,3.8364198207855225,2.327160596847534,3.550925970077514,2.257715940475464
95,1024,0.0007,64,MCN,49408.0,84034,0.65643084,0.5822338281106836,0.7422118380062306,80202.015625,922.0972290039062,15.73611068725586,322523.9375,78635296.0,47.94444274902344,31.07253074645996,64.1975326538086,29.981481552124023,2.4660494327545166
96,1024,0.0007,64,SCARF,88064.0,84034,0.9937849,0.7277178394722374,0.5805559373282023,,,,,,,,,,
97,1024,0.0007,64,SUBTAB,59392.0,84034,0.8986936,0.603336311159978,0.7558754810335349,,,,,,,,,,
98,1024,0.0007,128,CLIP,167681.0,331906,0.90513736,0.5909783305845703,0.625171797691039,3780486.75,540.7252807617188,3.682098865509033,2002462.875,14833641472.0,96.81327056884766,2.561728477478028,2.1033949851989746,0.8888888955116272,4.580246925354004
99,1024,0.0007,128,CONTROL,,331906,,,0.5696296041781198,,,,,,,,,,
100,1024,0.0007,128,GMC,532352.0,364930,0.99834585,0.7518496884735202,0.7309877221916804,80197.546875,206.93055725097656,1.1404321193695068,322483.90625,5198800896.0,24.79320907592773,11.584877014160156,1.0308642387390137,0.3225308656692505,1.8919752836227417
101,1024,0.0007,128,ICEH,217217.0,381442,0.92575735,0.6225261132490378,0.7701117830309694,121417.2578125,913.6265258789062,205.9629669189453,322072.78125,123046888.0,87.90123748779297,4.478394985198975,2.342592477798462,154.8765411376953,2.257715940475464
102,1024,0.0007,128,MCN,180736.0,331906,0.8979216,0.5808079072750596,0.6432563679677479,80181.8046875,287.76544189453125,1.2160494327545166,322523.8125,78635232.0,62.65277862548828,1.7175925970077517,2.7067902088165283,14.847222328186035,2.2083332538604736
103,1024,0.0007,128,SCARF,348160.0,331906,0.9923833,0.7125710097122961,0.7188702583837273,,,,,,,,,,
104,1024,0.0007,128,SUBTAB,233472.0,331906,0.9053952,0.6020077423492762,0.7487516034451163,,,,,,,,,,
105,1024,0.001,32,CLIP,11201.0,21538,0.8980344,0.5863054333883086,0.6283271486164559,2733921.0,628.4830322265625,3.109567880630493,2002462.0,15127240704.0,182.4953765869141,2.425925970077514,1.6126543283462524,0.7916666865348816,11.254630088806152
106,1024,0.001,32,CONTROL,,21538,,,0.5054688931647425,,,,,,,,,,
107,1024,0.001,32,GMC,519968.0,198658,0.9982402,0.763314321055525,0.7640816840754994,80198.671875,215.49691772460935,1.2206790447235107,322486.1875,7032758784.0,25.01697540283203,11.574073791503906,1.0308642387390137,0.3194444477558136,1.9058642387390137
108,1024,0.001,32,ICEH,204833.0,215170,0.7099156,0.6043900036650174,0.7739027854132308,104872.4921875,1504.504638671875,1.203703761100769,2220499.25,149836384.0,75.9043197631836,1.7345678806304932,2.327160596847534,0.8981481194496155,2.257715940475464
109,1024,0.001,32,MCN,14464.0,21538,0.6963447,0.5777327286054609,0.6933812076232362,80174.53125,922.0972290039062,15.833333015441896,322491.125,78635248.0,62.625,16.317901611328125,2.5910494327545166,15.165122985839844,2.3919754028320312
110,1024,0.001,32,SCARF,22528.0,21538,,0.6059018233461608,0.6950705515851201,,,,,,,,,,
111,1024,0.001,32,SUBTAB,15360.0,21538,0.90540814,0.6080951072017592,0.6085818673263698,,,,,,,,,,
112,1024,0.001,64,CLIP,42881.0,84034,0.65613043,0.5897242074399853,0.5025196994685724,10131649.0,527.5509033203125,2.4567902088165283,2002462.0,10438244352.0,91.6543197631836,2.2592592239379883,2.243827104568481,0.9861111044883728,6.462963104248047
113,1024,0.001,64,CONTROL,,84034,,,0.5036936503573393,,,,,,,,,,
114,1024,0.001,64,GMC,524096.0,233602,0.99842477,0.7476463716327653,0.7687545812717611,80201.7421875,187.52932739257807,1.2175925970077517,322487.21875,8304433152.0,25.78086471557617,11.547839164733888,1.0416666269302368,0.3256172835826874,2.004629611968994
115,1024,0.001,64,ICEH,208961.0,250114,0.6934257,0.5886017958585303,0.7723222466556716,80435.046875,918.3518676757812,1.3518518209457395,2002461.375,72894144.0,87.87963104248047,3.902777671813965,2.310185194015503,4.794753074645996,2.257715940475464
116,1024,0.001,64,MCN,49408.0,84034,0.656091,0.5660791185633132,0.5621621312076233,80166.1328125,922.0972290039062,206.99073791503903,322523.9375,78635248.0,91.7206802368164,1.7191357612609863,1.796296238899231,15.162036895751951,1.7237653732299805
117,1024,0.001,64,SCARF,88064.0,84034,0.99286884,0.7181773410298699,0.7378481766538392,,,,,,,,,,
118,1024,0.001,64,SUBTAB,59392.0,84034,0.9055363,0.6139018691588785,0.7180399028770387,,,,,,,,,,
119,1024,0.001,128,CLIP,167681.0,331906,0.61332065,0.5944543705332601,0.5019642202675463,5454991.0,556.03857421875,4.239197731018066,2002462.0,12858235904.0,71.2422866821289,2.2067902088165283,2.7608025074005127,0.8904321193695068,10.135802268981934
120,1024,0.001,128,CONTROL,,331906,,,0.7438725490196079,,,,,,,,,,
121,1024,0.001,128,GMC,532352.0,364930,0.9749432,0.7532412497709364,0.7727918270111782,1287357.375,193.97067260742188,1.2376543283462524,322484.1875,6306089472.0,24.73611068725586,11.533950805664062,1.0293209552764893,0.314814805984497,1.8503086566925049
122,1024,0.001,128,ICEH,217217.0,381442,0.84720916,0.6192905900678028,0.7742292010262048,80206.984375,1843.6651611328125,1.9753086566925049,2002461.625,15411058688.0,74.06790161132812,8.140432357788086,2.327160596847534,3.540123462677002,2.257715940475464
123,1024,0.001,128,MCN,180736.0,331906,0.84808177,0.5662337364852483,0.525981537474803,80180.109375,922.0972290039062,1.308642029762268,322523.78125,78635232.0,45.69907379150391,208.67901611328125,1.481481432914734,15.169753074645996,2.4891974925994877
124,1024,0.001,128,SCARF,348160.0,331906,,0.7316233736485248,0.6310186457760674,,,,,,,,,,
125,1024,0.001,128,SUBTAB,233472.0,331906,0.6573171,0.6411604361370716,0.7425153472603996,,,,,,,,,,
126,1024,0.002,32,CLIP,11201.0,21538,0.6549177,0.5883440993219717,0.7536764705882353,778770.0,548.9598999023438,4.101851940155029,2002462.375,14634272768.0,75.36111450195312,2.425925970077514,1.910493850708008,0.6358024477958679,9.770061492919922
127,1024,0.002,32,CONTROL,,21538,,,0.7336391332233828,,,,,,,,,,
128,1024,0.002,32,GMC,519968.0,198658,0.9752704,0.7509448873007147,0.7670595107201759,80195.25,191.10647583007807,1.1728395223617554,322482.125,5658279936.0,24.481481552124023,11.527777671813965,1.0679012537002563,0.3117283880710602,1.9367283582687376
129,1024,0.002,32,ICEH,204833.0,215170,0.89890057,0.5947349734286238,0.7725913963716328,44346320.0,1845.7052001953125,2.143518447875977,2002461.875,15489235968.0,83.24845886230469,7.597222328186035,2.342592477798462,7.785493850708008,2.257715940475464
130,1024,0.002,32,MCN,14464.0,21538,0.6561113,0.5710211654755359,0.7153541323071284,80200.4765625,1848.9119873046875,15.73765468597412,322492.875,78635280.0,45.1466064453125,16.32253074645996,4.015431880950928,29.969135284423828,3.787037134170532
131,1024,0.002,32,SCARF,22528.0,21538,,0.727460142935679,0.7261086677661719,,,,,,,,,,
132,1024,0.002,32,SUBTAB,15360.0,21538,0.70347357,0.6305032527029504,0.7298882169690306,,,,,,,,,,
133,1024,0.002,64,CLIP,42881.0,84034,0.6974852,0.5880005039398937,0.5809854315557998,1895257.25,532.9521484375,3.444444417953491,2002462.375,15332514816.0,87.84259033203125,2.777777671813965,2.695987701416016,0.7237654328346252,7.521605014801025
134,1024,0.002,64,CONTROL,,84034,,,0.7487344236760125,,,,,,,,,,
135,1024,0.002,64,GMC,524096.0,233602,0.9731876,0.7422691039032435,0.7751855415063221,80194.75,194.90432739257807,1.2515431642532349,322481.34375,6387179008.0,24.737653732299805,11.535493850708008,1.0540122985839844,0.297839492559433,1.9182099103927608
136,1024,0.002,64,ICEH,208961.0,250114,0.7058507,0.6103571101337731,0.7733358530328018,39748920.0,928.3934936523438,29.932098388671875,2002461.375,15489235968.0,78.4706802368164,8.086420059204102,2.342592477798462,7.956789970397949,2.257715940475464
137,1024,0.002,64,MCN,49408.0,84034,0.70767254,0.5843125801722557,0.7515576323987538,80174.453125,922.0972290039062,1.2206790447235107,322523.8125,78635232.0,44.13580322265625,179.04937744140625,2.8765432834625244,15.19753074645996,6.313271522521973
138,1024,0.002,64,SCARF,88064.0,84034,,0.7242188931647425,0.7467014843320505,,,,,,,,,,
139,1024,0.002,64,SUBTAB,59392.0,84034,0.6571997,0.6178933021806854,0.7679757650723841,,,,,,,,,,
140,1024,0.002,128,CLIP,167681.0,331906,0.9051003,0.589185908008063,0.750286329485065,10829796.0,665.8117065429688,3.538580179214477,2002461.625,13414951936.0,74.70524597167969,2.567901134490967,2.3086419105529785,0.6342592835426331,3.645061731338501
141,1024,0.002,128,CONTROL,,331906,,,0.7679757650723841,,,,,,,,,,
142,1024,0.002,128,GMC,532352.0,364930,0.98020667,0.7390908466190214,0.7748133131757375,80193.7578125,193.5848693847656,15.734567642211914,322479.53125,3382010368.0,25.86573982238769,15.030863761901855,1.2561728954315186,14.841049194335938,4.047839641571045
143,1024,0.002,128,ICEH,217217.0,381442,0.77340555,0.6016412406083929,0.773375939160711,41205140.0,1849.6173095703125,30.101852416992188,2002461.375,149399408.0,74.0,4.472222328186035,2.342592477798462,18.487653732299805,2.257715940475464
144,1024,0.002,128,MCN,180736.0,331906,0.6533352,0.5594362745098039,0.7480987722191681,80181.75,921.6605224609376,75.01851654052734,322523.8125,78635232.0,111.32870483398438,223.5,2.842592477798462,162.75308227539062,1.7515431642532349
145,1024,0.002,128,SCARF,348160.0,331906,,0.6874255543338831,0.6886453179402603,,,,,,,,,,
146,1024,0.002,128,SUBTAB,233472.0,331906,0.70143217,0.6375584112149533,0.7652270020157595,,,,,,,,,,
147,1024,0.003,32,CLIP,11201.0,21538,0.82123214,0.5775723840938245,0.7184293109767271,917782.125,653.8858032226562,3.805555582046509,2002462.0,11746770944.0,101.27623748779295,4.3487653732299805,2.2206790447235107,0.7546296119689941,7.521605014801025
148,1024,0.003,32,CONTROL,,21538,,,0.730695666116914,,,,,,,,,,
149,1024,0.003,32,GMC,519968.0,198658,0.981847,0.6655385284955104,0.7750996426608026,80192.0,272.3533935546875,15.748456954956056,322474.96875,3199542272.0,26.39043235778809,15.952160835266112,1.1929012537002563,14.86111068725586,2.4614198207855225
150,1024,0.003,32,ICEH,204833.0,215170,0.91686416,0.6033248579805754,0.7739600513102437,359356.875,1836.8380126953125,17.462963104248047,1983396.75,72898040.0,69.32716369628906,14.189814567565918,2.3132715225219727,17.31944465637207,2.257715940475464
151,1024,0.003,32,MCN,14464.0,21538,0.6516531,0.5648135422393257,0.7465697727689207,80181.2890625,244.83642578125,35.64352035522461,322523.78125,78635232.0,39.7978401184082,31.05864143371582,2.567901134490967,15.429012298583984,5.782407283782959
152,1024,0.003,32,SCARF,22528.0,21538,0.9934786,0.6852952629649991,0.7643737401502657,,,,,,,,,,
153,1024,0.003,32,SUBTAB,15360.0,21538,0.6577511,0.6126821055525014,0.7585097122961334,,,,,,,,,,
154,1024,0.003,64,CLIP,42881.0,84034,0.7092679,0.5899819039765439,0.5578271028037383,4477805.0,441.8503112792969,2.569444417953491,2002462.25,14372209664.0,76.70370483398438,2.5061728954315186,3.0308642387390137,0.8364197611808777,2.9614198207855225
155,1024,0.003,64,CONTROL,,84034,,,0.7544610133773135,,,,,,,,,,
156,1024,0.003,64,GMC,524096.0,233602,0.70355463,0.5493689298149166,0.773261407366685,80187.171875,1141.5880126953125,16.225309371948242,322479.40625,4653694464.0,35.13271713256836,30.445987701416016,1.395061731338501,29.76388931274414,1.645061731338501
157,1024,0.003,64,ICEH,208961.0,250114,0.9031547,0.589718480850284,0.7771268554150632,289607.53125,1850.3812255859373,1.3132716417312622,322355.78125,72894184.0,72.5941390991211,1.787037014961243,2.342592477798462,3.5216050148010254,2.257715940475464
158,1024,0.003,64,MCN,49408.0,84034,,0.5886991478834525,0.7696307494960601,80175.1796875,922.0972290039062,16.134260177612305,322523.8125,78635232.0,124.3549346923828,1.7438271045684814,3.129629611968994,0.327160507440567,2.3317902088165283
159,1024,0.003,64,SCARF,88064.0,84034,,0.6721012002932014,0.7580859446582371,,,,,,,,,,
160,1024,0.003,64,SUBTAB,59392.0,84034,0.65904224,0.6355884643577057,0.741690718343412,,,,,,,,,,
161,1024,0.003,128,CLIP,167681.0,331906,0.85712063,0.5912646600696353,0.7468102895363753,12438021.0,520.081787109375,4.962963104248047,2002462.25,14690352128.0,97.706787109375,2.4089505672454834,2.3317902088165283,0.9506173133850098,5.885802268981934
162,1024,0.003,128,CONTROL,,331906,,,0.7450464999083746,,,,,,,,,,
163,1024,0.003,128,GMC,532352.0,364930,0.8875296,0.5592186641011545,0.7756551218618288,80199.421875,1428.475341796875,45.45987701416016,322514.1875,4593547776.0,31.65586471557617,16.375,1.379629611968994,29.783950805664062,1.6111111640930176
164,1024,0.003,128,ICEH,217217.0,381442,0.71018505,0.5878630657870625,0.7722363478101522,44227312.0,1858.986083984375,26.83333396911621,322305.9375,72898040.0,75.85648345947266,13.782407760620115,2.342592477798462,7.961419582366943,2.257715940475464
165,1024,0.003,128,MCN,180736.0,331906,0.9012483,0.5994594099321972,0.7159668774051677,80173.046875,1849.96142578125,1.3132716417312622,322523.78125,78635232.0,87.13426208496094,1.4861111640930176,2.537037134170532,0.327160507440567,1.703703761100769
166,1024,0.003,128,SCARF,348160.0,331906,,0.5802123419461243,0.7462032710280374,,,,,,,,,,
167,1024,0.003,128,SUBTAB,233472.0,331906,0.707874,0.562671797691039,0.7611324903793293,,,,,,,,,,
168,1024,0.005,32,CLIP,11201.0,21538,0.8489915,0.5836712021257101,0.7545354590434304,4548048.0,317.3055419921875,4.469135761260986,2002462.25,13439801344.0,72.6975326538086,3.2067902088165283,2.675925970077514,0.854938268661499,8.172839164733887
169,1024,0.005,32,CONTROL,,21538,,,0.7715663368150998,,,,,,,,,,
170,1024,0.005,32,GMC,519968.0,198658,0.8287588,0.5562522906358806,0.7725627634231262,80194.6953125,942.8765258789062,15.564814567565918,322325.28125,792224512.0,518.7901000976562,15.95678997039795,1.4104938507080078,14.82870388031006,1.520061731338501
171,1024,0.005,32,ICEH,204833.0,215170,0.6847416,0.5999461700568077,0.771852666300165,44346320.0,1869.27001953125,16.12808609008789,322410.1875,15489235968.0,74.01851654052734,19.10493850708008,2.1836419105529785,0.7345678806304932,2.257715940475464
172,1024,0.005,32,MCN,14464.0,21538,0.8532893,0.5868036466923218,0.7419484148799707,80168.78125,209.6651306152344,16.132715225219727,322524.09375,78635232.0,70.10493469238281,164.53549194335938,1.5509259700775146,0.3302469253540039,1.4506173133850098
173,1024,0.005,32,SCARF,22528.0,21538,,0.7265839747113799,0.738798790544255,,,,,,,,,,
174,1024,0.005,32,SUBTAB,15360.0,21538,0.71029556,0.6723359904709547,0.7711253894080996,,,,,,,,,,
175,1024,0.005,64,CLIP,42881.0,84034,0.89806545,0.5859217518783214,0.5035046728971962,12169877.0,475.2021484375,4.54938268661499,2002461.375,13847645184.0,87.0293197631836,2.8410494327545166,3.0169754028320312,0.92592591047287,5.9336419105529785
176,1024,0.005,64,CONTROL,,84034,,,0.7742292010262048,,,,,,,,,,
177,1024,0.005,64,GMC,524096.0,233602,0.71540344,0.5539444749862562,0.7696422026754628,80193.1796875,1005.8626708984376,15.594136238098145,322347.8125,300546944.0,374.6898193359375,15.941357612609863,1.4027777910232544,14.833333015441896,1.4938271045684814
178,1024,0.005,64,ICEH,208961.0,250114,0.70829576,0.5504455286787612,0.7709936778449697,80206.8359375,1849.7515869140625,44.87345504760742,321287.21875,15395584000.0,62.935184478759766,1.729938268661499,2.337962865829468,15.516975402832031,2.257715940475464
179,1024,0.005,64,MCN,49408.0,84034,0.62158525,0.5603468022723108,0.7636693696170057,80190.34375,922.0972290039062,30.953702926635746,322523.8125,78635280.0,59.89043045043945,16.31327247619629,1.990740776062012,0.3287037014961242,2.327160596847534
180,1024,0.005,64,SCARF,88064.0,84034,0.9974927,0.6275311526479751,0.7606915429723291,,,,,,,,,,
181,1024,0.005,64,SUBTAB,59392.0,84034,0.8577979,0.5819474986256185,0.7707417078981125,,,,,,,,,,
182,1024,0.005,128,CLIP,167681.0,331906,0.6573165,0.5763182609492395,0.7665784771852666,1546358.125,418.71295166015625,3.560185194015503,2002461.375,15103404032.0,85.85802459716797,2.0138888359069824,3.0956790447235107,0.7854938507080078,6.274691581726074
183,1024,0.005,128,CONTROL,,331906,,,0.7541517775334433,,,,,,,,,,
184,1024,0.005,128,GMC,532352.0,364930,0.6345272,0.5608679219351291,0.7672943008979293,80193.9140625,1375.4676513671875,15.57253074645996,322348.125,311446400.0,563.6326904296875,15.94444465637207,1.4089505672454834,14.84567928314209,1.4845678806304932
185,1024,0.005,128,ICEH,217217.0,381442,0.69600713,0.591865951988272,0.7673515667949422,135164.46875,1844.9244384765625,1.2175925970077517,322410.1875,15462884352.0,73.89197540283203,1.7391974925994873,2.342592477798462,0.9413580298423768,2.257715940475464
186,1024,0.005,128,MCN,180736.0,331906,0.90356576,0.5581706981858163,0.5049305937328202,80144.578125,726.6404418945312,15.239197731018066,322523.84375,78635264.0,57.60647964477539,15.733024597167969,2.2515432834625244,15.148148536682127,1.5138888359069824
187,1024,0.005,128,SCARF,348160.0,331906,,0.5648994410848451,0.4971252519699469,,,,,,,,,,
188,1024,0.005,128,SUBTAB,233472.0,331906,0.90549076,0.5617326369800257,0.7596779365951989,,,,,,,,,,
189,1024,0.007,32,CLIP,11201.0,21538,0.6789973,0.6120922668132673,0.5,5664280.0,389.8302612304688,3.6558642387390137,2002464.75,12768527360.0,88.42283630371094,1.794753074645996,2.527777671813965,0.7067901492118835,6.479938507080078
190,1024,0.007,32,CONTROL,,21538,,,0.7710108576140737,,,,,,,,,,
191,1024,0.007,32,GMC,519968.0,198658,0.6622142,0.5556681784863478,0.5,80194.21875,792.5540161132812,15.577160835266112,322366.65625,147670656.0,542.0401000976562,16.287036895751953,1.3996913433074951,14.976851463317873,1.4768518209457395
192,1024,0.007,32,ICEH,204833.0,215170,0.9299137,0.6064687557265898,0.7621174638079531,150076.828125,1822.4630126953125,16.717592239379883,322178.4375,72898040.0,64.6759262084961,16.577159881591797,2.342592477798462,14.868826866149902,2.257715940475464
193,1024,0.007,32,MCN,14464.0,21538,0.6962141,0.5829152922851384,0.7690180043980209,80166.71875,944.2391967773438,1.3117283582687378,322476.25,72932424.0,94.56172943115234,33.33024597167969,3.6589505672454834,0.8996913433074951,2.5308642387390137
194,1024,0.007,32,SCARF,22528.0,21538,0.99642056,0.7010605644126809,0.7661260765988638,,,,,,,,,,
195,1024,0.007,32,SUBTAB,15360.0,21538,0.6582996,0.5713533076782115,0.7635204782847718,,,,,,,,,,
196,1024,0.007,64,CLIP,42881.0,84034,0.82662,0.5750641378046546,0.5008818948140004,25908890.0,334.5092468261719,4.8240742683410645,2002462.875,13663790080.0,77.06944274902344,2.618827104568481,3.2515432834625244,0.8225308656692505,9.858024597167969
197,1024,0.007,64,CONTROL,,84034,,,0.4997995693604545,,,,,,,,,,
198,1024,0.007,64,GMC,524096.0,233602,0.71533346,0.5519630749496061,0.5056979567527946,80192.109375,1036.68359375,15.66821002960205,322298.78125,109492328.0,455.3179016113281,16.080245971679688,1.4027777910232544,15.038579940795898,1.453703761100769
199,1024,0.007,64,ICEH,208961.0,250114,0.6937258,0.603679906542056,0.7785184167124795,509459.84375,1827.495361328125,1.2253086566925049,322302.21875,15489235968.0,75.03704071044922,12.004630088806152,2.342592477798462,0.9274691343307496,2.257715940475464
200,1024,0.007,64,MCN,49408.0,84034,0.69389504,0.5642523364485981,0.5049019607843137,80170.109375,922.0972290039062,1.212962985038757,322523.8125,78635232.0,189.71142578125,16.307098388671875,2.317901134490967,15.148148536682127,4.597222328186035
201,1024,0.007,64,SCARF,88064.0,84034,,0.6274051676745465,0.7629306395455379,,,,,,,,,,
202,1024,0.007,64,SUBTAB,59392.0,84034,0.8984595,0.571422026754627,0.7342976910390324,,,,,,,,,,
203,1024,0.007,128,CLIP,167681.0,331906,0.6583829,0.5875767363019975,0.7666357430822797,7479362.5,321.3641967773437,3.2114198207855225,2002461.375,11533416448.0,65.0956802368164,2.209876537322998,2.412037134170532,0.75,6.419753074645996
204,1024,0.007,128,CONTROL,,331906,,,0.5025769653655855,,,,,,,,,,
205,1024,0.007,128,GMC,532352.0,364930,0.9065354,0.5514362286970863,0.5,80194.140625,908.3904418945312,15.617283821105955,322347.8125,78901688.0,530.2345581054688,16.0,1.4043209552764893,14.867283821105955,1.4783951044082642
206,1024,0.007,128,ICEH,217217.0,381442,0.6181155,0.5916368884002199,0.7460830126443101,43379404.0,946.44287109375,1.2716048955917358,322375.5625,99246320.0,73.99382781982422,3.9336419105529785,2.342592477798462,0.9166666865348816,2.257715940475464
207,1024,0.007,128,MCN,180736.0,331906,0.891008,0.5816497159611509,0.5010536925050394,219769.609375,1401.9490966796875,221.8132781982422,322523.9375,78635248.0,93.95524597167967,238.31944274902344,3.070987701416016,222.0370330810547,2.787037134170532
208,1024,0.007,128,SCARF,348160.0,331906,0.9056347,0.5242292010262048,0.7690008246289171,,,,,,,,,,
209,1024,0.007,128,SUBTAB,233472.0,331906,0.7019196,0.5603639820414147,0.5037051035367418,,,,,,,,,,
210,1024,0.01,32,CLIP,11201.0,21538,0.7126579,0.5720462250320689,0.7493299890049478,150776.03125,471.0123596191406,5.70061731338501,2002461.875,15178717184.0,92.49691009521484,3.373456716537476,3.0061728954315186,0.7808641791343689,3.987654209136963
211,1024,0.01,32,CONTROL,,21538,,,0.501466006963533,,,,,,,,,,
212,1024,0.01,32,GMC,519968.0,198658,0.6624665,0.5549409015942826,0.5044037474803006,80199.9375,609.9197387695312,15.44444465637207,322263.6875,72893328.0,934.6697387695312,15.98611068725586,2.145061731338501,15.179012298583984,1.4382716417312622
213,1024,0.01,32,ICEH,204833.0,215170,0.7632665,0.5690569452079897,0.7493070826461425,149993.640625,1850.3812255859373,25.785493850708008,322070.40625,72898040.0,1633.774658203125,1.7175925970077517,64.21759033203125,14.813271522521973,1.9722222089767456
214,1024,0.01,32,MCN,14464.0,21538,0.8539944,0.5742395088876673,0.7329920285871359,80144.578125,922.0972290039062,1.3132716417312622,322504.4375,78635232.0,42.20987701416016,208.75462341308597,5.6188273429870605,15.160493850708008,2.3842592239379883
215,1024,0.01,32,SCARF,22528.0,21538,,0.7203591717060656,0.7581489371449515,,,,,,,,,,
216,1024,0.01,32,SUBTAB,15360.0,21538,0.659383,0.5665200659703133,0.5,,,,,,,,,,
217,1024,0.01,64,CLIP,42881.0,84034,0.65146357,0.5694807128458861,0.7691439893714496,3919372.75,391.7962951660156,5.02623462677002,2002461.875,13339476992.0,73.82716369628906,3.205246925354004,2.6419754028320312,0.8209876418113708,7.472222328186035
218,1024,0.01,64,CONTROL,,84034,,,0.7234744365035733,,,,,,,,,,
219,1024,0.01,64,GMC,524096.0,233602,0.7152653,0.5422450522264981,0.7686629558365402,80193.390625,1035.649658203125,15.59876537322998,322355.25,104472392.0,613.63427734375,15.972222328186035,1.4089505672454834,14.80246925354004,1.4768518209457395
220,1024,0.01,64,ICEH,208961.0,250114,,0.7331122869708631,0.5,32427908.0,897.05712890625,17.47222137451172,755142.1875,12501756928.0,36.671295166015625,2.4737653732299805,1.2330247163772583,0.5216049551963806,2.257715940475464
221,1024,0.01,64,MCN,49408.0,84034,0.8960974,0.5815065512186183,0.7677753344328386,80190.4765625,929.2330322265624,2.990740776062012,322523.84375,78635232.0,72.9058609008789,1.4861111640930176,1.8132716417312624,29.98302459716797,2.3317902088165283
222,1024,0.01,64,SCARF,88064.0,84034,,0.554471321238776,0.4979899670148433,,,,,,,,,,
223,1024,0.01,64,SUBTAB,59392.0,84034,0.65479106,0.5521291460509437,0.5,,,,,,,,,,
224,1024,0.01,128,CLIP,167681.0,331906,0.8272322,0.5805101246105919,0.7070047645226314,10630782.0,406.1003112792969,4.533950805664063,2002461.625,172418368.0,78.77314758300781,2.310185194015503,2.3333332538604736,0.720678985118866,7.195987701416016
225,1024,0.01,128,CONTROL,,331906,,,0.5037051035367418,,,,,,,,,,
226,1024,0.01,128,GMC,532352.0,364930,0.9064987,0.5458642569177203,0.7672484881803189,80191.9765625,952.1574096679688,15.63734531402588,322322.25,73403656.0,640.1743774414062,16.035493850708008,1.3981481790542605,1185.0308837890625,1.441357970237732
227,1024,0.01,128,ICEH,217217.0,381442,0.8717813,0.6267466098588969,0.7551252977826645,131986.203125,1588.4197998046875,14.399691581726074,322386.96875,72898040.0,71.81327056884766,1.7191357612609863,2.322530746459961,0.9104938507080078,2.257715940475464
228,1024,0.01,128,MCN,180736.0,331906,0.84530294,0.6289971596115081,0.771835486531061,80164.03125,333.92437744140625,20.324073791503903,322489.375,78635648.0,41.99691390991211,30.234567642211918,5.487654209136963,15.148148536682127,10.768518447875977
229,1024,0.01,128,SCARF,348160.0,331906,,0.5640175462708448,0.5055433388308594,,,,,,,,,,
230,1024,0.01,128,SUBTAB,233472.0,331906,0.6542014,0.5696124244090159,0.6315283122594832,,,,,,,,,,
