,batch_size,learning_rate,latent_dim,model_type,embedder_params,predictor_params,kmeans_perf,knn_perf,predictor_perf,climbRate,Sgz,p,q,curRoll,absRoll,diffClb,diffRollRate,diffDiffClb,SaTime1,SaTime2,SaTime3,SaTime4,diffSaTime1,diffSaTime3,Sa
0,1024,0.0001,32,CLIP,17921.0,34369,0.56771606,4.1988114e-05,0.0001578806,257394.640625,1129.410400390625,0.3708916306495666,0.0740099102258682,1.9899373054504397,96.2389907836914,470.9056701660156,0.0025690314359962,12.446714401245115,1.4528930023516295e-06,3.3514777442178456e-06,6.205031581885123e-07,3.5281602777104126e-06,1.052515798960485e-07,1.5954401533235798e-07,2.694826889637625e-06
1,1024,0.0001,32,CONTROL,,34369,,,0.00010795502,,,,,,,,,,,,,,,,
2,1024,0.0001,32,GMC,819488.0,305377,0.38610402,3.586316e-05,3.8345705e-05,71519.921875,578.7940063476562,0.0949294045567512,0.0108168236911296,0.8534119725227356,18.595911026000977,70.15880584716797,0.0001272154040634,1.047594428062439,2.230125573987607e-06,1.5305975011870032e-06,1.5333017699958873e-06,1.564795411468367e-06,1.1358490326074389e-07,1.1550314127362073e-07,2.516084805392893e-06
3,1024,0.0001,32,ICEH,305441.0,321889,0.26952118,3.8650112e-05,3.34435e-05,73620.7890625,746.8302001953125,0.1567775160074234,0.002264937153086,1.1984590291976929,60.04716873168945,117.3836441040039,0.0011706824880093,1.0439622402191162,1.694166599008895e-06,2.416352117506904e-06,1.3020754749959451e-06,1.4176257536746562e-06,1.400628946157667e-07,1.4490565547475853e-07,1.7813048316384084e-06
4,1024,0.0001,32,MCN,21184.0,34369,0.56669235,4.1945405e-05,0.00017271804,133750.671875,1378.443359375,0.52365642786026,0.1435194909572601,6.912264347076416,55.8553466796875,382.6336364746094,0.0015563867054879,8.394009590148926,3.5283960642118477e-06,3.1830029456614284e-06,1.9653300569189014e-06,2.3178615720098605e-06,1.0544025741410225e-07,1.2311321029301325e-07,6.28003192559845e-07
5,1024,0.0001,32,SCARF,35392.0,34369,0.2874212,4.0904175e-05,0.0002583504,,,,,,,,,,,,,,,,
6,1024,0.0001,32,SUBTAB,26176.0,34369,0.53178686,4.1629588e-05,0.00015838558,,,,,,,,,,,,,,,,
7,1024,0.0001,64,CLIP,68609.0,134273,0.52645916,4.5457662e-05,0.00018983739,580310.3125,2051.15869140625,0.2671594321727752,0.0088734272867441,1.273474931716919,18.783018112182617,320.5204467773437,0.0001872279826784,6.97404146194458,6.054402774680057e-07,6.645283292527893e-07,6.153931053631823e-07,1.4114150417299245e-06,1.0577044662340997e-07,1.1484276285500529e-07,7.51430775380868e-07
8,1024,0.0001,64,CONTROL,,134273,,,9.5941745e-05,,,,,,,,,,,,,,,,
9,1024,0.0001,64,GMC,823616.0,358721,0.36939007,3.6000845e-05,3.7361075e-05,71630.265625,595.1021728515625,0.0960048735141754,0.0114294029772281,0.8260534405708313,19.283018112182617,73.67767333984375,0.0001433380384696,1.041242241859436,1.944449650181923e-06,1.9134431568090804e-06,2.5125157208094606e-06,1.6476101336593274e-06,1.347484186453585e-07,1.1479559702820553e-07,1.5945124687277712e-06
10,1024,0.0001,64,ICEH,309569.0,375233,0.24173184,3.816404e-05,3.533311e-05,75020.078125,663.3474731445312,0.1125474870204925,0.0017976416274905,1.021304965019226,70.57704162597656,113.15723419189452,0.0017229828517884,1.0715723037719729,1.0171382882617763e-06,1.2186005733383354e-06,1.140157223744609e-06,1.841241896727297e-06,1.404559810680439e-07,9.74685576693446e-08,1.606776663720666e-06
11,1024,0.0001,64,MCN,75136.0,134273,0.49695575,4.1605927e-05,0.000117533535,128122.0,628.6446533203125,0.4411801993846893,0.0896130427718162,9.184985160827637,122.32704162597656,153.51100158691406,0.0018713538302108,3.1899685859680176,1.959213932423154e-06,2.261194822494872e-06,1.8130504031432797e-06,1.817075485632813e-06,1.105031515180599e-07,1.279559711520051e-07,2.1248583834676538e-06
12,1024,0.0001,64,SCARF,138368.0,134273,0.36446393,3.917535e-05,0.00018250487,,,,,,,,,,,,,,,,
13,1024,0.0001,64,SUBTAB,101504.0,134273,0.50794214,4.080322e-05,0.0001327668,,,,,,,,,,,,,,,,
14,1024,0.0001,128,CLIP,268289.0,530689,0.5151541,4.7059715e-05,8.4037056e-05,213863.09375,1658.4700927734375,0.2666723430156708,0.0098105343058705,1.0587893724441528,17.048742294311523,161.6792449951172,0.0001768930960679,4.864842891693115,6.475000304817513e-07,9.003773584481678e-07,2.6350469397584675e-06,2.231776761618676e-06,1.1072327055217103e-07,9.962265323792965e-08,1.325723246736743e-06
15,1024,0.0001,128,CONTROL,,530689,,,0.0001106878,,,,,,,,,,,,,,,,
16,1024,0.0001,128,GMC,831872.0,563713,0.36636758,3.5567755e-05,3.8457147e-05,72253.4375,572.1760864257812,0.0963009372353553,0.0128545612096786,0.8318710923194885,20.5,76.00628662109375,0.0001292830274906,1.055314540863037,1.8616823354022929e-06,1.468521986680571e-06,1.651336333452491e-06,1.591540808476566e-06,1.1767295404752077e-07,1.196069092657126e-07,2.169465460610809e-06
17,1024,0.0001,128,ICEH,317825.0,580225,0.25841463,3.8235903e-05,3.0997704e-05,75107.15625,718.3333129882812,0.1901922821998596,0.001773270429112,0.892043948173523,62.723270416259766,110.45439910888672,0.0019625863060355,1.0469497442245483,1.862908675320796e-06,1.914921313073137e-06,2.009245463341358e-06,2.3544182568002725e-06,1.2492137102526613e-07,1.1333333560514804e-07,2.521886699469178e-06
18,1024,0.0001,128,MCN,281344.0,530689,0.5229426,4.168095e-05,8.67419e-05,209561.203125,2075.116455078125,0.1986471712589264,0.0669756233692169,4.134669780731201,38.60691833496094,247.8946533203125,0.0023914310149848,1.322028398513794,1.871556605692604e-06,2.1645282686222345e-06,3.4750626127788564e-06,2.8571855636982946e-06,1.5849056467232006e-07,1.285062865008513e-07,2.415345761619392e-06
19,1024,0.0001,128,SCARF,547072.0,530689,0.2754192,4.021115e-05,0.0001677655,,,,,,,,,,,,,,,,
20,1024,0.0001,128,SUBTAB,399616.0,530689,0.5076894,4.0521198e-05,0.00011455041,,,,,,,,,,,,,,,,
21,1024,0.0002,32,CLIP,17921.0,34369,0.52028733,4.1528987e-05,8.1861785e-05,104183.859375,2018.438720703125,0.3103064596652984,0.0052748429588973,0.9324371814727784,72.6336441040039,346.0691833496094,0.0003417185507714,6.583663463592529,2.6281286409357563e-06,6.307233206825913e-07,1.565691832183802e-06,6.47264130293479e-07,1.609119379963886e-07,1.59103763053281e-07,3.111745400019572e-06
22,1024,0.0002,32,CONTROL,,34369,,,7.877748e-05,,,,,,,,,,,,,,,,
23,1024,0.0002,32,GMC,819488.0,305377,0.3377962,3.6454963e-05,4.262331e-05,71472.3125,639.5408935546875,0.1054382100701332,0.0087183965370059,0.7211477756500244,18.63836479187012,71.67453002929688,0.0001664716983214,1.0249056816101074,1.412798724231834e-06,1.4318396779344766e-06,1.494481125519087e-06,1.4206603964339592e-06,1.23474833912951e-07,1.0922956050762879e-07,1.428003201908723e-06
24,1024,0.0002,32,ICEH,305441.0,321889,0.24704795,3.575272e-05,3.2470114e-05,74956.078125,739.7877197265625,0.2066938728094101,0.0022416666615754,1.0007390975952148,14.198113441467283,65.25785827636719,0.0001070786165655,0.9434276819229126,1.7152829059341457e-06,1.44836474191834e-06,1.6801886886241846e-06,1.3331917898540269e-06,1.5614779158568126e-07,1.1281446887778657e-07,1.3221855397205218e-06
25,1024,0.0002,32,MCN,21184.0,34369,0.49995723,4.1742816e-05,0.00013898542,92977.671875,1073.7264404296875,0.4870967268943786,0.0986054986715316,2.2409591674804688,67.72169494628906,121.86320495605467,0.0028639747761189,3.3743550777435303,2.26149381887808e-06,6.645283292527893e-07,1.8724684878179687e-06,7.952830287649704e-07,1.4198113262864356e-07,1.5635220051990473e-07,2.69954398390837e-06
26,1024,0.0002,32,SCARF,35392.0,34369,0.35726693,3.9846687e-05,0.00012269933,,,,,,,,,,,,,,,,
27,1024,0.0002,32,SUBTAB,26176.0,34369,0.510819,3.9648174e-05,0.00011413203,,,,,,,,,,,,,,,,
28,1024,0.0002,64,CLIP,68609.0,134273,0.5618239,4.5765406e-05,0.00010799114,192395.671875,1991.5361328125,0.2778624296188354,0.0100100627169013,0.943836510181427,25.19811248779297,174.3364715576172,0.0001488883717684,4.514229774475098,1.1487578603919246e-06,1.1390879990358371e-06,3.517908453432028e-06,1.040345864566916e-06,1.6047168571731166e-07,1.3561320599819737e-07,1.8453772554494208e-06
29,1024,0.0002,64,CONTROL,,134273,,,0.0001061266,,,,,,,,,,,,,,,,
30,1024,0.0002,64,GMC,823616.0,358721,0.34003597,3.630026e-05,3.7033762e-05,73547.109375,678.9402465820312,0.0956066027283668,0.0122720133513212,0.7537421584129333,17.960691452026367,73.50943756103516,0.0001516352203907,1.0445598363876345,1.4130660019873176e-06,1.4443395457419683e-06,1.5416350152008818e-06,1.6590724953857716e-06,1.2044024799706676e-07,1.0446540699149409e-07,1.5114466123122838e-06
31,1024,0.0002,64,ICEH,309569.0,375233,0.23001419,3.450464e-05,3.3973145e-05,75215.125,657.8553466796875,0.2248507738113403,0.0021322325337678,0.9902044534683228,9.10377311706543,58.421382904052734,0.0004444827209226,1.0341037511825562,1.084559698938392e-06,1.0580346270216978e-06,1.4701257669003098e-06,1.2376572158245835e-06,1.6047168571731166e-07,1.0152516694006408e-07,1.2954559451827663e-06
32,1024,0.0002,64,MCN,75136.0,134273,0.49764714,4.118243e-05,8.2699444e-05,75344.15625,1169.1650390625,0.2930045425891876,0.0783930793404579,4.546871185302734,35.559749603271484,126.00628662109376,0.0019976885523647,4.236965179443359,7.823270493645396e-07,3.5261637094663456e-06,3.3661794986983296e-06,2.126981144101592e-06,1.213993812143599e-07,1.3301885815053538e-07,2.01243733499723e-06
33,1024,0.0002,64,SCARF,138368.0,134273,0.49908918,4.161665e-05,9.60873e-05,,,,,,,,,,,,,,,,
34,1024,0.0002,64,SUBTAB,101504.0,134273,0.54630876,4.0266314e-05,0.00019826864,,,,,,,,,,,,,,,,
35,1024,0.0002,128,CLIP,268289.0,530689,0.52223057,4.667919e-05,6.0786093e-05,259286.34375,1796.682373046875,0.2535729706287384,0.0054404092952609,1.0385692119598389,11.779873847961426,115.11949920654295,0.0002269025135319,2.7947802543640137,1.3978931292513153e-06,1.3465250958688555e-06,1.247861632691638e-06,1.6496227317475132e-06,9.915095233736793e-08,1.1485848716574765e-07,1.7262733535972077e-06
36,1024,0.0002,128,CONTROL,,530689,,,0.00014603995,,,,,,,,,,,,,,,,
37,1024,0.0002,128,GMC,831872.0,563713,0.37405735,3.6272377e-05,3.8145787e-05,73023.53125,611.55029296875,0.0946265682578086,0.0101347481831908,0.7739150524139404,19.069181442260746,73.6603775024414,0.0001511084992671,1.0491981506347656,1.500974804002908e-06,1.786257826097426e-06,1.6151572026501526e-06,1.6194967429328244e-06,1.0720125942498274e-07,1.1355344753383181e-07,1.528852180854301e-06
38,1024,0.0002,128,ICEH,317825.0,580225,0.24933763,3.6555542e-05,3.4236866e-05,74021.1171875,748.089599609375,0.2850532829761505,0.0012663522502407,1.0491037368774414,45.51729583740234,74.0550308227539,0.0006817830144427,3.371840000152588,1.5217137843137607e-06,1.9002986846317071e-06,1.6539150919925303e-06,2.1585688045888678e-06,1.4003143178342725e-07,1.233962194646665e-07,2.265188413730357e-06
39,1024,0.0002,128,MCN,281344.0,530689,0.5090591,4.2094834e-05,8.032422e-05,75028.984375,766.5660400390625,0.3098968267440796,0.0360092744231224,1.0661791563034058,45.45597457885742,127.6053466796875,0.0013039747718721,1.711493730545044,2.5140880097751506e-06,2.999040816575871e-06,7.973899300850462e-07,3.4668394164327765e-06,1.4784590973704328e-07,1.5204402359358937e-07,2.688207359824446e-06
40,1024,0.0002,128,SCARF,547072.0,530689,0.25251183,3.9212442e-05,0.0001943928,,,,,,,,,,,,,,,,
41,1024,0.0002,128,SUBTAB,399616.0,530689,0.5105958,4.023118e-05,0.00010447925,,,,,,,,,,,,,,,,
42,1024,0.0003,32,CLIP,17921.0,34369,0.5307324,4.172546e-05,8.112772e-05,326988.9375,1620.9874267578125,0.2880091071128845,0.0110048735514283,0.7191980481147766,39.8301887512207,387.33489990234375,0.0001381729671265,6.29658842086792,9.934120726029505e-07,3.5186949389753863e-06,3.5006130474357637e-06,1.732169721435639e-06,1.1072327765759837e-07,9.724843863523348e-08,2.6437262476974865e-06
43,1024,0.0003,32,CONTROL,,34369,,,0.00011881857,,,,,,,,,,,,,,,,
44,1024,0.0003,32,GMC,819488.0,305377,0.34470898,3.6542522e-05,3.7888505e-05,72362.1953125,615.44970703125,0.0994207486510276,0.010718710720539,0.7124528288841248,19.045597076416016,79.32704162597656,0.0001599937095306,1.07215416431427,1.64792436407879e-06,1.8733959450401017e-06,1.741446567393723e-06,1.6292452755806153e-06,1.1850629277887494e-07,1.1187107418209052e-07,1.7559120806254214e-06
45,1024,0.0003,32,ICEH,305441.0,321889,0.3774267,3.5669524e-05,3.3188426e-05,74055.6640625,646.314453125,0.1276597380638122,0.001478616381064,0.8337421417236328,21.65566062927246,74.4449691772461,0.0001528506254544,1.051761031150818,1.4277829905040562e-06,1.1529716630320763e-06,1.8009274072028347e-06,2.0170753032289213e-06,1.1209119321620165e-07,9.811321177721767e-08,1.3419182778307004e-06
46,1024,0.0003,32,MCN,21184.0,34369,0.5162296,4.0710645e-05,6.8216556e-05,107879.46875,768.0518798828125,0.7673594355583191,0.0950767248868942,1.2480974197387695,52.79716873168945,118.13522338867188,0.0024447359610348,1.5102673768997192,3.064166776312049e-06,8.38663481772528e-07,3.494323664199328e-06,2.212326990047586e-06,1.184276712251631e-07,1.2578615837810506e-07,1.143726422014879e-06
47,1024,0.0003,32,SCARF,35392.0,34369,0.22155882,4.0089628e-05,0.000108514745,,,,,,,,,,,,,,,,
48,1024,0.0003,32,SUBTAB,26176.0,34369,0.5047949,4.2304513e-05,9.870615e-05,,,,,,,,,,,,,,,,
49,1024,0.0003,64,CLIP,68609.0,134273,0.5224293,4.654349e-05,5.3751777e-05,84588.015625,1893.0911865234373,0.257989764213562,0.0063948114402592,0.921367883682251,18.089622497558597,206.4386749267578,0.000305632042,5.021194934844971,1.8456131556376927e-06,1.5681918057453004e-06,1.5544652569587925e-06,3.300534444861114e-06,1.1150943635129806e-07,1.0132075090041327e-07,1.2024842135360814e-06
50,1024,0.0003,64,CONTROL,,134273,,,0.00010738633,,,,,,,,,,,,,,,,
51,1024,0.0003,64,GMC,823616.0,358721,0.3149091,3.6108562e-05,3.817869e-05,71553.4609375,650.0833129882812,0.107986643910408,0.0129202837124466,0.7058647871017456,18.76886749267578,71.39779663085938,0.0001437122700735,1.0261163711547852,1.5546854683634592e-06,1.582971663083299e-06,1.607940134817909e-06,1.6453773241664749e-06,1.301100525097354e-07,1.1710690728250485e-07,1.5557388906017875e-06
52,1024,0.0003,64,ICEH,309569.0,375233,0.3562631,3.0134164e-05,3.6934834e-05,74723.1328125,1107.589599609375,0.4611671566963196,0.0009523584158159,0.8299842476844788,8.073899269104004,39.265724182128906,0.0010789749212563,5.07235860824585,5.822484467898903e-07,1.2620125744433608e-06,1.0840094546438197e-06,1.107798652810743e-06,1.4413521398637388e-07,1.2061320830980549e-07,8.083333682407101e-07
53,1024,0.0003,64,MCN,75136.0,134273,0.5065082,4.172917e-05,6.0463444e-05,176593.15625,673.9937133789062,0.4644645750522613,0.1194454431533813,2.960754871368408,100.72484588623048,108.789306640625,0.0017666728235781,2.129528522491455,1.8743082819128176e-06,1.994716967601562e-06,9.923584229909466e-07,1.0548899354034802e-06,1.5628930327693524e-07,1.291666649194667e-07,1.3624686516777729e-06
54,1024,0.0003,64,SCARF,138368.0,134273,0.44147143,4.1838044e-05,0.00010069386,,,,,,,,,,,,,,,,
55,1024,0.0003,64,SUBTAB,101504.0,134273,0.5047253,4.039722e-05,0.0001112513,,,,,,,,,,,,,,,,
56,1024,0.0003,128,CLIP,268289.0,530689,0.54073435,4.6040634e-05,6.640145e-05,160581.8125,1831.081787109375,0.215004876255989,0.0053327046334743,0.9996383786201476,8.095911979675293,116.13522338867188,9.99606927507557e-05,4.466761589050293,1.3735220818489324e-06,1.3001415481994627e-06,1.4577673255189438e-06,1.2897484111817905e-06,9.877359730126045e-08,1.0616351886483245e-07,1.418427473254269e-06
57,1024,0.0003,128,CONTROL,,530689,,,8.249689e-05,,,,,,,,,,,,,,,,
58,1024,0.0003,128,GMC,831872.0,563713,0.37537858,3.7126778e-05,3.876604e-05,72946.3125,617.0330200195312,0.0967715382575988,0.0085685541853308,0.7649842500686646,19.15566062927246,74.17767333984375,0.0001534308103146,1.0642766952514648,1.696981030363531e-06,1.5478301520488458e-06,1.7699684349281597e-06,1.7863205812318483e-06,1.1682389811085161e-07,9.449686189100248e-08,1.584198003001802e-06
59,1024,0.0003,128,ICEH,317825.0,580225,0.32126325,3.1179065e-05,3.1547435e-05,74090.859375,1870.76416015625,0.4154367446899414,0.0009382075513713,2.169402599334717,10.37421417236328,23.402515411376957,0.0003320597170386,4.681918621063232,1.1042610594813596e-06,5.992767455609282e-07,9.84748453447537e-07,6.599213975277962e-07,1.1764150542603603e-07,9.941825140913353e-08,8.188206948034349e-07
60,1024,0.0003,128,MCN,281344.0,530689,0.523952,4.1071515e-05,0.00012785076,75042.7265625,856.7720336914062,0.453023761510849,0.0625201240181922,2.3663206100463867,52.987422943115234,486.2594299316406,0.0026622200384736,2.527358293533325,2.02839623852924e-06,1.98825478037179e-06,1.8952672462546616e-06,6.712421622978582e-07,1.2210691124892037e-07,1.5921382612305027e-07,9.778459570952691e-07
61,1024,0.0003,128,SCARF,547072.0,530689,0.20904085,4.238716e-05,0.00021633232,,,,,,,,,,,,,,,,
62,1024,0.0003,128,SUBTAB,399616.0,530689,0.50350356,3.954592e-05,0.000113998096,,,,,,,,,,,,,,,,
63,1024,0.0005,32,CLIP,17921.0,34369,0.5602792,4.5628847e-05,9.659676e-05,169949.15625,1916.3333740234373,0.2409647852182388,0.0135830184444785,1.468836545944214,19.179244995117188,140.29087829589844,0.0001135912025347,3.850000143051148,2.3861005047365325e-06,3.5261637094663456e-06,1.921477860378218e-06,2.984323828059132e-06,1.0544025741410225e-07,1.101257822710977e-07,1.620849047867523e-06
64,1024,0.0005,32,CONTROL,,34369,,,9.597524e-05,,,,,,,,,,,,,,,,
65,1024,0.0005,32,GMC,819488.0,305377,0.3764529,3.6185254e-05,3.733609e-05,70365.4375,639.081787109375,0.1078927591443061,0.0129001578316092,0.7550786137580872,18.816038131713867,65.70282745361328,0.0001403317728545,1.060330152511597,1.621037768018141e-06,1.815817654460261e-06,1.82776727797318e-06,1.7518080994705088e-06,1.1190250859272056e-07,8.045597610362165e-08,1.7319654261882531e-06
66,1024,0.0005,32,ICEH,305441.0,321889,0.34600782,2.8445867e-05,3.370376e-05,73185.9375,580.2594604492188,0.2432974874973297,0.0010479559423401,1.0756760835647583,6.2908806800842285,30.435535430908203,0.0001515943295089,0.9198899865150452,9.198585075864684e-07,1.0763993714135722e-06,9.888522072287742e-07,1.1945754749831394e-06,1.0544025741410225e-07,1.134433915694899e-07,7.525471801272943e-07
67,1024,0.0005,32,MCN,21184.0,34369,0.51438594,4.242787e-05,7.485245e-05,100975.75,879.9041137695312,0.329471230506897,0.1068842932581901,4.283962249755859,81.98270416259766,166.1006317138672,0.0029528238810598,13.282075881958008,2.0688837594207143e-06,6.358333735079214e-07,1.8799370309352528e-06,1.913380174300982e-06,1.211006264156822e-07,9.977987502907126e-08,3.524622570694192e-06
68,1024,0.0005,32,SCARF,35392.0,34369,0.3920639,4.2767537e-05,7.902232e-05,,,,,,,,,,,,,,,,
69,1024,0.0005,32,SUBTAB,26176.0,34369,0.53787506,4.1692143e-05,6.903909e-05,,,,,,,,,,,,,,,,
70,1024,0.0005,64,CLIP,68609.0,134273,0.5453437,4.6364865e-05,5.9049198e-05,168102.140625,1756.9150390625,0.2126877307891845,0.0026644656900316,0.872185468673706,5.970125675201416,174.3726348876953,9.684119140729308e-05,3.1611008644104004,3.893395899012831e-07,7.662421808163344e-07,1.0173426971959998e-06,6.321855607893667e-07,1.0984277309944447e-07,1.5045597479002026e-07,6.987264100644097e-07
71,1024,0.0005,64,CONTROL,,134273,,,0.00010240062,,,,,,,,,,,,,,,,
72,1024,0.0005,64,GMC,823616.0,358721,0.35650775,3.5354173e-05,3.7794853e-05,72132.3515625,723.5188598632812,0.1239224821329116,0.0094839623197913,0.7412263751029968,17.41666603088379,75.31131744384766,0.0001540723314974,1.019229531288147,1.3937892617832404e-06,1.4751258277101442e-06,1.4807075103817624e-06,1.4761477586944238e-06,6.60849011069331e-08,9.54087937543591e-08,1.4522640867653536e-06
73,1024,0.0005,64,ICEH,309569.0,375233,0.38318503,2.8594557e-05,3.4277484e-05,76827.875,4216.61962890625,0.7065215706825256,0.0008586478070355,4.547500133514404,8.17767333984375,26.25,0.0007756399572826,0.5268396139144897,8.082704994194501e-07,6.896855779814359e-07,8.131131608024589e-07,7.738364615761384e-07,1.4679244486615064e-07,1.461320806583899e-07,8.00565999270475e-07
74,1024,0.0005,64,MCN,75136.0,134273,0.5119462,4.1528765e-05,7.2850984e-05,89150.921875,821.089599609375,0.3152706027030945,0.0535970106720924,4.795597553253174,55.08647918701172,295.1022033691406,0.0020923821721225,1.919512629508972,3.4713993954937905e-06,6.205031581885123e-07,9.876887361315312e-07,2.274229473187006e-06,1.1897799367943664e-07,1.28836475710159e-07,1.7832703633757774e-06
75,1024,0.0005,64,SCARF,138368.0,134273,0.25679618,4.2979784e-05,0.00012231273,,,,,,,,,,,,,,,,
76,1024,0.0005,64,SUBTAB,101504.0,134273,0.50812334,3.982204e-05,0.00011165086,,,,,,,,,,,,,,,,
77,1024,0.0005,128,CLIP,268289.0,530689,0.5185138,4.655384e-05,6.115729e-05,135940.09375,2641.93408203125,0.2637556493282318,0.0029399369377642,0.8712106347084045,19.705974578857425,136.08963012695312,9.983489871956408e-05,2.394827127456665,8.086792036010593e-07,8.291195285892172e-07,8.964464655036863e-07,8.410534633185307e-07,1.1811320632659773e-07,1.4421382843465838e-07,5.580818083217309e-07
78,1024,0.0005,128,CONTROL,,530689,,,8.201396e-05,,,,,,,,,,,,,,,,
79,1024,0.0005,128,GMC,831872.0,563713,0.3615399,3.5719768e-05,3.6126614e-05,70303.8515625,633.2971801757812,0.1038295552134513,0.0096944971010088,0.7335692048072815,17.523584365844727,71.54402160644531,0.0001352437102468,1.0851415395736694,1.526965320408635e-06,1.5423898958033533e-06,1.6759590835135896e-06,1.4997798416516162e-06,1.0308176001672109e-07,1.001572371706061e-07,1.580550360813504e-06
80,1024,0.0005,128,ICEH,317825.0,580225,0.24495162,3.0351614e-05,3.2923843e-05,74552.7890625,772.5440063476562,0.3377334773540497,0.00095990562113,1.9441509246826167,14.929244995117188,23.765724182128903,0.0002033632044913,0.6944339871406555,1.2005660892100425e-06,1.0158175882679643e-06,8.294653639495664e-07,8.265094493253855e-07,1.0869498368037966e-07,1.088522054715213e-07,6.797641844968894e-07
81,1024,0.0005,128,MCN,281344.0,530689,0.50891834,4.0004637e-05,4.890405e-05,74213.234375,714.60693359375,0.3501933813095093,0.0742746889591217,0.8748584389686584,85.91981506347656,129.867919921875,0.0022444669157266,2.9002201557159424,2.1615092009596992e-06,3.5218395169067662e-06,1.8962421108881244e-06,1.8453772554494208e-06,1.2238993463142833e-07,1.249842682682356e-07,8.123585644170817e-07
82,1024,0.0005,128,SCARF,547072.0,530689,0.4498686,4.5251432e-05,0.00019443182,,,,,,,,,,,,,,,,
83,1024,0.0005,128,SUBTAB,399616.0,530689,0.49267095,3.8413385e-05,0.00014683869,,,,,,,,,,,,,,,,
84,1024,0.0007,32,CLIP,17921.0,34369,0.5365071,4.5805067e-05,5.207413e-05,158917.078125,1466.4591064453125,0.2136525064706802,0.0088135218247771,1.7861007452011108,26.55817604064941,73.33490753173828,0.0001225015730597,4.473490715026856,1.3150629456504248e-06,5.458176133288362e-07,6.993868169047346e-07,1.0867296396099846e-06,1.4910376933130465e-07,1.5336478043082025e-07,1.3589465197583197e-06
85,1024,0.0007,32,CONTROL,,34369,,,5.8548376e-05,,,,,,,,,,,,,,,,
86,1024,0.0007,32,GMC,819488.0,305377,0.3481772,3.6477013e-05,3.954569e-05,70404.9375,593.4072265625,0.1025759354233741,0.0105389934033155,0.9036163687705994,17.660377502441406,84.10691833496094,0.0001288474886678,1.032421350479126,1.6114778418341302e-06,1.474009422963718e-06,1.4712420579598984e-06,1.4319340380097856e-06,1.0240565728736328e-07,6.694968135434466e-08,1.4637735148426143e-06
87,1024,0.0007,32,ICEH,305441.0,321889,0.34146413,3.6931593e-05,3.3905002e-05,75843.6484375,518.3742065429688,0.1703907251358032,0.0016600628150627,0.8453773856163025,14.830188751220703,86.81446838378906,0.0001164638451882,0.972421407699585,1.7322954590781592e-06,1.8422797438688576e-06,1.7688206526145225e-06,2.0169968593108933e-06,1.358647807592206e-07,1.4718553131842782e-07,1.7174371578221326e-06
88,1024,0.0007,32,MCN,21184.0,34369,0.536146,4.124933e-05,5.4491833e-05,109967.7109375,730.67138671875,0.5037638545036316,0.1010577157139778,1.4958648681640625,58.78144836425781,574.4921264648438,0.0023842246737331,50.34553909301758,1.7367295868098154e-06,9.455818030801312e-07,1.6928302102314774e-06,6.743867970726569e-07,1.2393081760819769e-07,1.2474842492338212e-07,2.5179399472108344e-06
89,1024,0.0007,32,SCARF,35392.0,34369,0.48631644,3.9621576e-05,9.328195e-05,,,,,,,,,,,,,,,,
90,1024,0.0007,32,SUBTAB,26176.0,34369,0.5117606,3.885235e-05,5.831502e-05,,,,,,,,,,,,,,,,
91,1024,0.0007,64,CLIP,68609.0,134273,0.5378173,4.550079e-05,5.6686997e-05,324847.5625,1757.6619873046875,0.2383300215005874,0.0033116347622126,1.1434276103973389,6.0110063552856445,211.1399383544922,0.0001022279902826,8.915142059326172,7.804717370163416e-07,6.904559768372565e-07,5.390566002461128e-07,9.515724030961793e-08,1.058018952448947e-07,1.4660376734809688e-07,6.416352107407874e-07
92,1024,0.0007,64,CONTROL,,134273,,,6.271884e-05,,,,,,,,,,,,,,,,
93,1024,0.0007,64,GMC,823616.0,358721,0.34789333,3.6047386e-05,3.7668568e-05,69784.8359375,817.946533203125,0.1105688661336898,0.0096256295219063,0.7180975079536438,17.69025230407715,66.3553466796875,0.0001637735840631,1.0001729726791382,1.44171383453795e-06,1.4452987215918256e-06,1.360220039714477e-06,1.5497798813157717e-06,8.196541045890626e-08,8.196541045890626e-08,1.4439151527767535e-06
94,1024,0.0007,64,ICEH,309569.0,375233,0.35653618,2.7606247e-05,3.5616275e-05,77038.109375,2921.72021484375,0.6124287843704224,0.0008402515668421,1.9165095090866089,6.973270416259766,21.40094375610352,0.0001990550517803,0.582405686378479,1.175330226033111e-06,6.538364800690033e-07,7.43930854696373e-07,6.574842927875579e-07,1.2073898858488974e-07,1.4221699018435174e-07,7.313836931643891e-07
95,1024,0.0007,64,MCN,75136.0,134273,0.50521004,4.16752e-05,5.466015e-05,74910.0625,691.9041137695312,0.4625126123428345,0.0812606960535049,2.6231606006622314,92.11320495605467,106.5157241821289,0.0018279260257259,5.403443336486816,2.48638366429077e-06,3.197767000528984e-06,2.446760845487006e-06,1.8666038386072612e-06,1.2360062839888997e-07,1.5737421676931262e-07,2.053710431937361e-06
96,1024,0.0007,64,SCARF,138368.0,134273,0.3059341,4.0575633e-05,9.9011646e-05,,,,,,,,,,,,,,,,
97,1024,0.0007,64,SUBTAB,101504.0,134273,0.5053223,4.0395396e-05,8.408972e-05,,,,,,,,,,,,,,,,
98,1024,0.0007,128,CLIP,268289.0,530689,0.5286268,4.606154e-05,5.6900237e-05,211809.078125,1207.668212890625,0.2578484416007995,0.00330849038437,0.6378616094589233,6.312892913818359,105.63836669921876,9.531604155199602e-05,3.4495596885681152,4.670912119308923e-07,5.567610514845001e-07,5.724214133806527e-07,2.4105347051772696e-07,1.578301862537046e-07,1.5954401533235798e-07,4.409119469528378e-07
99,1024,0.0007,128,CONTROL,,530689,,,0.00011702304,,,,,,,,,,,,,,,,
100,1024,0.0007,128,GMC,831872.0,563713,0.38109064,3.5040644e-05,4.3357213e-05,72812.0,623.7672729492188,0.1112668290734291,0.0102254720404744,0.741336464881897,17.286163330078125,65.15409088134766,0.0001308207574766,1.0311163663864136,1.3194339771871455e-06,1.4762578075533384e-06,1.5138207345444243e-06,1.563427758810576e-06,6.591194789962175e-08,1.0429245378418273e-07,1.4899213738317485e-06
101,1024,0.0007,128,ICEH,317825.0,580225,0.3332338,2.8260909e-05,3.1889784e-05,160622.4375,1873.3427734375,0.6852375864982605,0.0010272011859342,5.701399326324463,5.720125675201416,25.18710708618164,0.0007080110372044,0.5502201318740845,9.051100846590998e-07,1.2938206737089786e-06,1.0174370572713087e-06,1.0858648238354365e-06,1.3316036984178936e-07,1.5635220051990473e-07,9.236005666934944e-07
102,1024,0.0007,128,MCN,281344.0,530689,0.4965482,4.0789775e-05,5.9140428e-05,74953.515625,770.5660400390625,0.3411715626716614,0.0841776728630065,3.6832547187805176,22.548742294311523,109.25628662109376,0.002019610023126,5.3008646965026855,6.349214345391374e-07,3.5261637094663456e-06,2.1173584627831588e-06,3.408663360460196e-06,1.229088013587898e-07,1.5855346191528954e-07,1.7970912722375942e-06
103,1024,0.0007,128,SCARF,547072.0,530689,0.31859836,4.3302734e-05,0.00025554808,,,,,,,,,,,,,,,,
104,1024,0.0007,128,SUBTAB,399616.0,530689,0.470422,3.789049e-05,7.0524475e-05,,,,,,,,,,,,,,,,
105,1024,0.001,32,CLIP,17921.0,34369,0.56855357,4.5831734e-05,5.4332424e-05,184293.765625,1571.418212890625,0.2658478021621704,0.0021735848858952,1.0122798681259155,23.8553466796875,61.20597457885742,0.0001095959087251,4.350628852844238,8.777358289080439e-07,8.654560019749624e-07,6.108962224971037e-07,7.60864793392102e-07,1.170125827343327e-07,1.580503123932431e-07,8.811477414383262e-07
106,1024,0.001,32,CONTROL,,34369,,,6.3190826e-05,,,,,,,,,,,,,,,,
107,1024,0.001,32,GMC,819488.0,305377,0.3546132,3.5500983e-05,4.8278092e-05,74448.84375,667.6116333007812,0.1204518973827362,0.0105630503967404,0.7604088187217712,18.21226501464844,70.30817413330078,0.000174429238541,1.0434434413909912,1.531839529889112e-06,1.546006274111278e-06,1.6420912061221316e-06,1.4998583992564818e-06,4.817610488316859e-08,2.3663520920536033e-08,1.4915723340891418e-06
108,1024,0.001,32,ICEH,305441.0,321889,0.38556337,3.591747e-05,4.1787003e-05,74148.1640625,542.0188598632812,0.1915872693061828,0.001608018996194,0.8401257991790771,23.856918334960938,62.09591293334961,0.0001159874300356,0.9774686098098756,1.6032861367420992e-06,7.727672937107855e-07,1.0794811942105298e-06,1.1849057273138897e-06,1.0732704680549433e-07,1.120597445947169e-07,7.854402497287083e-07
109,1024,0.001,32,MCN,21184.0,34369,0.5530659,4.039976e-05,6.306501e-05,75123.8203125,1141.52197265625,0.461826890707016,0.0849455967545509,2.40353798866272,36.82861709594727,136.17138671875,0.0018050597282126,1.720959186553955,3.368411853443831e-06,6.771069251954032e-07,1.6774999949120684e-06,1.802531414796249e-06,1.2712264663150566e-07,1.3393081133017406e-07,1.2321697795414366e-06
110,1024,0.001,32,SCARF,35392.0,34369,0.40657607,4.5237815e-05,0.00013376368,,,,,,,,,,,,,,,,
111,1024,0.001,32,SUBTAB,26176.0,34369,0.50427085,3.9053608e-05,0.00017508386,,,,,,,,,,,,,,,,
112,1024,0.001,64,CLIP,68609.0,134273,0.534193,4.5981003e-05,6.0762843e-05,228448.625,2018.188720703125,0.2303671240806579,0.0021871069911867,1.118600606918335,10.979559898376465,148.82232666015625,8.491195330861956e-05,10.018585205078123,6.293238925536571e-07,6.962264365029114e-07,4.627672751666978e-07,4.554874522000319e-07,1.4259434522045924e-07,1.5954401533235798e-07,7.199371339083882e-07
113,1024,0.001,64,CONTROL,,134273,,,8.0393984e-05,,,,,,,,,,,,,,,,
114,1024,0.001,64,GMC,823616.0,358721,0.3771985,3.5974925e-05,3.503435e-05,69883.5859375,653.3899536132812,0.1054797172546386,0.0136867919936776,0.7316824197769165,17.036163330078125,72.53144836425781,0.0001433348952559,1.0121383666992188,1.3293238225742243e-06,1.1310063428027206e-06,9.990094440581745e-07,1.4907702734490158e-06,8.146226093685982e-08,5.12264151097952e-08,1.249339561582019e-06
115,1024,0.001,64,ICEH,309569.0,375233,0.3945969,3.4317378e-05,3.486753e-05,74962.40625,591.5062866210938,0.1827442049980163,0.0024227986577898,0.86671382188797,13.814465522766112,45.04874038696289,0.0001200330225401,0.9898270964622498,1.9721856006071903e-06,1.0210692380496766e-06,2.255518666061107e-06,2.8174524686619407e-06,1.1987421544290558e-07,1.0583333676095209e-07,1.594386731085251e-06
116,1024,0.001,64,MCN,75136.0,134273,0.5118097,4.0399165e-05,5.485953e-05,215924.78125,938.6886596679688,0.5800911784172058,0.0681098997592926,1.2968554496765137,101.22169494628906,161.25314331054688,0.0020389999262988,13.192232131958008,3.198899321432691e-06,2.163742010452552e-06,2.992751660713111e-06,1.1081759794251411e-06,1.295440341664289e-07,1.5305032263768228e-07,7.537893225162406e-07
117,1024,0.001,64,SCARF,138368.0,134273,0.36063725,4.059726e-05,8.704881e-05,,,,,,,,,,,,,,,,
118,1024,0.001,64,SUBTAB,101504.0,134273,0.48961756,3.9667157e-05,6.321659e-05,,,,,,,,,,,,,,,,
119,1024,0.001,128,CLIP,268289.0,530689,0.5243562,4.532992e-05,7.202721e-05,267822.625,1844.39306640625,0.2361654192209243,0.0024509434588253,0.9550471305847168,5.95597505569458,195.84120178222656,7.645911682629958e-05,9.969245910644531,7.49135267597012e-07,4.676572302741988e-07,7.749843007331947e-07,1.1776729991197501e-07,1.1375785646805525e-07,9.748428908551433e-08,7.134591442081728e-07
120,1024,0.001,128,CONTROL,,530689,,,7.912855e-05,,,,,,,,,,,,,,,,
121,1024,0.001,128,GMC,831872.0,563713,0.37580022,3.6040547e-05,4.0658044e-05,73675.703125,616.01416015625,0.1001963838934898,0.0148743716999888,0.7111006379127502,17.253145217895508,81.1603775024414,0.0001231918286066,1.0397326946258545,9.595281653673735e-07,1.0934747933788458e-06,1.0453144341227016e-06,1.1996226021437906e-06,4.529874075842599e-08,2.7264151825079352e-08,1.0734275974755292e-06
122,1024,0.001,128,ICEH,317825.0,580225,0.38005444,2.6862206e-05,5.6915847e-05,306591.15625,5713.9873046875,0.8188756108283997,0.0006727987201884,4.655550003051758,12.735849380493164,15.179244995117188,0.0007480377098545,0.391069233417511,1.5209276398309155e-06,7.400000185953104e-07,1.1464464932942064e-06,1.4047326430954854e-06,1.0544025741410225e-07,9.710691983855213e-08,7.085849347276962e-07
123,1024,0.001,128,MCN,281344.0,530689,0.32389364,3.7039616e-05,7.071877e-05,314986.125,2002.781494140625,0.589896023273468,0.0456007830798625,4.6531291007995605,78.40093994140625,219.57704162597656,0.002108295680955,4.855802059173584,2.4279245280922623e-06,3.315078629384516e-06,7.944182698338409e-07,2.4066980586212594e-06,1.603616226475424e-07,1.1382075371102475e-07,8.441981549367483e-07
124,1024,0.001,128,SCARF,547072.0,530689,0.49906352,4.484377e-05,0.0004007549,,,,,,,,,,,,,,,,
125,1024,0.001,128,SUBTAB,399616.0,530689,0.47665495,3.864317e-05,7.4746225e-05,,,,,,,,,,,,,,,,
126,1024,0.002,32,CLIP,17921.0,34369,0.55386424,4.490046e-05,5.2963762e-05,224969.65625,1339.10693359375,0.2511328756809234,0.0128984274342656,1.8456443548202517,5.633647918701172,157.87893676757812,6.735220813425258e-05,1.3717138767242432,4.3759433765444566e-07,3.999999975690116e-08,5.896226298318652e-07,6.477043825725559e-07,1.545911914035969e-07,1.5954401533235798e-07,3.2861635190784e-08
127,1024,0.002,32,CONTROL,,34369,,,4.68096e-05,,,,,,,,,,,,,,,,
128,1024,0.002,32,GMC,819488.0,305377,0.34610507,3.702629e-05,0.00015215957,70667.0546875,570.4386596679688,0.1135283038020134,0.0097308177500963,0.7485220432281494,16.971698760986328,63.575469970703125,0.0001306918275076,1.0390251874923706,9.315879765381396e-07,1.0094496474266634e-06,7.50298738694255e-07,4.97468590765493e-07,4.482704341057797e-08,3.43238966138415e-08,9.60896159085678e-07
129,1024,0.002,32,ICEH,305441.0,321889,0.38753486,3.4911372e-05,3.6432342e-05,75407.03125,497.3852233886719,0.2139261066913604,0.0013556602643802,0.833616316318512,12.441823959350586,34.526729583740234,0.0001929716963786,0.9571226239204408,1.0575471378615475e-06,6.22956008555775e-07,8.529875117346819e-07,1.3414621662377613e-06,3.94968537875684e-08,5.570755234884928e-08,6.534748422382108e-07
130,1024,0.002,32,MCN,21184.0,34369,0.5235724,4.29105e-05,7.244126e-05,101503.8203125,1326.1650390625,0.4864448308944702,0.1049243733286857,4.074355125427246,81.48584747314453,115.1100616455078,0.0022168473806232,6.16676139831543,1.860031488831737e-06,2.0002200926683145e-06,1.7492295683041448e-06,6.374371537276602e-07,1.1930818288874434e-07,1.243239040604749e-07,2.369748472119681e-06
131,1024,0.002,32,SCARF,35392.0,34369,0.50133556,4.4701424e-05,9.480011e-05,,,,,,,,,,,,,,,,
132,1024,0.002,32,SUBTAB,26176.0,34369,0.48600173,3.9336417e-05,6.334353e-05,,,,,,,,,,,,,,,,
133,1024,0.002,64,CLIP,68609.0,134273,0.53050417,4.3918095e-05,5.4053275e-05,237321.109375,1561.581787109375,0.1673646122217178,0.004004874266684,1.2567766904830933,5.369496822357178,84.01729583740234,7.763993926346302e-05,5.931934833526611,8.114151341942488e-07,7.711949479016766e-07,4.833804609916115e-07,2.540880572610149e-08,1.0534591154964801e-07,9.674529621861438e-08,3.704402118387407e-08
134,1024,0.002,64,CONTROL,,134273,,,5.9139333e-05,,,,,,,,,,,,,,,,
135,1024,0.002,64,GMC,823616.0,358721,0.38881218,3.7514714e-05,9.751512e-05,69256.0625,742.8443603515625,0.1081143021583557,0.0103661939501762,0.817924439907074,17.904088973999023,67.13207244873047,0.0001212185597978,1.0518395900726318,8.700314424459066e-07,9.778773346624805e-07,9.0858497969748e-07,8.301100820062857e-07,3.688679228730507e-08,1.1855345150024732e-08,1.2469496368794353e-06
136,1024,0.002,64,ICEH,309569.0,375233,0.30314234,2.559721e-05,3.3710792e-05,393292.46875,5102.8095703125,0.7147473096847534,0.0006979559548199,4.766887187957764,3.6194968223571777,15.54716968536377,0.0004158364899922,0.3858333528041839,1.337610001428402e-06,6.326887387331226e-07,9.719182116896263e-07,7.247012376865314e-07,1.0803458394548217e-07,1.1569181879167445e-07,6.362578801599739e-07
137,1024,0.002,64,MCN,75136.0,134273,0.47525072,4.04208e-05,5.1403633e-05,77641.2578125,1520.2154541015625,0.4991704523563385,0.1027787625789642,6.695550441741943,45.37421417236328,175.83963012695312,0.0017915850039571,12.860346794128418,1.9629087546491064e-06,3.482924512354657e-06,9.6759436019056e-07,7.581132308587257e-07,1.4374214174495137e-07,1.593239034036742e-07,1.5957702999003232e-06
138,1024,0.002,64,SCARF,138368.0,134273,0.43788615,4.314044e-05,0.0001724625,,,,,,,,,,,,,,,,
139,1024,0.002,64,SUBTAB,101504.0,134273,0.5287176,3.832551e-05,4.894996e-05,,,,,,,,,,,,,,,,
140,1024,0.002,128,CLIP,268289.0,530689,0.5290482,4.4549975e-05,0.0001618241,233974.875,1615.8868408203125,0.244540736079216,0.0039816037751734,1.0018081665039062,7.808176040649414,114.72169494628906,0.0001561304961796,2.190424680709839,9.602358659321908e-07,1.0120126034962595e-06,9.892767138808267e-07,9.433490504306974e-07,1.1874212901830107e-07,1.3025156420098938e-07,8.846698733577796e-07
141,1024,0.002,128,CONTROL,,530689,,,0.0001484914,,,,,,,,,,,,,,,,
142,1024,0.002,128,GMC,831872.0,563713,0.36611196,3.6638194e-05,4.313378e-05,72932.734375,709.7437133789062,0.1084592789411544,0.010133490897715,0.6976572871208191,16.60377311706543,67.03459167480469,0.0001291194930672,1.091257929801941,8.657547709844948e-07,6.390566227310046e-07,8.913522151487996e-07,7.540566002717242e-07,5.7389932806017896e-08,5.204402686587173e-09,1.4091823459239097e-06
143,1024,0.002,128,ICEH,317825.0,580225,0.4105508,2.6991494e-05,0.0008386382,96136.140625,2890.30029296875,0.7479268908500671,0.0016325472388416,1.111493706703186,5.325471878051758,13.21855354309082,0.0003886886697728,0.4187421500682831,5.526729296434496e-07,4.742610144603532e-07,5.568239203057601e-07,5.816667112412688e-07,9.985848947735577e-08,8.805032081227183e-08,5.894811465623206e-07
144,1024,0.002,128,MCN,281344.0,530689,0.18475756,3.5273148e-05,0.00022622047,711896.75,2852.803466796875,0.57304447889328,0.0707444995641708,3.248192071914673,72.6996841430664,351.5377502441406,0.0019058097386732,8.175079345703125,2.2233175513974857e-06,9.420441529073288e-07,1.45187107136735e-06,7.156604624469765e-07,1.0169812014737545e-07,1.0614780165951745e-07,6.3547167883371e-07
145,1024,0.002,128,SCARF,547072.0,530689,0.47938284,4.5798377e-05,0.00054470246,,,,,,,,,,,,,,,,
146,1024,0.002,128,SUBTAB,399616.0,530689,0.29689842,3.8932605e-05,5.529154e-05,,,,,,,,,,,,,,,,
147,1024,0.003,32,CLIP,17921.0,34369,0.55125034,4.2429834e-05,6.235323e-05,258376.859375,1145.2703857421875,0.2932334840297699,0.003293081652373,0.7126729488372803,16.548742294311523,72.00943756103516,6.216981273610145e-05,1.6516823768615725,4.551887045067815e-08,5.13899408360885e-07,2.4685537169943927e-08,3.2160377827494813e-07,1.6047168571731166e-07,9.7201258597579e-08,3.927673049020086e-07
148,1024,0.003,32,CONTROL,,34369,,,5.5499535e-05,,,,,,,,,,,,,,,,
149,1024,0.003,32,GMC,819488.0,305377,0.35823628,3.6436682e-05,9.901249e-05,69862.0546875,655.567626953125,0.1035418212413787,0.0089933965355157,0.7112420797348022,19.213836669921875,66.85691833496094,0.0001212028364534,1.078097581863403,9.270754048884556e-07,8.637106247988413e-07,5.171069119569438e-07,9.93915023173031e-07,4.1823899010751127e-08,5.1415089963313684e-09,8.867452834238065e-07
150,1024,0.003,32,ICEH,305441.0,321889,0.43306863,2.6373296e-05,4.4079836e-05,76154.078125,1812.1368408203125,0.6104448437690735,0.0009143080678768,0.9540094137191772,4.355345726013184,17.86320686340332,0.0001156965518021,0.5856447219848633,6.06619551035692e-07,6.205031581885123e-07,6.229874998098239e-07,6.319339718174888e-07,1.4727986297202733e-07,1.5954401533235798e-07,6.252515731830499e-07
151,1024,0.003,32,MCN,21184.0,34369,0.50602454,3.7811504e-05,3.595907e-05,349541.75,2694.124267578125,0.4597975015640259,0.0947765707969665,5.010534763336182,73.30188751220703,254.7421417236328,0.002048168098554,5.232578277587891,9.187264708998556e-07,1.107924504140101e-06,6.425157721423602e-07,8.331917911164055e-07,1.5622640603396579e-07,1.4660376734809688e-07,3.323364580865018e-06
152,1024,0.003,32,SCARF,35392.0,34369,0.19618364,3.939297e-05,0.000104455656,,,,,,,,,,,,,,,,
153,1024,0.003,32,SUBTAB,26176.0,34369,0.48286432,3.939245e-05,4.2904572e-05,,,,,,,,,,,,,,,,
154,1024,0.003,64,CLIP,68609.0,134273,0.52860475,4.3561282e-05,0.00020824053,298867.90625,1210.1383056640625,0.2130833268165588,0.0046564466319978,1.351446509361267,9.852201461791992,124.29244995117188,6.841980939498171e-05,6.100267887115479,8.401100899391167e-07,1.1070441132687847e-06,7.883489843152347e-07,6.984434435253206e-07,9.993711103106763e-08,9.619498086976821e-08,7.402987876048428e-07
155,1024,0.003,64,CONTROL,,134273,,,6.407504e-05,,,,,,,,,,,,,,,,
156,1024,0.003,64,GMC,823616.0,358721,0.37133744,3.772603e-05,0.00091925054,73076.1328125,698.5314331054688,0.1011600643396377,0.0120998416095972,0.7128930687904358,16.38679313659668,63.04245376586914,0.0001246399478986,1.026195049285889,5.081603831058601e-07,3.9020437725412194e-07,8.221069833780348e-07,5.039150892116595e-07,5.055030882772371e-08,2.0172954862118786e-08,5.601415296041523e-07
157,1024,0.003,64,ICEH,309569.0,375233,0.4387062,2.6594924e-05,4.204532e-05,79450.03125,3120.82861328125,0.3623067438602447,0.001056918175891,0.8280503153800964,5.949685573577881,10.98113250732422,0.0001936352055054,0.4905346035957336,6.262421266001184e-07,6.472327527262678e-07,6.683805509055674e-07,6.28003192559845e-07,1.0544025741410225e-07,9.724843863523348e-08,6.28003192559845e-07
158,1024,0.003,64,MCN,75136.0,134273,0.2331363,3.5741257e-05,0.00048224968,332025.625,2606.517333984375,0.5948107242584229,0.0640921294689178,2.5851571559906006,77.4056625366211,433.48583984375,0.00201919185929,13.31378936767578,2.9092925615259446e-06,6.712579079248826e-07,2.5159433789667678e-06,6.331131885417562e-07,1.0544025741410225e-07,1.318238957992435e-07,2.100094434354105e-06
159,1024,0.003,64,SCARF,138368.0,134273,0.22679572,3.5703957e-05,0.00028764698,,,,,,,,,,,,,,,,
160,1024,0.003,64,SUBTAB,101504.0,134273,0.33447543,3.8808128e-05,3.6154197e-05,,,,,,,,,,,,,,,,
161,1024,0.003,128,CLIP,268289.0,530689,0.5297737,4.3931137e-05,9.322411e-05,242968.046875,1561.5989990234375,0.2032001465559005,0.0035580189432948,1.0053144693374634,6.089622497558594,186.5833282470703,8.054402132984251e-05,2.722421407699585,5.229402404438588e-07,7.785219509059971e-07,9.070597002391878e-07,7.380817237390147e-07,1.386320747087666e-07,8.97012526479557e-08,7.4443397579671e-07
162,1024,0.003,128,CONTROL,,530689,,,7.627689e-05,,,,,,,,,,,,,,,,
163,1024,0.003,128,GMC,831872.0,563713,0.41197804,3.7259113e-05,0.00093089987,70744.4765625,742.224853515625,0.1063166707754135,0.0122709115967154,0.726635217666626,17.704402923583984,67.24214172363281,0.0001529056607978,1.0913994312286377,5.612263862531108e-07,4.53364833674641e-07,1.0822484455275116e-06,5.086635042061971e-07,3.8003143743026164e-08,1.988993680868134e-08,7.674843232052808e-07
164,1024,0.003,128,ICEH,317825.0,580225,0.30382815,3.863235e-05,3.5788795e-05,83909.9453125,1003.396240234375,0.224024549126625,0.0015328614972531,0.8493553400039673,23.397798538208008,71.95439910888672,0.0001119213775382,1.0598585605621338,2.160377334803343e-06,2.109936986016692e-06,2.278050260429154e-06,2.237641410829383e-06,5.0833328657518e-08,9.927673261245219e-08,2.359858171985252e-06
165,1024,0.003,128,MCN,281344.0,530689,0.2107884,3.629161e-05,8.464131e-05,392856.84375,1695.3192138671875,0.7139992117881775,0.0242929235100746,8.00130558013916,66.17924499511719,651.3364868164062,0.0021562387701123,2.025912046432495,9.791194770514269e-07,3.4672011679504067e-06,9.271068961425044e-07,1.9920282738894457e-06,1.0588050258775185e-07,1.0740567546463353e-07,3.2934904083958827e-06
166,1024,0.003,128,SCARF,547072.0,530689,0.45988086,4.477523e-05,0.0033939895,,,,,,,,,,,,,,,,
167,1024,0.003,128,SUBTAB,399616.0,530689,0.4703748,3.874748e-05,0.00027944267,,,,,,,,,,,,,,,,
168,1024,0.005,32,CLIP,17921.0,34369,0.5384326,4.30209e-05,3.5024168e-05,207983.609375,1564.13525390625,0.23908032476902,0.0029014151077717,1.0548900365829468,11.599056243896484,90.41194915771484,7.580189412692562e-05,2.33325457572937,9.517453349872084e-07,3.0242139814617985e-07,1.855660372029888e-07,5.036949346504116e-07,1.0544025741410225e-07,1.2511004854331986e-07,5.368081588130735e-07
169,1024,0.005,32,CONTROL,,34369,,,3.8546277e-05,,,,,,,,,,,,,,,,
170,1024,0.005,32,GMC,819488.0,305377,0.462491,3.7463185e-05,0.00057068246,72586.375,626.1886596679688,0.0974602177739143,0.0153638375923037,0.7994182109832764,17.11478042602539,80.39151000976562,0.0001515015756012,1.0847327709197998,4.830345687878435e-07,4.75220161888501e-07,3.876572520766786e-07,5.813521966047119e-07,4.0959115210625896e-08,5.550314430280423e-09,5.364307753552566e-07
171,1024,0.005,32,ICEH,305441.0,321889,0.57733506,2.7371312e-05,0.0009286984,688805.0625,5058.8916015625,0.5839188694953918,0.0008267295197583,1.0216667652130127,3.322327136993408,18.454402923583984,9.921068703988568e-05,0.5893396139144897,2.54503129326622e-06,1.6605031305516604e-06,1.4031288628757466e-06,1.1943867548325215e-06,9.690251800975602e-08,8.616352431545239e-08,1.1851415138153245e-06
172,1024,0.005,32,MCN,21184.0,34369,0.21432817,3.692708e-05,3.6481273e-05,89435.3515625,2741.0771484375,0.6731036305427551,0.0756133571267128,5.199984550476074,47.6053466796875,266.0927734375,0.0020932012703269,25.107250213623047,3.1742292776471004e-06,2.866430804715492e-06,2.141729737559217e-06,3.190109964634757e-06,1.438522048147206e-07,1.4988992802500436e-07,6.645598205068382e-07
173,1024,0.005,32,SCARF,35392.0,34369,0.25994027,3.7583854e-05,9.835769e-05,,,,,,,,,,,,,,,,
174,1024,0.005,32,SUBTAB,26176.0,34369,0.4915987,3.9341987e-05,4.930431e-05,,,,,,,,,,,,,,,,
175,1024,0.005,64,CLIP,68609.0,134273,0.5168881,4.22713e-05,3.727562e-05,247673.53125,1895.5078125,0.2333872616291046,0.0055591193959116,1.3235377073287964,9.70283031463623,105.13522338867188,8.223742042900994e-05,5.758302211761475,2.1039309672232773e-07,1.6242140077338263e-08,4.962735715707822e-07,7.299213962141948e-07,8.878931367917177e-08,8.907231574539766e-08,1.0863363968383055e-06
176,1024,0.005,64,CONTROL,,134273,,,5.113695e-05,,,,,,,,,,,,,,,,
177,1024,0.005,64,GMC,823616.0,358721,0.46373206,3.716935e-05,0.0011171384,68847.265625,571.6760864257812,0.0968372747302055,0.0113416658714413,0.7219496965408325,15.704402923583984,70.28302001953125,0.0001300062867812,1.031949758529663,7.179874046414625e-07,4.352830274001463e-07,6.813364734625793e-07,6.057074983800703e-07,3.952829885633946e-08,8.238993487452717e-09,4.4089622974752274e-07
178,1024,0.005,64,ICEH,309569.0,375233,0.45121083,2.5567395e-05,0.0008273474,82211.2421875,779.5267333984375,0.1928353756666183,0.0024693394079804,0.8094654083251953,4.602201461791992,22.24528312683105,0.0003073364787269,0.4662736058235168,2.5211791125911982e-06,2.228458981790027e-07,2.8816664325859165e-06,9.624685617382056e-07,7.787736677755674e-08,7.125785828066e-08,2.539968591008801e-06
179,1024,0.005,64,MCN,75136.0,134273,0.22343415,3.546633e-05,3.79105e-05,508584.90625,2571.42138671875,0.3882576823234558,0.0352282971143722,2.277735710144043,52.41352081298828,337.33648681640625,0.0009939606534317,6.762075901031494,3.2524526432098355e-06,3.5261637094663456e-06,1.7026571867972962e-06,6.138522508081223e-07,1.1089623086490975e-07,1.298427747542519e-07,1.03602201306785e-06
180,1024,0.005,64,SCARF,138368.0,134273,0.24123955,3.61122e-05,0.0010790493,,,,,,,,,,,,,,,,
181,1024,0.005,64,SUBTAB,101504.0,134273,0.30863652,3.8568203e-05,8.213235e-05,,,,,,,,,,,,,,,,
182,1024,0.005,128,CLIP,268289.0,530689,0.54771763,4.3314005e-05,0.00058220036,173012.9375,1178.5849609375,0.1550350487232208,0.0035694965627044,0.9993867874145508,7.22169828414917,59.515724182128906,0.000121641503938,5.875173568725586,1.0440251330123829e-08,7.720126760091262e-09,7.529559979957412e-07,3.3959116763071506e-07,1.5613207438036625e-07,8.287737074397229e-08,2.242138386066017e-08
183,1024,0.005,128,CONTROL,,530689,,,0.00046741468,,,,,,,,,,,,,,,,
184,1024,0.005,128,GMC,831872.0,563713,0.4773143,3.824803e-05,0.0058213063,74026.90625,599.5094604492188,0.104807548224926,0.0125187113881111,0.7657390236854553,17.55031394958496,67.09906005859375,0.00015212422295,1.0308648347854614,5.211478537603398e-07,6.623427566410101e-07,8.016038464120356e-07,1.0666981324902736e-06,3.828616357282044e-08,1.4732703057518393e-08,7.032232929304882e-07
185,1024,0.005,128,ICEH,317825.0,580225,0.5242222,2.7388644e-05,0.00087625225,86538.2890625,1663.8333740234375,0.3825023472309112,0.0007045597303658,0.7075942754745483,4.317610263824463,20.82547187805176,0.0001659135305089,0.6597170233726501,6.070126232771145e-07,1.2359591892163737e-06,3.179575514877797e-06,6.28003192559845e-07,7.622642073101815e-08,6.996855006491387e-08,1.2282704346944229e-06
186,1024,0.005,128,MCN,281344.0,530689,0.2585608,3.625677e-05,4.3271742e-05,123686.4921875,2630.2421875,0.6321978569030762,0.0845852121710777,1.7784276008605957,67.63993835449219,493.33489990234375,0.0023264023475348,3.3975472450256348,6.091352702242148e-07,3.3712888125592144e-06,6.205031581885123e-07,6.150314675323898e-07,1.2976414609511266e-07,1.5910377726413574e-07,2.2473109311249573e-06
187,1024,0.005,128,SCARF,547072.0,530689,0.2899664,3.8774222e-05,0.0013468862,,,,,,,,,,,,,,,,
188,1024,0.005,128,SUBTAB,399616.0,530689,0.5964095,4.400398e-05,9.453542e-05,,,,,,,,,,,,,,,,
189,1024,0.007,32,CLIP,17921.0,34369,0.5360141,4.2685362e-05,7.3130795e-05,171502.359375,1992.8489990234373,0.2677536010742187,0.0029806604143232,0.8488679528236389,7.9889936447143555,153.56289672851562,8.061792323132977e-05,4.720676422119141,8.58349096688471e-07,1.0992768011419685e-06,5.445597821562842e-07,6.818553401899408e-07,1.1729559901141329e-07,1.218081706610974e-07,2.116352426639878e-08
190,1024,0.007,32,CONTROL,,34369,,,4.997429e-05,,,,,,,,,,,,,,,,
191,1024,0.007,32,GMC,819488.0,305377,0.4766583,3.7828617e-05,4.3981774e-05,70400.9140625,534.3270263671875,0.0997602269053459,0.0101572331041097,0.7526887059211731,17.504716873168945,65.77830505371094,0.000125405669678,1.0343711376190186,2.953458988486091e-07,4.185849320492707e-07,2.3477988975173505e-07,4.766824019952765e-07,2.059748460681021e-08,5.157231974806109e-09,4.496226608807774e-07
192,1024,0.007,32,ICEH,305441.0,321889,0.33041617,2.7020445e-05,0.00016374754,84267.5859375,629.4088134765625,0.1891341209411621,0.0023756290320307,0.875141441822052,3.198113203048706,12.37421417236328,0.0001356226421194,0.423647791147232,3.574371305603563e-07,3.656918465821946e-07,5.328931251824542e-07,3.681603857330629e-07,9.89465362977171e-08,4.1226417835105174e-08,6.186792802509444e-07
193,1024,0.007,32,MCN,21184.0,34369,0.22561997,3.3880006e-05,7.482292e-05,358758.3125,2141.81591796875,0.5274441242218018,0.0491878874599933,3.940314531326294,67.10691833496094,243.95440673828125,0.0017488755984231,11.76138401031494,1.633742044759856e-06,6.267924845815287e-07,1.8469180531610616e-06,1.7616508785067708e-06,1.177044026690055e-07,1.442452912669978e-07,1.2474999948608456e-06
194,1024,0.007,32,SCARF,35392.0,34369,0.58420106,4.0108738e-05,4.959532e-05,,,,,,,,,,,,,,,,
195,1024,0.007,32,SUBTAB,26176.0,34369,0.5414736,3.9911774e-05,0.00039558086,,,,,,,,,,,,,,,,
196,1024,0.007,64,CLIP,68609.0,134273,0.5460316,4.37192e-05,0.0012329282,228293.96875,1077.1005859375,0.1984951198101043,0.0053558172658085,0.9378459453582764,9.794025421142578,47.89622497558594,0.0003275392809882,3.498239278793335,1.07861639619955e-08,9.744654789756169e-07,8.50628900650463e-09,9.525943482913136e-07,1.4853773677714346e-07,7.210692842818389e-08,6.666666774179931e-09
197,1024,0.007,64,CONTROL,,134273,,,0.012337655,,,,,,,,,,,,,,,,
198,1024,0.007,64,GMC,823616.0,358721,0.4212439,3.762206e-05,0.0030676904,71559.953125,563.5755004882812,0.1313814669847488,0.0102474838495254,0.7875314354896545,19.716981887817383,72.71383666992188,0.0001338978036073,1.0304559469223022,6.426100185308314e-07,5.422955382528016e-07,4.766980339354632e-07,5.444182420433208e-07,5.116352852496676e-08,2.7452829343133093e-08,5.505502826963493e-07
199,1024,0.007,64,ICEH,309569.0,375233,0.39835015,2.662653e-05,0.0007973675,80023.4609375,584.0188598632812,0.1883003115653991,0.0021694970782846,0.9054559469223022,6.534591197967529,20.38521957397461,0.0004143396217841,0.4171855747699737,3.4287577364011668e-06,2.08753135666484e-06,2.6390250695840223e-06,2.2513363546750043e-06,9.12735842462098e-08,2.5628931865639973e-08,3.0215251172194257e-06
200,1024,0.007,64,MCN,75136.0,134273,0.26032048,3.525492e-05,3.961523e-05,101876.3203125,1967.63525390625,0.6463262438774109,0.0297517292201519,6.71308183670044,64.1210708618164,229.9559783935547,0.0020931069739162,5.101274013519287,3.2260691114061046e-06,1.8686321254790528e-06,2.9655188882316e-06,7.286321306310128e-07,1.424371021130355e-07,9.866352712606385e-08,2.9094494493620005e-06
201,1024,0.007,64,SCARF,138368.0,134273,0.3227142,4.193045e-05,0.0021214657,,,,,,,,,,,,,,,,
202,1024,0.007,64,SUBTAB,101504.0,134273,0.42035225,3.9079896e-05,8.2934675e-05,,,,,,,,,,,,,,,,
203,1024,0.007,128,CLIP,268289.0,530689,0.535256,4.2825348e-05,0.028819107,211167.453125,1111.325439453125,0.1939672976732254,0.003627672791481,0.7893710732460022,12.389937400817873,39.62578582763672,0.0002204827178502,8.850739479064941,8.279245093945065e-07,1.1132074817510329e-08,6.547169562054479e-08,3.3647800101732624e-09,9.529874489544454e-08,7.529874324063712e-08,1.6493711285647805e-08
204,1024,0.007,128,CONTROL,,530689,,,0.007735367,,,,,,,,,,,,,,,,
205,1024,0.007,128,GMC,831872.0,563713,0.45318598,3.8117363e-05,0.0021483505,74094.015625,530.6556396484375,0.1001641526818275,0.0109253143891692,0.7300000190734863,15.918238639831545,64.3160400390625,0.0001312657404923,1.028930902481079,3.6119496371611604e-07,4.43584923459639e-07,4.720597814866778e-07,4.17594293367074e-07,4.622641469609334e-08,4.5911945356635905e-09,5.491194770002039e-07
206,1024,0.007,128,ICEH,317825.0,580225,0.4772933,2.7277036e-05,4.315094e-05,86092.015625,569.8411865234375,0.1237289234995842,0.0013152515748515,0.7844968438148499,4.5408806800842285,15.751572608947754,0.000171372652403,0.531965434551239,5.694811306966585e-07,1.14350632429705e-06,1.9799056190095143e-06,3.5249995562480763e-06,7.487422237772989e-08,4.6147800247808846e-08,3.4072011203534203e-06
207,1024,0.007,128,MCN,281344.0,530689,0.2837029,3.6242847e-05,8.035628e-05,434066.46875,2348.17138671875,0.5411009192466736,0.0793635174632072,2.913820743560791,67.14308166503906,205.65565490722656,0.0022037783637642,4.9464311599731445,6.341352900562924e-07,3.262405698478688e-06,1.5910218280623667e-06,1.5660692724850378e-06,1.0544025741410225e-07,9.834906222749853e-08,7.866509008636058e-07
208,1024,0.007,128,SCARF,547072.0,530689,0.50361127,4.3161264e-05,4.963967e-05,,,,,,,,,,,,,,,,
209,1024,0.007,128,SUBTAB,399616.0,530689,0.50665677,4.192914e-05,0.009859277,,,,,,,,,,,,,,,,
210,1024,0.01,32,CLIP,17921.0,34369,0.52249426,4.235545e-05,4.4349625e-05,221957.5625,1264.5125732421875,0.2185452729463577,0.0023866351693868,0.9347484111785888,5.438679218292236,59.36320877075195,0.0001325990451732,6.666227340698242,6.726100423293246e-07,9.357547696708934e-07,7.690881034250197e-07,1.458176086543972e-07,1.0536164296581775e-07,9.767296660356807e-08,4.440722989329515e-07
211,1024,0.01,32,CONTROL,,34369,,,0.00027880352,,,,,,,,,,,,,,,,
212,1024,0.01,32,GMC,819488.0,305377,0.47390726,3.864202e-05,5.3545107e-05,73833.1796875,526.29248046875,0.0971434041857719,0.0105338050052523,0.7826101183891296,17.97955894470215,76.14151000976562,0.000173078617081,1.076446533203125,4.0441821624881413e-07,3.316194749913848e-07,4.106918254365155e-07,4.138050258006842e-07,3.209119370239932e-08,1.9858489963553442e-08,6.1361635061985e-07
213,1024,0.01,32,ICEH,305441.0,321889,0.39447758,2.6583748e-05,0.00013663482,77871.7265625,580.8804931640625,0.261051744222641,0.0161496866494417,0.6692767143249512,3.5094339847564697,20.339622497558597,0.0001613459025975,0.4264465868473053,1.1860062443247445e-07,2.2025628823030274e-06,3.0158332720020557e-06,5.730188377128798e-07,8.224841963055951e-08,1.1677671807319713e-07,1.4132076842088281e-07
214,1024,0.01,32,MCN,21184.0,34369,0.24223076,3.5410896e-05,3.957072e-05,329268.625,4074.809814453125,0.700196385383606,0.0978941768407821,5.563144683837891,71.58647918701172,329.07232666015625,0.0019231918267905,29.06660270690918,1.4603930367229625e-06,6.260062832552649e-07,6.822169780207332e-07,5.97342761921027e-07,1.0643081793659805e-07,9.715408566535189e-08,6.791037776565645e-07
215,1024,0.01,32,SCARF,35392.0,34369,0.44480303,4.4491655e-05,0.0002475367,,,,,,,,,,,,,,,,
216,1024,0.01,32,SUBTAB,26176.0,34369,0.5433543,4.0933024e-05,3.79714e-05,,,,,,,,,,,,,,,,
217,1024,0.01,64,CLIP,68609.0,134273,0.5622717,4.1800253e-05,0.0025214907,281335.53125,1629.132080078125,0.1597660332918167,0.0031602203380316,0.8632861375808716,6.459119319915772,150.9166717529297,6.671855226159096e-05,3.200770616531372,2.554716900249332e-07,6.547012958435516e-07,6.73883619128901e-07,2.8993712319902446e-08,9.737421180489036e-08,1.3281446342716666e-07,9.7358487494148e-08
218,1024,0.01,64,CONTROL,,134273,,,0.00091358967,,,,,,,,,,,,,,,,
219,1024,0.01,64,GMC,823616.0,358721,0.4658367,3.9740644e-05,0.002876846,74892.2109375,573.239013671875,0.1012221649289131,0.0123594338074326,0.7707861661911011,17.399370193481445,75.58333587646484,0.000139144656714,1.0902043581008911,6.885849188620341e-07,3.9806604945624713e-07,4.088836362825532e-07,3.351729560563399e-07,6.814465081106391e-08,9.182389071327181e-09,4.518239222761622e-07
220,1024,0.01,64,ICEH,309569.0,375233,0.48918942,2.694991e-05,0.00016474834,72631.7890625,491.382080078125,0.0946531444787979,0.0012729560257866,0.6505031585693359,4.476415157318115,16.588050842285156,0.0001296006230404,0.5078773498535156,1.7632546587265097e-06,5.8694972437933763e-08,1.1460062978585484e-06,2.637688567119767e-06,1.0735849542697907e-07,8.919811023133661e-08,2.5009589990077075e-06
221,1024,0.01,64,MCN,75136.0,134273,0.27604562,3.6267884e-05,0.00012919884,142759.453125,1883.732666015625,0.3799982666969299,0.0608595833182334,3.202956199645996,61.7751579284668,348.8930969238281,0.0015409149928018,2.7380504608154297,3.3365722629241645e-06,6.197170137056673e-07,2.0532859252853086e-06,6.716352345392806e-07,1.105031515180599e-07,1.578773662913591e-07,1.6268239733108205e-06
222,1024,0.01,64,SCARF,138368.0,134273,0.3452538,4.3718355e-05,0.0013000186,,,,,,,,,,,,,,,,
223,1024,0.01,64,SUBTAB,101504.0,134273,0.475633,4.4299733e-05,0.00054781593,,,,,,,,,,,,,,,,
224,1024,0.01,128,CLIP,268289.0,530689,0.5463121,4.5158213e-05,0.050033823,364077.875,1417.061279296875,0.1534399390220642,0.004705031402409,0.8685377836227417,7.470125675201416,82.2342758178711,0.0001233883667737,7.9119343757629395,6.055503263269202e-07,8.783647444943199e-07,5.915251790611364e-07,1.502515658557968e-07,1.1534591948247909e-07,7.493710540984466e-08,4.1462264732672345e-08
225,1024,0.01,128,CONTROL,,530689,,,0.00010062582,,,,,,,,,,,,,,,,
226,1024,0.01,128,GMC,831872.0,563713,0.46821097,3.602717e-05,0.0011158342,78303.0546875,646.1541137695312,0.1399402469396591,0.0093073900789022,0.7460534572601318,18.40566062927246,90.6399383544922,0.0001434135338058,1.0395755767822266,3.852358645417553e-07,5.043396527071309e-07,2.642295555688179e-07,5.053615836914105e-07,3.5817606658383745e-08,1.6305031991237232e-08,1.1264150998613331e-06
227,1024,0.01,128,ICEH,317825.0,580225,0.54366064,2.6976959e-05,0.0013203457,73688.0234375,635.8836669921875,0.1639919728040695,0.0020627356134355,0.8859119415283203,5.198113441467285,9.04088020324707,0.0002100880519719,0.6106131672859192,3.5213518003729405e-06,3.517122877383372e-06,3.320172709209146e-06,2.579245119704865e-06,7.816037594920999e-08,5.394654678525512e-08,3.3855033052532235e-06
228,1024,0.01,128,MCN,281344.0,530689,0.2698719,3.543225e-05,0.00022919358,164641.328125,2385.5771484375,0.3672723174095154,0.0709466859698295,2.980802059173584,62.00157165527344,57.07389831542969,0.0021498303394764,1.666713833808899,1.1005818123521749e-06,6.240409220481524e-07,6.256132678572612e-07,6.28003192559845e-07,1.0861636212666781e-07,9.834906222749853e-08,6.323271009023301e-07
229,1024,0.01,128,SCARF,547072.0,530689,0.33908468,4.521733e-05,0.23805219,,,,,,,,,,,,,,,,
230,1024,0.01,128,SUBTAB,399616.0,530689,0.54332906,4.125882e-05,0.0026315134,,,,,,,,,,,,,,,,
