,batch_size,learning_rate,latent_dim,model_type,embedder_params,predictor_params,kmeans_perf,knn_perf,predictor_perf,P1stFixation,P2stFixation,nextWordRegress,lineNo,assgNo,prevFixDur,firstfixDur,firstPassFixDur,nextFixDur,firstSaccLen,lastSaccLen,prevFixPos,landingPos,leavingPos,totalFixDur,meanFixDur,regressLen,regressDur,pupilDiamMax,pupilDiamLag,timePrtctg,titleNo,wordNo
0,1024,0.0001,32,CLIP,22593.0,46242,0.5061644,0.5661915093557393,0.5257317376523589,0.4966666666666666,0.5417919799498747,0.5,40716712.0,34315.63671875,24513.24609375,244011.015625,40912.03125,215167.25,1488154.875,609945.9375,124832.6015625,1180661.25,13137.384765625,434641.5625,242361.359375,7134603.0,443711.90625,0.1202985793352127,0.518769383430481,0.0774471163749694,24.79237937927246,8.877792358398438
1,1024,0.0001,32,CONTROL,,46242,,,0.5146451176031619,,,,,,,,,,,,,,,,,,,,,,,
2,1024,0.0001,32,GMC,1069856.0,380418,0.8910328,0.5469583483043586,0.5424566761559935,0.5,0.5049167035235147,0.5,30526668.0,18884.1328125,15032.912109375,74052.265625,270105.21875,52564.2578125,145022.796875,114020.7421875,56842.35546875,8967.2119140625,9682.7353515625,59829.140625,63023.45703125,2966928.0,451050.125,0.1154051795601844,0.1854004561901092,0.0006255555199459,8.613666534423828,4.069645404815674
3,1024,0.0001,32,ICEH,373281.0,396930,0.7697582,0.5611923385202178,0.5252860617451148,0.6311893071467539,0.5,0.5678432137285492,38778444.0,2917.47705078125,24527.4375,48878.4765625,504812.15625,213356.828125,490695.21875,1125229.875,55543.6171875,1179234.375,300944.8125,1343340.375,49726.05859375,2944794.0,48681752.0,1.6596461534500122,2.3626692295074463,0.0038989959284663,21.717477798461918,3.697766065597534
4,1024,0.0001,32,MCN,25856.0,46242,0.5470877,0.5827367955556784,0.5470309001962356,0.5381069285324604,0.510235146690255,0.5127665106604264,33600480.0,36570.21875,30289.85546875,26514.07421875,40912.03125,29150.060546875,83886.875,94560.2734375,76825.2578125,12992.4716796875,13080.45703125,42876.33984375,26877.35546875,2957630.5,451330.8125,0.2550185024738312,0.4541685581207275,0.0018476009136065,21.710906982421875,7.069645404815674
5,1024,0.0001,32,SCARF,47232.0,46242,0.88826275,0.5420628230286615,0.5591988889195987,,,,,,,,,,,,,,,,,,,,,,,
6,1024,0.0001,32,SUBTAB,31872.0,46242,0.5284629,0.5673247008098173,0.5106098504740056,,,,,,,,,,,,,,,,,,,,,,,
7,1024,0.0001,64,CLIP,86145.0,180546,0.6703324,0.5870691799563307,0.5320126585777065,0.596442989634479,0.5470330237358101,0.5,40671616.0,38247.87890625,60165.85546875,72760.71875,40912.03125,77925.109375,1496317.0,1414640.875,78041.4375,820288.0,13379.357421875,170204.046875,237912.21875,65588392.0,58172044.0,1.596954107284546,0.2123518884181976,0.0685712173581123,21.989486694335938,13.22733211517334
8,1024,0.0001,64,CONTROL,,180546,,,0.5201556065338161,,,,,,,,,,,,,,,,,,,,,,,
9,1024,0.0001,64,GMC,1073984.0,455298,0.91680795,0.5630959619689893,0.5175091899063045,0.5,0.5017543859649123,0.5,33671032.0,15768.7138671875,8943.3662109375,24727.75,86129.984375,27692.583984375,60695.5859375,58847.13671875,51417.16796875,8941.2958984375,8472.9365234375,231648.65625,58088.65234375,2966928.0,451050.125,0.1124241277575492,0.1788284033536911,0.0009721625829115,9.72141933441162,4.069645404815674
10,1024,0.0001,64,ICEH,377409.0,471810,0.3639278,0.5501955446228683,0.5102436361626268,0.5,0.6282434026242076,0.5012935517420697,38585732.0,3891.26416015625,109955.7109375,123594.5546875,853532.0625,220582.265625,1311766.75,1040548.25,528692.625,1180661.25,1246534.125,1340569.125,141088.484375,601159936.0,85707856.0,7.836334705352783,2.3626692295074463,0.0193668045103549,30.896188735961918,39.20630645751953
11,1024,0.0001,64,MCN,92672.0,180546,0.5397429,0.5699020203974462,0.5647093778502529,0.4993016912165848,0.4975305911838419,0.5033866354654186,36982920.0,35281.015625,123192.5703125,13102.037109375,40912.03125,33225.125,81274.671875,91083.3984375,75142.015625,13177.6005859375,12800.2138671875,46626.23046875,16110.11328125,2953635.5,450632.1875,0.1849299818277359,0.1901113241910934,0.0014212977839633,18.720104217529297,6.492772579193115
12,1024,0.0001,64,SCARF,184576.0,180546,0.87833863,0.5259113899560544,0.4820313147784749,,,,,,,,,,,,,,,,,,,,,,,
13,1024,0.0001,64,SUBTAB,123136.0,180546,0.51936096,0.5907796909980376,0.5235309969320914,,,,,,,,,,,,,,,,,,,,,,,
14,1024,0.0001,128,CLIP,336129.0,713346,0.5347187,0.5807295265470828,0.5267025510627125,0.640911074740862,0.5474015922158337,0.6475104004160166,39801496.0,38696.9609375,27038.0234375,50329.0625,761481.25,212130.015625,1488901.25,126554.9453125,557121.1875,541391.25,853722.3125,1272993.25,244063.46875,268326128.0,443632.9375,0.668056070804596,0.1263317465782165,0.0193952601402997,20.33114242553711,12.248357772827148
15,1024,0.0001,128,CONTROL,,713346,,,0.5186458362123767,,,,,,,,,,,,,,,,,,,,,,,
16,1024,0.0001,128,GMC,1082240.0,746370,0.91456103,0.5605186423813604,0.5216791962632321,0.5,0.5,0.5,35833116.0,15300.3349609375,11156.060546875,9979.2958984375,21748.84375,22721.94921875,79590.0,70459.265625,53609.19921875,8984.47265625,8389.189453125,165743.796875,19712.9609375,2966928.0,451330.8125,0.1147993355989456,0.1847172826528549,0.0007051724242046,11.285151481628418,4.069645404815674
17,1024,0.0001,128,ICEH,385665.0,762882,0.38380238,0.5521579005555403,0.5526104861667727,0.5059083469721768,0.507688338493292,0.500780031201248,37587996.0,2411.40869140625,133416.8125,238144.125,680491.75,218620.21875,1283685.75,1122745.0,229388.875,1107892.875,1220521.125,1349091.125,244063.46875,602084224.0,118858640.0,7.8210835456848145,5.356716632843018,0.035802211612463,23.61892318725586,40.27857971191406
18,1024,0.0001,128,MCN,349184.0,713346,0.5380298,0.5778412702799812,0.5190327796357204,0.5221167484997272,0.5273883237505528,0.5114339573582943,38517216.0,27749.134765625,29037.134765625,20470.1015625,40912.03125,29150.060546875,79173.6015625,67437.6796875,76294.3046875,12956.7568359375,12758.18359375,1123439.125,98403.5859375,2966928.0,443501.75,0.1244871839880943,0.1979960054159164,0.0119268223643302,12.59264087677002,6.05781888961792
19,1024,0.0001,128,SCARF,729600.0,713346,0.8938608,0.533301318371521,0.519392084243111,,,,,,,,,,,,,,,,,,,,,,,
20,1024,0.0001,128,SUBTAB,483840.0,713346,0.5400102,0.5825675078079655,0.5299812056051518,,,,,,,,,,,,,,,,,,,,,,,
21,1024,0.0002,32,CLIP,22593.0,46242,0.5393246,0.5907796909980376,0.4999447223680937,0.5276159301691217,0.5,0.5092433697347893,38922620.0,38759.8671875,45987.578125,243495.734375,577733.0625,131822.03125,1545534.625,1862114.0,73577.609375,23176.568359375,65050.62890625,1275223.125,240810.109375,361218368.0,2751990.25,1.3740782737731934,0.8186519742012024,0.0011725570075213,28.26938247680664,5.913271903991699
22,1024,0.0002,32,CONTROL,,46242,,,0.5082260025980487,,,,,,,,,,,,,,,,,,,,,,,
23,1024,0.0002,32,GMC,1069856.0,380418,0.91083694,0.5843363920289655,0.523544816340068,0.5,0.5235220403951054,0.5,32268014.0,16359.3125,31218.341796875,95827.0703125,315334.84375,69338.625,68698.3046875,186676.921875,85311.0625,39355.921875,21269.837890625,452909.375,64026.06640625,2966928.0,450653.9375,0.1125055104494094,0.2104500234127044,0.0005903263809159,8.005256652832031,4.069645404815674
24,1024,0.0002,32,ICEH,373281.0,396930,0.34409928,0.5302506840606949,0.5122819988391697,0.4991816693944353,0.5006818516880436,0.5041666666666667,38218580.0,1885.4625244140625,65267.0390625,38644.4140625,304205.28125,141132.1875,716912.5,309575.09375,93248.6015625,420729.59375,369064.65625,552683.875,65622.640625,93119888.0,81555056.0,0.4512108266353607,0.2447616010904312,0.0004758335417136,15.591327667236328,4.023653030395508
25,1024,0.0002,32,MCN,25856.0,46242,0.5207309,0.5880469030706725,0.5219452198667809,0.4528314238952536,0.553154946189002,0.4945397815912636,38449920.0,35173.06640625,43387.3046875,26514.07421875,40912.03125,29150.060546875,85192.2265625,94460.3828125,73244.8984375,12434.361328125,12324.5107421875,29250.23828125,27574.365234375,2952655.0,446788.375,0.3149289786815643,0.2786417603492737,0.0012488738866522,15.60578155517578,6.764783382415772
26,1024,0.0002,32,SCARF,47232.0,46242,0.76404095,0.5454036649069954,0.5350114701086205,,,,,,,,,,,,,,,,,,,,,,,
27,1024,0.0002,32,SUBTAB,31872.0,46242,0.5532942,0.5722720488654266,0.5387876233382163,,,,,,,,,,,,,,,,,,,,,,,
28,1024,0.0002,64,CLIP,86145.0,180546,0.5442866,0.5618591249550869,0.5627850252895166,0.6362084015275504,0.6568037741412355,0.7741874674986999,40743212.0,39028.02734375,24788.515625,31994.873046875,266523.5,219265.046875,1561327.5,311605.5,78149.0546875,921000.0625,121865.1953125,76225.265625,244063.46875,2953267.25,5359762.5,0.1424062699079513,0.2507326304912567,0.054262738674879,20.53219413757324,23.36530876159668
29,1024,0.0002,64,CONTROL,,180546,,,0.5117637710400487,,,,,,,,,,,,,,,,,,,,,,,
30,1024,0.0002,64,GMC,1073984.0,455298,0.91775703,0.5813306707940632,0.5216342831873082,0.5,0.5028158631873803,0.5,35750656.0,17368.513671875,12833.8408203125,75577.4375,82114.0390625,85517.0234375,167928.5,579336.75,141714.921875,120688.0234375,259144.28125,469834.25,97760.78125,2966928.0,451259.03125,0.112343817949295,0.1804999262094497,0.0022519759368151,8.889618873596191,4.069645404815674
31,1024,0.0002,64,ICEH,377409.0,471810,0.623628,0.5457007821784914,0.5558960504132003,0.6351554828150573,0.5,0.5070202808112324,38966956.0,1710.206298828125,80114.8359375,95770.3046875,853924.0,218555.296875,601886.9375,438787.8125,124980.3125,246896.953125,90007.296875,868472.4375,87094.671875,2948611.25,1549463.375,0.5807227492332458,1.1647924184799194,0.0272206049412488,10.57555866241455,12.930355072021484
32,1024,0.0002,64,MCN,92672.0,180546,0.5324993,0.5816554268815124,0.5129073270501091,0.5441134751773049,0.4957872622733303,0.4918161726469059,38619440.0,12118.1455078125,24527.4375,228424.4375,56670.765625,29150.060546875,82944.2890625,94153.8828125,78646.5625,12593.337890625,9428.0625,30349.7890625,206610.421875,2966928.0,443562.3125,0.1256052404642105,0.2029360979795456,0.0058409185148775,11.22733211517334,6.433640003204346
33,1024,0.0002,64,SCARF,184576.0,180546,0.867372,0.5297980984494625,0.5135810231889666,,,,,,,,,,,,,,,,,,,,,,,
34,1024,0.0002,64,SUBTAB,123136.0,180546,0.50377536,0.5829440866753268,0.4990844642215527,,,,,,,,,,,,,,,,,,,,,,,
35,1024,0.0002,128,CLIP,336129.0,713346,0.52424496,0.575108482352616,0.5304579751803433,0.7610638297872341,0.7472983930414271,0.7819877795111805,40561440.0,35882.81640625,73677.4453125,240470.609375,802920.875,219640.234375,1439076.125,926943.3125,279324.875,452240.4375,839794.8125,692894.875,88079.09375,241100656.0,52533596.0,0.1328575760126114,0.2451126724481582,0.0255096349865198,19.22601890563965,8.010512351989746
36,1024,0.0002,128,CONTROL,,713346,,,0.5675976341173544,,,,,,,,,,,,,,,,,,,,,,,
37,1024,0.0002,128,GMC,1082240.0,746370,0.91801673,0.5562899035405323,0.5580656974655206,0.5,0.5017543859649123,0.5,36215104.0,18237.97265625,10884.88671875,45952.48828125,271009.4375,18585.681640625,64996.63671875,110906.953125,66394.0703125,9234.6357421875,8835.509765625,382402.03125,34045.79296875,2966928.0,451259.03125,0.1124977171421051,0.186059832572937,0.0006189985433593,10.840998649597168,4.069645404815674
38,1024,0.0002,128,ICEH,385665.0,762882,0.68408,0.5291105829026285,0.532589618860728,0.5089416257501364,0.5349329205366357,0.7657761310452418,36496440.0,2640.2734375,90626.21875,236085.109375,849658.25,177483.234375,1039641.75,792700.4375,70423.609375,758241.5625,1457956.5,746728.4375,224537.859375,126919656.0,75411464.0,0.5122483968734741,0.8669564127922058,0.0467536710202693,11.714848518371582,3.8278579711914062
39,1024,0.0002,128,MCN,349184.0,713346,0.5304875,0.5801076531881375,0.5654418064730107,0.513633387888707,0.542562288073124,0.5015600624024961,38922620.0,35942.80859375,30323.337890625,26514.07421875,40912.03125,29150.060546875,81538.3515625,936065.4375,73334.875,13202.5322265625,13104.6259765625,42876.33984375,26877.35546875,2966928.0,451330.8125,0.1318785697221756,0.1935774087905883,0.0419374443590641,15.98554515838623,6.683311462402344
40,1024,0.0002,128,SCARF,729600.0,713346,0.8611098,0.5448336143279622,0.5401661092838783,,,,,,,,,,,,,,,,,,,,,,,
41,1024,0.0002,128,SUBTAB,483840.0,713346,0.5269388,0.5870173571764186,0.501499405765457,,,,,,,,,,,,,,,,,,,,,,,
42,1024,0.0003,32,CLIP,22593.0,46242,0.512858,0.5827886183355906,0.5183176252729333,0.711582105837425,0.714186200796108,0.7340223608944358,40731384.0,38045.28125,25759.921875,227394.296875,802544.875,220582.265625,1569191.25,1867407.25,364928.75,75565.78125,1460130.125,327105.1875,196715.734375,49175016.0,1611552.5,0.1556189060211181,4.679149627685547,0.0358388684689998,21.885677337646484,3.5256242752075195
43,1024,0.0003,32,CONTROL,,46242,,,0.5262292363395152,,,,,,,,,,,,,,,,,,,,,,,
44,1024,0.0003,32,GMC,1069856.0,380418,0.91659164,0.5645780934744755,0.5597862137586026,0.5025150027277687,0.5298466755123101,0.5,36430904.0,19071.9609375,32531.40625,83556.6953125,275606.125,68214.9765625,253072.171875,274338.0625,134501.578125,101778.4140625,30453.01171875,403968.5,95490.8984375,2966928.0,448444.09375,0.113982930779457,0.2065068185329437,0.000869839801453,8.75821304321289,4.098554611206055
45,1024,0.0003,32,ICEH,373281.0,396930,0.4266625,0.5412267488460795,0.5555332909538155,0.5681451172940535,0.566688780775468,0.5,38922620.0,10738.7255859375,101775.9375,242943.40625,811543.4375,158311.15625,936389.125,1231396.375,491337.9375,1180661.25,1562079.875,1349091.125,204102.609375,562202880.0,119139840.0,0.8130312561988831,1.1077975034713743,0.0011725570075213,7.454664707183838,2.667542695999145
46,1024,0.0003,32,MCN,25856.0,46242,0.5501352,0.5717918244382411,0.5272898759017164,0.5203000545553736,0.4826809671236916,0.5288026521060842,35145188.0,13803.4072265625,26976.42578125,40343.94140625,40912.03125,29028.16796875,80596.75,94153.8828125,75202.46875,13520.8095703125,13168.61328125,55871.515625,26618.837890625,2966928.0,450785.25,0.140921413898468,0.3159635365009308,0.0206685792654752,11.856767654418944,4.948751449584961
47,1024,0.0003,32,SCARF,47232.0,46242,0.8668441,0.5378271744838451,0.5222941599181891,,,,,,,,,,,,,,,,,,,,,,,
48,1024,0.0003,32,SUBTAB,31872.0,46242,0.56390876,0.5855732290428679,0.500836074182582,,,,,,,,,,,,,,,,,,,,,,,
49,1024,0.0003,64,CLIP,86145.0,180546,0.53269035,0.5843882148088776,0.5122923633951522,0.8037370430987452,0.7310187232787853,0.7767940717628705,39389628.0,34482.87109375,86408.921875,243614.859375,400092.84375,37467.48046875,520548.09375,626296.0,574615.875,384877.15625,1279494.5,397296.9375,83157.890625,246770816.0,7868941.0,0.2667143642902374,0.5080821514129639,0.0076206321828067,18.964519500732425,10.919842720031738
50,1024,0.0003,64,CONTROL,,180546,,,0.5290414858627457,,,,,,,,,,,,,,,,,,,,,,,
51,1024,0.0003,64,GMC,1073984.0,455298,0.9170553,0.5792128465216551,0.5227225615654626,0.5,0.5112413386407195,0.5,34897380.0,15636.32421875,23486.509765625,83859.34375,267296.75,62369.265625,167587.96875,239866.953125,158092.109375,9037.19140625,58959.08203125,431750.8125,75708.015625,2966928.0,451259.59375,0.1179841682314872,0.2147568017244339,0.0014061089605093,8.8462553024292,4.069645404815674
52,1024,0.0003,64,ICEH,377409.0,471810,0.3534257,0.5190742378596501,0.5112213592769685,0.5212765957446809,0.5,0.7305057202288092,38572760.0,4257.4560546875,46472.51171875,73322.8125,462399.84375,220338.625,998010.25,1235370.75,316985.4375,1140896.25,667916.0,1342979.25,223300.9375,46188940.0,101084576.0,5.758848190307617,2.0301403999328613,0.057629570364952,23.60709571838379,5.388961791992188
53,1024,0.0003,64,MCN,92672.0,180546,0.5398181,0.5776339791603328,0.5470378099002239,0.4854282596835788,0.480344242960342,0.472126885075403,39049756.0,33712.78515625,24601.18359375,97782.84375,181689.015625,103372.0390625,81215.6875,94249.28125,371447.6875,13269.814453125,12112.5390625,42876.33984375,116340.5078125,2966928.25,451330.8125,0.126672551035881,0.1917280703783035,0.0013500920031219,18.795005798339844,6.273324489593506
54,1024,0.0003,64,SCARF,184576.0,180546,0.8454421,0.530969293275476,0.5274937121693707,,,,,,,,,,,,,,,,,,,,,,,
55,1024,0.0003,64,SUBTAB,123136.0,180546,0.5349258,0.5621182388546475,0.5202419778336697,,,,,,,,,,,,,,,,,,,,,,,
56,1024,0.0003,128,CLIP,336129.0,713346,0.53168416,0.5856250518227799,0.5331700339957436,0.7942935079105292,0.7166261241338641,0.7606214248569942,39626960.0,38549.10546875,41680.52734375,215680.171875,325862.0625,217410.234375,1405341.0,1044856.75,91150.3984375,266884.65625,79222.4140625,662192.625,110736.1015625,122257728.0,34093544.0,0.6272393465042114,0.1848093569278717,0.0016649602912366,14.92115592956543,5.676741123199463
57,1024,0.0003,128,CONTROL,,713346,,,0.5118155938199607,,,,,,,,,,,,,,,,,,,,,,,
58,1024,0.0003,128,GMC,1082240.0,746370,0.9120057,0.5641255078632432,0.5034306680301815,0.5,0.5063246351172048,0.5,34067644.0,17929.841796875,11149.3701171875,78531.53125,319244.3125,50180.2578125,135770.546875,61927.69921875,62980.3671875,22532.9140625,159234.28125,343617.78125,73924.3515625,2966928.0,451187.8125,0.1175184026360511,0.1905920952558517,0.0006256277556531,9.684625625610352,4.069645404815674
59,1024,0.0003,128,ICEH,385665.0,762882,0.27409098,0.5229920400210055,0.5400417346120893,0.516366612111293,0.664595311808934,0.7450208008320333,40740096.0,3228.9658203125,132417.015625,204615.296875,819733.5,220582.265625,1524259.625,157294.359375,47861.06640625,47971.5390625,29762.40234375,1240645.75,235542.8125,605247424.0,110216392.0,3.479846954345703,0.6652310490608215,0.0409437529742717,11.478318214416504,5.299605846405029
60,1024,0.0003,128,MCN,349184.0,713346,0.52327514,0.5828404411155026,0.5284887095436832,0.4967266775777414,0.50218929677134,0.4860569422776911,38922620.0,24305.283203125,24554.138671875,26514.07421875,44593.1875,29150.060546875,81236.1640625,81078.2734375,73480.9609375,13466.16015625,12882.37890625,285773.46875,26877.35546875,2966928.0,451330.8125,0.1207586377859115,0.3354818224906921,0.0005840390222147,11.616293907165527,6.764783382415772
61,1024,0.0003,128,SCARF,729600.0,713346,0.83946264,0.5419073546889251,0.5331527597357729,,,,,,,,,,,,,,,,,,,,,,,
62,1024,0.0003,128,SUBTAB,483840.0,713346,0.5373238,0.5936161244852272,0.5383454022829662,,,,,,,,,,,,,,,,,,,,,,,
63,1024,0.0005,32,CLIP,22593.0,46242,0.5511819,0.5775303336005086,0.5296115364417788,0.7739552645935625,0.7395105410585288,0.7812077483099324,39824064.0,35913.66015625,24444.494140625,225036.328125,40912.03125,155290.109375,81386.4140625,1870037.5,76184.4453125,49172.140625,32121.251953125,597135.375,227371.140625,40325132.0,7043856.5,1.0053107738494873,1.52415931224823,0.0357288792729377,20.741130828857425,13.475689888000488
64,1024,0.0005,32,CONTROL,,46242,,,0.5259321190680191,,,,,,,,,,,,,,,,,,,,,,,
65,1024,0.0005,32,GMC,1069856.0,380418,0.9170517,0.5829440866753268,0.5214269920676599,0.5,0.507732566710895,0.5,31527674.0,17242.6875,16756.46484375,111765.234375,295456.9375,77504.1328125,65954.859375,526387.5,119781.78125,18380.025390625,124689.1171875,523615.625,107344.5234375,2966928.0,451190.46875,0.1132569387555122,0.2176928669214248,0.0006040019216015,8.654401779174805,4.05781888961792
66,1024,0.0005,32,ICEH,373281.0,396930,0.37024143,0.5282365053481108,0.5055864956745253,0.6353737043098745,0.6461005454813504,0.5,38907456.0,3533.5322265625,39214.7109375,96291.0078125,20966.154296875,218787.65625,928281.375,642261.5625,236852.3125,129174.4375,55748.06640625,425705.03125,113916.8046875,366051328.0,442975.90625,0.1177950277924537,0.2646161317825317,0.0106172785162925,7.705650329589844,2.6176083087921143
67,1024,0.0005,32,MCN,25856.0,46242,0.52700275,0.5713979713109091,0.5369738260412924,0.4962684124386252,0.4388544891640867,0.5010465418616745,36947312.0,34948.0234375,25923.275390625,26514.07421875,40912.03125,29150.060546875,886327.3125,109064.09375,73223.2265625,13408.19140625,13078.958984375,42876.33984375,26877.35546875,2950367.25,451330.8125,0.1674971878528595,0.995289146900177,0.0386724695563316,17.34296989440918,5.93429708480835
68,1024,0.0005,32,SCARF,47232.0,46242,0.85078,0.5501057184710207,0.528581990547525,,,,,,,,,,,,,,,,,,,,,,,
69,1024,0.0005,32,SUBTAB,31872.0,46242,0.5198839,0.5684578922638954,0.4964691412619883,,,,,,,,,,,,,,,,,,,,,,,
70,1024,0.0005,64,CLIP,86145.0,180546,0.5404375,0.5959861529532076,0.5072448246317127,0.7781287506819421,0.7654909332153914,0.7788676547061882,39522292.0,34587.3046875,94281.703125,93805.9296875,743436.625,51037.3515625,1188282.0,1549907.75,432847.90625,483727.21875,719938.75,688237.4375,47082.5234375,2952734.25,37675356.0,0.2779516279697418,0.2110092043876648,0.0011141414288431,21.632062911987305,8.22733211517334
71,1024,0.0005,64,CONTROL,,180546,,,0.5247263757220642,,,,,,,,,,,,,,,,,,,,,,,
72,1024,0.0005,64,GMC,1073984.0,455298,0.8965529,0.5434033056023879,0.5292176833144469,0.5033333333333333,0.52703081232493,0.5,34947660.0,15668.08984375,11926.91015625,76458.640625,330682.6875,49473.99609375,415914.9375,153432.578125,127384.0859375,185955.15625,302610.625,494491.46875,62421.67578125,2966928.0,451259.03125,0.1228932738304138,0.2103117853403091,0.0012280348455533,8.927726745605469,4.095926284790039
73,1024,0.0005,64,ICEH,377409.0,471810,0.763784,0.5334049639313452,0.5174228186064509,0.5967703218767049,0.5692061034940292,0.5,41412512.0,5504.11962890625,24463.94140625,97538.2421875,614195.3125,213536.5,794151.6875,93280.2734375,280933.46875,380297.5,89605.8671875,437864.875,114502.84375,55007540.0,3429166.75,0.1187579035758972,0.2915112376213074,0.0048397914506495,7.8094611167907715,4.913271903991699
74,1024,0.0005,64,MCN,92672.0,180546,0.5245227,0.5817072496614245,0.5085680329454686,0.5202018548827059,0.493328910511573,0.4791276651066042,39182172.0,17989.041015625,24922.759765625,26712.98046875,506947.1875,61329.9140625,98823.484375,94153.6953125,73189.8203125,746065.6875,11070.9580078125,42876.33984375,26877.35546875,2966928.0,451330.8125,0.1279497444629669,0.2173793315887451,0.0208535566926002,9.21944808959961,16.12352180480957
75,1024,0.0005,64,SCARF,184576.0,180546,0.88299024,0.5227847489013571,0.5337953622066831,,,,,,,,,,,,,,,,,,,,,,,
76,1024,0.0005,64,SUBTAB,123136.0,180546,0.6738945,0.5669101185705204,0.5607846659849092,,,,,,,,,,,,,,,,,,,,,,,
77,1024,0.0005,128,CLIP,336129.0,713346,0.4743586,0.5839736325695808,0.5274177054254996,0.7480851063829788,0.6955182072829131,0.7752145085803432,39354056.0,31121.916015625,87296.0703125,73906.53125,551798.5625,123399.6875,1423086.875,943614.625,172035.171875,19826.87109375,107120.984375,512742.4375,232544.125,19784966.0,16577080.0,0.270554631948471,0.1872411668300628,0.0007452017161995,12.654401779174805,12.76609706878662
78,1024,0.0005,128,CONTROL,,713346,,,0.5183245349769217,,,,,,,,,,,,,,,,,,,,,,,
79,1024,0.0005,128,GMC,1082240.0,746370,0.9107281,0.5614756363837373,0.5084229291617147,0.5,0.5035198289842253,0.5,35043144.0,23487.2421875,34443.05859375,30651.7578125,244956.390625,46988.984375,399518.5625,402287.34375,163929.234375,9462.0107421875,647236.8125,520998.9375,118205.875,2966928.0,449866.5,0.1260772943496704,0.2111566960811615,0.0018178783357143,9.03679370880127,3.944809436798096
80,1024,0.0005,128,ICEH,385665.0,762882,0.38424855,0.5442704734529172,0.5679914872446865,0.5,0.5,0.7118564742589704,38609400.0,5788.50732421875,128870.3671875,91668.0078125,856127.75,218826.515625,914138.0,1370166.125,45895.6015625,54488.34765625,58635.84765625,1349091.125,70023.078125,4944928.0,13998306.0,0.2165655195713043,0.8513086438179016,0.000852946715895,25.05650520324707,4.487516403198242
81,1024,0.0005,128,MCN,349184.0,713346,0.51801413,0.5711906801912606,0.5154155495978552,0.5,0.4831490490933215,0.4872919916796672,38764768.0,26306.6015625,24754.50390625,26514.07421875,40912.03125,29211.4375,75431.8671875,76644.6875,73292.59375,11608.9091796875,10882.8818359375,856359.1875,26877.35546875,2966928.0,451092.59375,0.1201005727052688,0.1931165158748626,0.0009172626887448,8.78055191040039,4.818659782409668
82,1024,0.0005,128,SCARF,729600.0,713346,0.8683786,0.5085058456095741,0.5315289792985268,,,,,,,,,,,,,,,,,,,,,,,
83,1024,0.0005,128,SUBTAB,483840.0,713346,0.51935184,0.5869655343965064,0.5101227163428319,,,,,,,,,,,,,,,,,,,,,,,
84,1024,0.0007,32,CLIP,22593.0,46242,0.7697844,0.585210469583483,0.5014579475415274,0.7957719585379159,0.7514337313872917,0.7643135725429018,39713164.0,27069.830078125,108179.09375,190461.671875,350041.4375,220582.265625,81265.0703125,1558009.75,562275.75,486956.4375,77412.1875,1207134.0,62659.11328125,5250867.0,32213952.0,0.100488007068634,0.7926238775253296,0.0484726913273334,21.985546112060547,16.975032806396484
85,1024,0.0007,32,CONTROL,,46242,,,0.5296771786296675,,,,,,,,,,,,,,,,,,,,,,,
86,1024,0.0007,32,GMC,1069856.0,380418,0.91935384,0.571346148530997,0.5289378403029215,0.5,0.5056206693203598,0.5,35842044.0,17521.626953125,16767.388671875,112140.34375,199556.796875,106212.328125,55252.3828125,287562.0625,75916.3515625,297350.65625,151310.78125,358273.1875,105103.03125,2966928.0,451330.8125,0.1162020936608314,0.2027811706066131,0.0014868694124743,8.71616268157959,4.069645404815674
87,1024,0.0007,32,ICEH,373281.0,396930,0.6921701,0.5136086620049197,0.5090655316326248,0.574986361156574,0.6595680377414124,0.5,37090676.0,1883.388916015625,26522.044921875,137991.890625,67956.9296875,75554.0390625,812137.4375,726485.1875,114692.5625,35242.29296875,300173.78125,75232.734375,47497.078125,2948667.5,8036244.5,0.1197674795985221,0.2507461905479431,0.0004750892112497,7.822601795196533,4.208935737609863
88,1024,0.0007,32,MCN,25856.0,46242,0.53732866,0.5776339791603328,0.5158439512451287,0.542416803055101,0.5,0.5031201248049922,34334476.0,28487.796875,24533.21875,26686.228515625,84413.0859375,29150.060546875,81215.6875,899784.5625,71751.8828125,12684.7001953125,13097.5751953125,42876.33984375,27241.740234375,2964561.5,451330.8125,0.1432824283838272,0.2066530883312225,0.0233702771365642,14.537450790405272,4.16819953918457
89,1024,0.0007,32,SCARF,47232.0,46242,0.8438727,0.5116393963682596,0.506609131864791,,,,,,,,,,,,,,,,,,,,,,,
90,1024,0.0007,32,SUBTAB,31872.0,46242,0.7609249,0.568717006163456,0.51169812885216,,,,,,,,,,,,,,,,,,,,,,,
91,1024,0.0007,64,CLIP,86145.0,180546,0.5016601,0.5912460960172465,0.5624153561261436,0.792618657937807,0.7515664160401003,0.7778211128445138,40116632.0,35568.703125,35345.05078125,222865.890625,467691.0625,220582.265625,166711.140625,154334.59375,565146.8125,399634.9375,711042.75,808419.9375,203221.046875,2953245.0,35994048.0,0.1749481707811355,0.2184783071279525,0.0208849385380744,15.886990547180176,17.68593978881836
92,1024,0.0007,64,CONTROL,,180546,,,0.5417657057571653,,,,,,,,,,,,,,,,,,,,,,,
93,1024,0.0007,64,GMC,1073984.0,455298,0.9199205,0.5654659904369697,0.4845533567341975,0.5,0.5200132684652808,0.5,34371456.0,15614.3837890625,11340.3525390625,84737.5625,303776.75,65310.99609375,70101.53125,176608.5,86621.1796875,198430.984375,26988.77734375,415726.3125,99212.5625,2966928.0,451259.03125,0.1293151229619979,0.2014795839786529,0.0008276412845589,8.739815711975098,3.989487409591675
94,1024,0.0007,64,ICEH,377409.0,471810,0.49367937,0.522732926121445,0.5578825903098311,0.5,0.6518575851393189,0.6130915236609464,40093708.0,15272.1376953125,113220.4140625,52372.66796875,792926.1875,135616.265625,1041259.5,559344.4375,301170.15625,639846.375,324650.4375,42781.09765625,223384.21875,2943389.75,2582595.25,1.831294536590576,2.242363929748535,0.0235193874686956,8.19710922241211,4.039422035217285
95,1024,0.0007,64,MCN,92672.0,180546,0.522912,0.570316602636743,0.5266852768027418,0.4710692853246044,0.4789363113666519,0.4665691627665106,36580896.0,23841.90234375,26198.029296875,26514.07421875,40912.03125,29150.060546875,1281618.375,1088206.875,73289.1328125,163288.5,13103.8701171875,951645.875,27198.953125,2966928.0,451330.8125,0.1189825758337974,0.1986507475376129,0.0186625998467206,17.591327667236328,6.277266979217529
96,1024,0.0007,64,SCARF,184576.0,180546,0.90089655,0.5338955529145132,0.5442601088969349,,,,,,,,,,,,,,,,,,,,,,,
97,1024,0.0007,64,SUBTAB,123136.0,180546,0.5128396,0.5752121279124403,0.4923094994610431,,,,,,,,,,,,,,,,,,,,,,,
98,1024,0.0007,128,CLIP,336129.0,713346,0.50750595,0.5870173571764186,0.5178961333296481,0.7991052918712493,0.746985109833407,0.7728549141965679,39471092.0,34817.16015625,54318.31640625,241605.46875,653085.8125,208047.59375,1239295.625,212950.671875,179920.109375,509075.34375,395873.25,772132.8125,151338.703125,215251552.0,44992536.0,0.0960321426391601,0.1596724987030029,0.0020355007145553,17.98817253112793,7.858081340789795
99,1024,0.0007,128,CONTROL,,713346,,,0.5369358226693568,,,,,,,,,,,,,,,,,,,,,,,
100,1024,0.0007,128,GMC,1082240.0,746370,0.8972959,0.5620664160747354,0.5288134656311323,0.5,0.5252764263600177,0.5,36185872.0,25864.869140625,17136.28125,89722.03125,341227.90625,77026.953125,344336.5625,332061.46875,177388.0,407324.46875,411070.375,583874.25,105591.4765625,2966928.0,450574.5625,0.128862202167511,0.2320977449417114,0.001366218086332,9.51642608642578,4.094612121582031
101,1024,0.0007,128,ICEH,385665.0,762882,0.68950814,0.539419861253144,0.5408605345347005,0.5,0.5992997198879552,0.5,38899432.0,7430.65576171875,132736.96875,66151.8203125,818134.8125,202924.03125,314923.5625,382473.9375,241440.96875,749194.4375,489119.75,1349091.125,9608.5400390625,78237440.0,91973056.0,0.1477123200893402,0.2800705134868622,0.0013050694251433,8.813403129577637,2.4007885456085205
102,1024,0.0007,128,MCN,349184.0,713346,0.51361006,0.568717006163456,0.5209260385285095,0.4967266775777414,0.4045039068258882,0.4582748309932397,38922620.0,28960.583984375,70603.84375,26514.07421875,40912.03125,29150.060546875,74917.875,94153.6953125,73263.65625,807638.4375,11652.115234375,832487.1875,26877.35546875,2966928.0,451330.8125,0.1429046988487243,0.211448460817337,0.0046371254138648,12.398159980773926,3.917214155197144
103,1024,0.0007,128,SCARF,729600.0,713346,0.8541452,0.5256073629805699,0.5062947403333241,,,,,,,,,,,,,,,,,,,,,,,
104,1024,0.0007,128,SUBTAB,483840.0,713346,0.51711315,0.5686651833835439,0.4861909565794201,,,,,,,,,,,,,,,,,,,,,,,
105,1024,0.001,32,CLIP,22593.0,46242,0.5205386,0.5463433846494017,0.5173399021585916,0.7967703218767048,0.7553331859059413,0.7770215808632346,40672288.0,38212.2109375,95598.5078125,201164.765625,603936.6875,129979.015625,1491822.0,772164.125,92376.703125,430014.625,406635.15625,1349091.125,43396.0859375,2952725.5,443944.03125,0.7301825881004333,0.2760208249092102,0.0427937433123588,18.38764762878418,29.498029708862305
106,1024,0.001,32,CONTROL,,46242,,,0.5229851303170172,,,,,,,,,,,,,,,,,,,,,,,
107,1024,0.001,32,GMC,1069856.0,380418,0.91620994,0.5475145794754153,0.5405081396312982,0.5025150027277687,0.548452012383901,0.5,29795750.0,17690.18359375,32433.802734375,90921.4609375,338761.8125,71663.9296875,64529.29296875,715753.3125,138482.921875,78361.7734375,27480.068359375,321212.6875,77814.7578125,2966928.0,451339.21875,0.1170826032757759,0.2087995111942291,0.0006708857836201,8.760841369628906,3.864651679992676
108,1024,0.001,32,ICEH,373281.0,396930,0.80091035,0.5320126585777065,0.5352256709322573,0.5773213311511184,0.601452159811293,0.5,38803892.0,2392.419189453125,48909.48046875,120988.59375,483228.6875,164151.4375,985677.6875,724448.3125,96355.9609375,49603.23828125,18148.37890625,638877.4375,119259.265625,11838987.0,443460.0,0.1261062771081924,0.2766145169734955,0.0004816158034373,8.366622924804688,4.513797760009766
109,1024,0.001,32,MCN,25856.0,46242,0.52631176,0.583047732235151,0.5229609463530582,0.4934533551554828,0.5000110570544007,0.4056942277691107,34739532.0,28854.94140625,24877.529296875,222686.90625,40912.03125,158694.984375,1300713.75,71492.3515625,58552.74609375,11018.9853515625,957988.5625,42876.33984375,189368.390625,2955224.75,445608.4375,0.1309127211570739,0.2053339332342147,0.0018702420638874,29.18002700805664,4.135348320007324
110,1024,0.001,32,SCARF,47232.0,46242,0.795645,0.5396271523727924,0.5462190099776125,,,,,,,,,,,,,,,,,,,,,,,
111,1024,0.001,32,SUBTAB,31872.0,46242,0.55678725,0.5396927945606811,0.5246641883861696,,,,,,,,,,,,,,,,,,,,,,,
112,1024,0.001,64,CLIP,86145.0,180546,0.52191025,0.60150355158785,0.5051546391752577,0.8021985815602837,0.7736141825151113,0.7812077483099324,40372384.0,34171.5234375,45520.69921875,182624.53125,499466.1875,216484.453125,1238972.25,1334260.0,238505.734375,350714.125,58698.84765625,949907.625,154618.96875,261670960.0,26851164.0,0.2190631628036499,0.1853059828281402,0.0014080628752708,14.59264087677002,13.55321979522705
113,1024,0.001,64,CONTROL,,180546,,,0.5248783892098062,,,,,,,,,,,,,,,,,,,,,,,
114,1024,0.001,64,GMC,1073984.0,455298,0.9012415,0.5470032613802824,0.5312353168790249,0.5,0.52703081232493,0.5,37539868.0,19716.021484375,17283.66796875,107991.71875,285066.71875,69699.8359375,63827.046875,150121.375,165226.59375,385121.96875,251340.953125,142748.96875,67173.53125,2966928.0,451187.8125,0.1343766897916793,0.2074393332004547,0.0008471015025861,8.536136627197266,4.0367937088012695
115,1024,0.001,64,ICEH,377409.0,471810,0.38169703,0.5385976064785385,0.5187840302921423,0.6162575013638844,0.6470735662686127,0.5,38913600.0,1582.4244384765625,24479.294921875,88723.7734375,19984.0625,136081.828125,857828.9375,524412.4375,77268.8203125,52724.59375,778441.0,142356.484375,4427.28662109375,2950674.75,443460.0,0.1174220740795135,0.1851636618375778,0.0008281994378194,7.788436412811279,4.22601842880249
116,1024,0.001,64,MCN,92672.0,180546,0.51923275,0.5752121279124403,0.5545106547635499,0.510240043644299,0.5042016806722689,0.4908086323452938,38106556.0,11463.96484375,12691.5068359375,26514.07421875,794313.3125,23577.55078125,81178.2265625,71486.2734375,72226.5,8994.38671875,8527.166015625,42876.33984375,22587.685546875,2966928.0,451319.84375,0.1426701843738556,0.1858784109354019,0.0005803431849926,31.2628116607666,3.846254825592041
117,1024,0.001,64,SCARF,184576.0,180546,0.9105609,0.5473729305436554,0.5482090047262376,,,,,,,,,,,,,,,,,,,,,,,
118,1024,0.001,64,SUBTAB,123136.0,180546,0.5344522,0.5805222354274343,0.5179859594814957,,,,,,,,,,,,,,,,,,,,,,,
119,1024,0.001,128,CLIP,336129.0,713346,0.8021627,0.5842845692490534,0.5,0.8018385160938353,0.7229286451422674,0.7747009880395216,39659960.0,31390.107421875,26012.693359375,190752.125,262323.8125,86279.8828125,1239009.5,990291.0625,108518.1796875,287338.5625,220409.015625,218492.234375,154391.546875,11690704.0,4350375.5,0.5146000981330872,0.1106526851654052,0.000736458285246,16.463863372802734,11.600525856018066
120,1024,0.001,128,CONTROL,,713346,,,0.5205529145131422,,,,,,,,,,,,,,,,,,,,,,,
121,1024,0.001,128,GMC,1082240.0,746370,0.91622424,0.5461360935297532,0.5400762831320307,0.5,0.5052742149491376,0.5,32721108.0,30560.720703125,36786.78515625,69367.3671875,229183.03125,68436.21875,368235.46875,594480.75,180676.984375,101861.171875,123567.09375,94376.0390625,104845.078125,2966928.0,450602.8125,0.1395385116338729,0.2334101200103759,0.0052326321601867,9.546648979187012,4.05781888961792
122,1024,0.001,128,ICEH,385665.0,762882,0.34614754,0.5408778087946713,0.5625397307979326,0.5336933987997817,0.504548135043491,0.5,38001664.0,3501.33642578125,28206.134765625,45377.3671875,5719.66357421875,195148.65625,81215.6875,107867.8671875,132716.96875,80966.9140625,115324.2265625,247171.03125,5242.68212890625,2944421.75,15415353.0,0.1585925072431564,0.254229336977005,0.026744058355689,7.624178886413574,2.169513702392578
123,1024,0.001,128,MCN,349184.0,713346,0.3997385,0.5622218844144717,0.5051546391752577,0.6067321331151119,0.580922895473979,0.4914196567862715,38663332.0,15901.7197265625,24527.4375,26514.07421875,675483.8125,39751.97265625,81438.625,94334.6953125,463049.5,13128.0390625,13240.95703125,652088.625,26877.35546875,2966928.0,451330.8125,0.1178155988454818,0.1962723433971405,0.0011093323118984,13.68593978881836,4.311432361602783
124,1024,0.001,128,SCARF,729600.0,713346,0.88789207,0.5366283408418784,0.4987631629860977,,,,,,,,,,,,,,,,,,,,,,,
125,1024,0.001,128,SUBTAB,483840.0,713346,0.47930083,0.5526312152787375,0.5138746856084685,,,,,,,,,,,,,,,,,,,,,,,
126,1024,0.002,32,CLIP,22593.0,46242,0.50637335,0.6011407921284653,0.5280637627484039,0.7544189852700491,0.7338456435205661,0.7767940717628705,44311240.0,36336.82421875,103684.6640625,161534.953125,663915.3125,220501.046875,1496314.25,1677647.5,274813.59375,443799.15625,932975.0,465193.375,195293.578125,212565760.0,43746756.0,0.1328759640455246,0.2449048459529876,0.003791241440922,19.84231185913086,18.894874572753903
127,1024,0.002,32,CONTROL,,46242,,,0.5198377601503552,,,,,,,,,,,,,,,,,,,,,,,
128,1024,0.002,32,GMC,1069856.0,380418,0.9180947,0.5504166551504934,0.5105407534341229,0.5025150027277687,0.5301931298835323,0.5,36136352.0,21883.173828125,33803.71484375,70185.0234375,244893.34375,49942.03515625,96476.34375,346433.9375,128209.765625,550831.5625,564340.875,43046.55859375,45207.87890625,2966928.0,451259.59375,0.1466267108917236,0.2119101285934448,0.0300125442445278,9.237844467163086,4.094612121582031
129,1024,0.002,32,ICEH,373281.0,396930,0.37159345,0.531162764987148,0.5000518227799121,0.5396617566830333,0.6609870263895031,0.5,38130672.0,4371.51513671875,94681.1015625,46414.5390625,507764.0625,126510.0546875,252689.90625,114033.7265625,36306.03125,854558.25,144178.390625,1349091.125,164448.265625,2952899.75,443579.59375,0.118388831615448,0.2201498001813888,0.000447853206424,7.889618873596191,2.473061800003052
130,1024,0.002,32,MCN,25856.0,46242,0.51139814,0.5791817528537078,0.5,0.447948717948718,0.5372217307975822,0.5010270410816432,38697052.0,34314.99609375,111189.5859375,160911.484375,46589.6015625,29150.060546875,52990.0234375,72208.3046875,56441.046875,9433.0673828125,13027.7783203125,42876.33984375,26877.35546875,2961393.25,451330.8125,0.1233631893992424,0.336727112531662,0.0011725570075213,11.459920883178713,8.83968448638916
131,1024,0.002,32,SCARF,47232.0,46242,0.87279934,0.53706365219314,0.5036448688538183,,,,,,,,,,,,,,,,,,,,,,,
132,1024,0.002,32,SUBTAB,31872.0,46242,0.50295824,0.5630234100771123,0.5,,,,,,,,,,,,,,,,,,,,,,,
133,1024,0.002,64,CLIP,86145.0,180546,0.83102375,0.5700574887371825,0.5464539399132141,0.7934751773049645,0.7363261093911249,0.7762610504420178,39199660.0,28670.271484375,45676.109375,14102.4453125,30491.1796875,56256.50390625,1209485.75,1283137.375,271671.34375,175406.421875,122898.078125,7615.99462890625,3180.533935546875,65958900.0,15635186.0,0.2350054383277893,0.2037895619869232,0.0096438452601432,15.383706092834473,6.754270553588867
134,1024,0.002,64,CONTROL,,180546,,,0.5077803266908045,,,,,,,,,,,,,,,,,,,,,,,
135,1024,0.002,64,GMC,1073984.0,455298,0.91425866,0.5543862800917609,0.5618729443630635,0.5,0.5038662833554475,0.5,35272392.0,30025.734375,53984.57421875,76677.0703125,392958.40625,102159.78125,379955.21875,611607.8125,235400.9375,440496.1875,547273.4375,373552.9375,111483.734375,2966928.0,451187.8125,0.146299660205841,0.2384402155876159,0.0324875935912132,18.683311462402344,4.024967193603516
136,1024,0.002,64,ICEH,377409.0,471810,0.7814463,0.5278875652967027,0.4981931124070645,0.6340207310420076,0.6555100987763527,0.5,38945052.0,5790.7373046875,44262.51953125,5053.0869140625,9764.2080078125,211674.625,755267.125,145166.515625,228778.34375,51912.2109375,65218.53515625,78991.3203125,5958.7109375,2956649.75,444538.5,0.1165554970502853,0.2328161001205444,0.0004581843095365,7.930354595184326,2.1721420288085938
137,1024,0.002,64,MCN,92672.0,180546,0.5832901,0.5504684779304054,0.5,0.4860120021822149,0.5759619637328616,0.5,38407572.0,13994.9306640625,35509.93359375,12914.880859375,40912.03125,11207.8583984375,67648.6796875,64199.68359375,59816.0859375,13246.0712890625,8868.2060546875,42876.33984375,22424.283203125,2966928.0,451226.0625,0.2650576531887054,0.2659609615802765,0.0194152984768152,22.20762062072754,6.764783382415772
138,1024,0.002,64,SCARF,184576.0,180546,0.8546489,0.5086924076172576,0.5102056327906912,,,,,,,,,,,,,,,,,,,,,,,
139,1024,0.002,64,SUBTAB,123136.0,180546,0.52185494,0.5790781072938835,0.5012886597938144,,,,,,,,,,,,,,,,,,,,,,,
140,1024,0.002,128,CLIP,336129.0,713346,0.8711884,0.5811164699704265,0.5501955446228683,0.6554500818330605,0.6753869969040247,0.7851079043161726,37987372.0,28335.62109375,62220.4765625,101349.40625,374697.9375,146464.0,1188004.125,1081850.75,161748.96875,14359.529296875,114306.4921875,11819.5126953125,26683.017578125,438293568.0,29804154.0,0.1624140739440918,0.3226053714752197,0.0010505176614969,13.26149845123291,13.32851505279541
141,1024,0.002,128,CONTROL,,713346,,,0.4868957463862248,,,,,,,,,,,,,,,,,,,,,,,
142,1024,0.002,128,GMC,1082240.0,746370,0.9119114,0.5621044194466709,0.5095388463558221,0.5,0.5319475158484446,0.5,38205964.0,30765.255859375,37123.58984375,92030.296875,108823.296875,38839.11328125,402401.125,248178.5,199481.5625,22970.765625,74815.265625,36235.2265625,26857.439453125,2966928.0,450565.71875,0.1512514948844909,0.2067965716123581,0.0290268678218126,10.888304710388184,4.982917308807373
143,1024,0.002,128,ICEH,385665.0,762882,0.35661983,0.5303474199165308,0.5025773195876289,0.4983633387888707,0.6285382574082264,0.5,43195900.0,1826.0880126953125,100723.109375,6653.17333984375,11543.54296875,181473.21875,499579.46875,290800.59375,75442.2421875,472886.15625,8333.6328125,104671.015625,4268.7197265625,2956816.75,15974214.0,0.114065982401371,0.1821424216032028,0.0006590085104107,7.775295734405518,3.477004051208496
144,1024,0.002,128,MCN,349184.0,713346,0.41622695,0.5553121804261906,0.5080947182222714,0.502454991816694,0.5,0.5762805512220489,38461964.0,28260.62109375,39780.140625,19388.66796875,177423.796875,28686.34765625,82155.265625,1184105.75,280645.46875,13513.255859375,13302.908203125,42872.0859375,26877.35546875,2966928.0,451330.8125,0.1992885619401931,0.529125452041626,0.0583217181265354,22.413928985595703,6.71484899520874
145,1024,0.002,128,SCARF,729600.0,713346,0.80899316,0.5330422044719605,0.5040007186092148,,,,,,,,,,,,,,,,,,,,,,,
146,1024,0.002,128,SUBTAB,483840.0,713346,0.49469694,0.5529421519582101,0.5073761090074901,,,,,,,,,,,,,,,,,,,,,,,
147,1024,0.003,32,CLIP,22593.0,46242,0.45151708,0.5644364445427158,0.5468823415604875,0.7940752864157119,0.7265037593984962,0.7819877795111805,34083024.0,34655.62109375,89092.796875,222238.28125,140560.171875,102905.765625,1239082.0,942267.375,160517.328125,11676.6552734375,7208.68603515625,926798.0625,193811.265625,2955191.25,443793.1875,0.2336400151252746,0.148982897400856,0.0328845605254173,17.124835968017578,5.821287631988525
148,1024,0.003,32,CONTROL,,46242,,,0.5408328957187474,,,,,,,,,,,,,,,,,,,,,,,
149,1024,0.003,32,GMC,1069856.0,380418,0.906997,0.5379377297476576,0.5,0.5025150027277687,0.5052742149491376,0.5,36799472.0,31222.75390625,47321.59765625,58849.1875,78698.6640625,68613.6171875,285626.15625,673405.375,205154.359375,10009.033203125,35275.22265625,48855.453125,24331.87890625,2966928.0,450602.8125,0.1549596935510635,0.2626980543136596,0.0360344983637332,9.110381126403809,4.218133926391602
150,1024,0.003,32,ICEH,373281.0,396930,0.8644508,0.5087131367292226,0.5,0.5084833606110202,0.6177392009435353,0.5,39034260.0,4570.10009765625,51051.43359375,107831.0859375,382299.09375,182630.640625,437807.1875,160442.4375,300588.375,53001.90625,344281.46875,390545.15625,6590.5595703125,3077583.5,26024094.0,0.1195596233010292,0.2556112408638,0.0005124059971421,7.79500675201416,4.073587417602539
151,1024,0.003,32,MCN,25856.0,46242,0.30356818,0.5512976424089991,0.5013335728697382,0.5,0.493328910511573,0.4967498699947997,38375800.0,27487.412109375,23857.072265625,26514.07421875,40912.03125,12332.828125,73569.4921875,58519.84375,195911.734375,9501.7490234375,9169.8291015625,36345.8671875,26877.35546875,2964880.75,447911.8125,0.1691503971815109,0.2999205589294433,0.0012579703470692,19.486202239990234,4.985545158386231
152,1024,0.003,32,SCARF,47232.0,46242,0.7602321,0.5440251789613333,0.5,,,,,,,,,,,,,,,,,,,,,,,
153,1024,0.003,32,SUBTAB,31872.0,46242,0.520202,0.5768117243857274,0.5,,,,,,,,,,,,,,,,,,,,,,,
154,1024,0.003,64,CLIP,86145.0,180546,0.8699921,0.5606222879411846,0.4904300599762306,0.7344408074195308,0.7320802005012531,0.6534646385855434,38593008.0,26144.123046875,102299.6875,26838.96484375,9713.8935546875,75896.9375,1246730.5,766860.8125,148307.46875,7716.5400390625,52621.29296875,10003.62109375,2997.964599609375,319586816.0,33441568.0,0.0942038372159004,0.1595226526260376,0.0097225997596979,13.139290809631348,13.989487648010254
155,1024,0.003,64,CONTROL,,180546,,,0.5007324286227578,,,,,,,,,,,,,,,,,,,,,,,
156,1024,0.003,64,GMC,1073984.0,455298,0.9189179,0.5315773472264448,0.5056728669743789,0.5,0.5175549167035235,0.5,30713856.0,28619.568359375,42396.1015625,58351.37890625,171304.125,67757.1015625,421169.96875,605946.0,254852.1875,371828.3125,11182.3388671875,51887.8828125,60652.4453125,2966928.0,451117.28125,0.1789315938949585,0.2870352566242218,0.0356549136340618,12.310118675231934,4.0591325759887695
157,1024,0.003,64,ICEH,377409.0,471810,0.39859033,0.5257248279483707,0.5024218512478925,0.5335733769776323,0.6031660032434026,0.5,38673072.0,9098.12890625,50095.265625,4413.341796875,8311.072265625,213355.625,558057.5,175047.453125,102619.5390625,543506.5,72412.7734375,214337.390625,5270.32958984375,2960684.0,15122417.0,0.1181957200169563,0.2016609162092209,0.00045456958469,8.955322265625,3.3955321311950684
158,1024,0.003,64,MCN,92672.0,180546,0.42146912,0.5520162516237804,0.5126274840385838,0.4983633387888707,0.4922563762347044,0.5158866354654187,38417652.0,24981.4140625,30220.0,26514.07421875,40912.03125,29150.060546875,83971.4296875,1331758.0,72087.0234375,11122.578125,12782.658203125,42876.33984375,26863.322265625,2966928.0,451330.8125,1.7192684412002563,0.7255734205245972,0.0022869620006531,12.391590118408203,6.704336166381836
159,1024,0.003,64,SCARF,184576.0,180546,0.8584421,0.5217033802271911,0.5382106630551947,,,,,,,,,,,,,,,,,,,,,,,
160,1024,0.003,64,SUBTAB,123136.0,180546,0.527348,0.5766044332660789,0.5,,,,,,,,,,,,,,,,,,,,,,,
161,1024,0.003,128,CLIP,336129.0,713346,0.47149265,0.5736125314391531,0.5,0.7821603927986907,0.7289510541058528,0.7788676547061882,38290644.0,24646.06640625,86525.1875,81718.9140625,12810.1318359375,213159.765625,1232121.625,681439.9375,177896.984375,29426.791015625,30284.951171875,9854.8212890625,39918.38671875,255228080.0,59083944.0,0.1049380004405975,0.3110325038433075,0.0073562804609537,13.902759552001951,8.54796314239502
162,1024,0.003,128,CONTROL,,713346,,,0.5299673861971753,,,,,,,,,,,,,,,,,,,,,,,
163,1024,0.003,128,GMC,1082240.0,746370,0.89987665,0.5455971366186673,0.5478980680467649,0.5033333333333333,0.5252764263600177,0.5,31177426.0,27495.05859375,44705.0,26985.62109375,50399.0078125,83478.9296875,362136.3125,558192.5,223564.875,468081.625,325169.96875,147239.4375,18626.853515625,2966928.0,449704.875,0.2189858853816986,0.2275120764970779,0.0376131162047386,10.14586067199707,6.4349541664123535
164,1024,0.003,128,ICEH,385665.0,762882,0.4061159,0.5077285039108925,0.5381657499792709,0.5025750136388435,0.6628409258440218,0.5,38282108.0,4064.787109375,25213.802734375,9172.0419921875,316267.84375,108835.09375,83604.1328125,389516.125,239965.375,52558.27734375,299791.78125,13430.693359375,56672.71484375,2956634.25,443465.71875,0.1153058186173439,0.252723753452301,0.0005694542196579,7.906701564788818,4.069645404815674
165,1024,0.003,128,MCN,349184.0,713346,0.47629493,0.5634587214283739,0.4974745031922832,0.519721767594108,0.5365841073271413,0.5094773790951638,35842008.0,30886.560546875,29591.40625,26514.07421875,665588.8125,29150.060546875,104887.1484375,99458.3671875,69958.3203125,11726.8046875,10935.951171875,684404.8125,26858.970703125,2966928.0,451330.8125,0.778060793876648,0.484660804271698,0.0169770866632461,16.11695098876953,7.437582015991211
166,1024,0.003,128,SCARF,729600.0,713346,0.91369355,0.5428643486913021,0.4987113402061855,,,,,,,,,,,,,,,,,,,,,,,
167,1024,0.003,128,SUBTAB,483840.0,713346,0.7506468,0.5696947292777977,0.5463122909814544,,,,,,,,,,,,,,,,,,,,,,,
168,1024,0.005,32,CLIP,22593.0,46242,0.6326995,0.5886169536497057,0.4976230618280313,0.7942935079105292,0.6558491817779744,0.7595358814352574,38297496.0,29407.26953125,57138.109375,3509.419189453125,70553.5859375,217715.71875,1238521.125,1486216.875,223937.78125,31419.671875,52717.06640625,7278.228515625,12600.6533203125,2950755.0,5329854.0,0.1762392520904541,0.2986330091953277,0.0092706149443984,10.668856620788574,17.05650520324707
169,1024,0.005,32,CONTROL,,46242,,,0.5,,,,,,,,,,,,,,,,,,,,,,,
170,1024,0.005,32,GMC,1069856.0,380418,0.9130557,0.5546177551753683,0.5524895663469777,0.5033333333333333,0.5165044965354563,0.5,31431138.0,33978.06640625,43767.40234375,42804.55078125,155473.078125,77508.7734375,393931.59375,183029.53125,233901.671875,51403.6171875,434853.21875,190923.0625,81131.9921875,2966928.0,451187.8125,0.1542131602764129,0.2704699337482452,0.0415512882173061,19.930355072021484,21.33639907836914
171,1024,0.005,32,ICEH,373281.0,396930,0.73997855,0.5096908598435643,0.5,0.6209219858156028,0.6565384048356184,0.5,40740728.0,11598.1904296875,59464.1640625,149892.90625,11785.9052734375,214035.9375,1001364.875,764761.3125,414151.21875,52224.7265625,473534.03125,11851.830078125,193060.03125,2958967.75,444928.53125,0.1297024637460708,0.2528871297836303,0.0004994238261133,8.595269203186035,4.069645404815674
172,1024,0.005,32,MCN,25856.0,46242,0.28645715,0.5240215859152594,0.4974226804123711,0.5025968357883251,0.5161469851098334,0.503165626625065,38340408.0,20506.078125,25035.453125,26514.07421875,40912.03125,29150.060546875,81991.0546875,1071556.5,77654.109375,11334.7080078125,12411.97265625,42876.33984375,122276.796875,2966928.0,451330.8125,0.1630174666643142,0.3689874708652496,0.0748548284173011,22.67279815673828,6.764783382415772
173,1024,0.005,32,SCARF,47232.0,46242,0.88121545,0.5555574749177745,0.5000518227799121,,,,,,,,,,,,,,,,,,,,,,,
174,1024,0.005,32,SUBTAB,31872.0,46242,0.4817901,0.5633032530886377,0.5012886597938144,,,,,,,,,,,,,,,,,,,,,,,
175,1024,0.005,64,CLIP,86145.0,180546,0.86556786,0.5801594759680495,0.5006218733589453,0.8024986361156574,0.7314315199764116,0.7172776911076444,37247136.0,20272.455078125,71044.4453125,3131.91455078125,6885.6162109375,164726.75,1180032.125,914115.8125,141829.0,21156.076171875,171829.90625,9883.5849609375,7948.13671875,345411328.0,46357408.0,0.216271236538887,0.1862418353557586,0.0006406418397091,20.520368576049805,5.641261577606201
176,1024,0.005,64,CONTROL,,180546,,,0.5,,,,,,,,,,,,,,,,,,,,,,,
177,1024,0.005,64,GMC,1073984.0,455298,0.91727364,0.5135948425969432,0.4977819850197617,0.5,0.5028158631873803,0.5,31370010.0,26053.138671875,47770.81640625,78466.1953125,266238.09375,67408.421875,458028.25,757567.25,198282.109375,367787.78125,326899.1875,251238.140625,82195.7421875,2966928.0,451259.03125,0.3127129673957824,0.3594298660755157,0.0394339226186275,10.967148780822754,22.760841369628903
178,1024,0.005,64,ICEH,377409.0,471810,0.84796566,0.5214442663276305,0.5012886597938144,0.57379705400982,0.6281807459826036,0.5,39006564.0,17824.923828125,40417.43359375,140170.578125,608653.3125,97700.1015625,526934.75,98526.1640625,196631.953125,114710.5625,343873.4375,857302.125,131655.921875,3946057.0,443460.0,0.234825387597084,0.2097374945878982,0.0009535722783766,24.46649169921875,5.237844944000244
179,1024,0.005,64,MCN,92672.0,180546,0.7564422,0.5584077278129405,0.5,0.4853518821603927,0.4195230723868495,0.5067927717108685,38809260.0,23170.90234375,30323.337890625,43216.53515625,406222.34375,29150.060546875,79974.140625,97641.9375,74134.828125,13137.7158203125,12487.962890625,42876.33984375,28938.296875,2966928.0,451330.8125,0.2438053339719772,0.9610540866851808,0.0076568629592657,18.45466423034668,10.128777503967283
180,1024,0.005,64,SCARF,184576.0,180546,0.88745797,0.5320644813576186,0.4986595174262734,,,,,,,,,,,,,,,,,,,,,,,
181,1024,0.005,64,SUBTAB,123136.0,180546,0.50017405,0.5540753434122883,0.5000518227799121,,,,,,,,,,,,,,,,,,,,,,,
182,1024,0.005,128,CLIP,336129.0,713346,0.85039127,0.5816036041016003,0.5,0.7989252591380251,0.7450058970956803,0.7453458138325533,38745112.0,25527.93359375,71759.25,33486.51953125,14014.5888671875,207452.484375,548954.75,820123.0625,494091.90625,20341.515625,29747.38671875,9926.2197265625,5313.64794921875,154852544.0,54179336.0,0.1479101926088333,0.1824234127998352,0.0039863851852715,14.745072364807127,7.424441337585449
183,1024,0.005,128,CONTROL,,713346,,,0.5,,,,,,,,,,,,,,,,,,,,,,,
184,1024,0.005,128,GMC,1082240.0,746370,0.59686893,0.5277839197368785,0.5792335756336199,0.5,0.5,0.5,35897192.0,30369.23046875,24527.4375,35883.1640625,49735.484375,15505.2470703125,73718.84375,80090.109375,66981.984375,11556.7841796875,9582.2724609375,64017.77734375,17824.8046875,2966928.0,451330.8125,0.1400902271270752,0.1992826461791992,0.0011243290500715,13.094612121582031,4.114323139190674
185,1024,0.005,128,ICEH,385665.0,762882,0.7105525,0.5334878803792046,0.5013404825737265,0.6357119476268412,0.6452086097596934,0.5,37664496.0,4346.23388671875,32428.578125,113004.4453125,71372.6640625,213735.96875,593778.375,380162.09375,296175.25,52764.6796875,444897.5625,164191.59375,10486.44921875,2959596.5,444589.34375,0.1173248514533042,0.2397670298814773,0.0004959339275956,8.67936897277832,2.718791007995605
186,1024,0.005,128,MCN,349184.0,713346,0.491111,0.5577340316740831,0.5,0.5045717403164212,0.564952823234557,0.4923101924076963,37135904.0,13837.0498046875,30323.337890625,26514.07421875,30224.173828125,159738.140625,701314.0,1469766.125,78161.4921875,13234.0556640625,11622.376953125,42784.4609375,26877.35546875,2966928.0,451330.8125,0.778700053691864,0.4242561757564544,0.0492441691458225,15.529566764831545,5.074901580810547
187,1024,0.005,128,SCARF,729600.0,713346,0.86324316,0.531162764987148,0.4936534368867638,,,,,,,,,,,,,,,,,,,,,,,
188,1024,0.005,128,SUBTAB,483840.0,713346,0.79210234,0.5960379757331196,0.5025773195876289,,,,,,,,,,,,,,,,,,,,,,,
189,1024,0.007,32,CLIP,22593.0,46242,0.5550317,0.5896983223238716,0.5,0.7917403164211675,0.7372954444935869,0.7788676547061882,39812336.0,36364.52734375,30861.587890625,6361.16796875,6255.912109375,197646.546875,753493.0,1106391.5,151619.609375,7327.92919921875,233917.890625,10106.7490234375,3265.853515625,212047664.0,75465736.0,0.1263348311185836,0.0938098952174186,0.0018393956124782,15.704336166381836,7.218133926391602
190,1024,0.007,32,CONTROL,,46242,,,0.5,,,,,,,,,,,,,,,,,,,,,,,
191,1024,0.007,32,GMC,1069856.0,380418,0.91675615,0.5144101876675603,0.5249820347696305,0.5,0.5056206693203598,0.5,29613370.0,29351.017578125,57698.0703125,16568.478515625,39470.23046875,80756.6953125,537324.5,670202.4375,223267.90625,18641.970703125,435609.09375,110135.5234375,21381.0546875,2966928.0,451187.8125,0.2166932523250579,1.1800166368484497,0.0411175079643726,20.872535705566406,21.783180236816406
192,1024,0.007,32,ICEH,373281.0,396930,0.885263,0.5430474558469915,0.5,0.5954173486088379,0.6205145215981129,0.5,38181216.0,11759.87109375,67178.8828125,109075.1328125,324550.34375,143417.609375,991713.375,1095702.5,377459.21875,711708.75,1058576.5,590949.5625,177123.765625,2914928.25,444132.90625,0.1723583340644836,0.2669665217399597,0.0005262559861876,11.969776153564451,7.695137977600098
193,1024,0.007,32,MCN,25856.0,46242,0.34845415,0.5512389099250988,0.5,0.5073049645390071,0.5233156420462922,0.5260010400416016,38713844.0,18269.92578125,28546.359375,52657.9765625,40912.03125,28993.4765625,76323.203125,90978.1875,78024.578125,763090.4375,11989.6396484375,42876.33984375,26877.35546875,2966928.0,451330.8125,0.1631987690925598,0.3645472228527069,0.0196724999696016,22.38239097595215,6.808146953582764
194,1024,0.007,32,SCARF,47232.0,46242,0.9113333,0.5387012520383627,0.5,,,,,,,,,,,,,,,,,,,,,,,
195,1024,0.007,32,SUBTAB,31872.0,46242,0.4923343,0.5423737597081342,0.5,,,,,,,,,,,,,,,,,,,,,,,
196,1024,0.007,64,CLIP,86145.0,180546,0.91025674,0.5401902932478373,0.5243325225947321,0.6662684124386252,0.7423042901371075,0.7791341653666146,23496640.0,24821.013671875,79888.84375,6600.72802734375,5735.40869140625,130408.0078125,613508.0625,424485.21875,166623.796875,9883.5615234375,98104.6796875,7168.66748046875,9595.2529296875,86678360.0,55340232.0,0.0971417799592018,0.1509749740362167,0.0059428848326206,20.515111923217773,8.421813011169434
197,1024,0.007,64,CONTROL,,180546,,,0.494347862137586,,,,,,,,,,,,,,,,,,,,,,,
198,1024,0.007,64,GMC,1073984.0,455298,0.5827801,0.5402110223598021,0.5024218512478925,0.5,0.5,0.5,26848570.0,23865.765625,29462.52734375,40289.41015625,50728.45703125,23021.203125,203112.3125,118737.4375,89046.2890625,12224.619140625,10196.7578125,37293.43359375,11770.8330078125,2964923.25,448393.875,2.775470733642578,1.9359952211380005,0.0162135176360607,14.30617618560791,16.124835968017578
199,1024,0.007,64,ICEH,377409.0,471810,0.3885308,0.5166523866117576,0.5328418230563003,0.5907201309328969,0.6472320507150229,0.5,39413016.0,7983.56884765625,49265.1875,88818.7578125,12061.0078125,196918.890625,1023273.6875,1323594.375,325323.875,52825.47265625,80983.8125,634927.4375,147419.75,2962265.75,53288884.0,0.1189216077327728,0.2015745043754577,0.0005002132966183,7.960577964782715,4.069645404815674
200,1024,0.007,64,MCN,92672.0,180546,0.49199793,0.5527866836184738,0.5,0.5,0.5097228365030223,0.531851274050962,38549120.0,23051.390625,25223.20703125,26514.07421875,40523.31640625,72568.390625,73930.734375,91978.625,363004.59375,29116.92578125,13278.8779296875,42780.78125,185720.8125,2966928.0,451330.8125,0.663255512714386,0.3647180199623108,0.0158352199941873,19.479631423950195,12.57687282562256
201,1024,0.007,64,SCARF,184576.0,180546,0.90691394,0.5365246952820542,0.5,,,,,,,,,,,,,,,,,,,,,,,
202,1024,0.007,64,SUBTAB,123136.0,180546,0.73029464,0.557067245239214,0.5,,,,,,,,,,,,,,,,,,,,,,,
203,1024,0.007,128,CLIP,336129.0,713346,0.544245,0.5946974931593931,0.5012886597938144,0.7910420076377522,0.6116209641751438,0.76899375975039,40038516.0,20255.7734375,28469.158203125,113283.828125,7733.7724609375,220582.265625,931396.3125,1179247.375,165471.953125,6921.0625,21694.017578125,101381.890625,14670.83984375,67800656.0,46270148.0,0.1046002954244613,0.1927828043699264,0.0009302544640377,16.496715545654297,9.448094367980955
204,1024,0.007,128,CONTROL,,713346,,,0.5,,,,,,,,,,,,,,,,,,,,,,,
205,1024,0.007,128,GMC,1082240.0,746370,0.90763754,0.5476320444432161,0.5484992122937453,0.5,0.5171974052779006,0.5,35997756.0,30897.07421875,44483.5390625,35549.734375,121270.2890625,24923.033203125,294581.1875,461607.34375,169961.75,244616.625,280270.8125,120266.4921875,39456.765625,2966928.0,451330.8125,3.2227511405944824,3.295361995697021,0.0353038348257541,29.402103424072266,19.92247009277344
206,1024,0.007,128,ICEH,385665.0,762882,0.67841804,0.5031819186866036,0.5380793786794174,0.5900490998363339,0.6511315052336724,0.5,40410872.0,13824.4130859375,42437.76953125,236235.265625,831395.5,39496.46875,393707.59375,240237.125,136472.6875,53288.9609375,68328.203125,1302616.0,236079.140625,7916925.5,601292.6875,0.2208251953125,0.2278634458780288,0.0019258857937529,22.925098419189453,9.521681785583496
207,1024,0.007,128,MCN,349184.0,713346,0.5036364,0.5485061219977336,0.5,0.5209001636661211,0.4191876750700279,0.5271125845033802,38872736.0,36557.046875,26260.736328125,187802.328125,40912.03125,28873.00390625,84801.6015625,73814.546875,316416.875,14249.8818359375,10320.064453125,42399.96875,29792.62109375,2966928.0,451330.8125,0.3336744010448456,1.2234132289886477,0.0057259094901382,18.229961395263672,6.775295734405518
208,1024,0.007,128,SCARF,729600.0,713346,0.820398,0.5674801691495537,0.4986076946463613,,,,,,,,,,,,,,,,,,,,,,,
209,1024,0.007,128,SUBTAB,483840.0,713346,0.72316813,0.5701093115170947,0.4999481772200879,,,,,,,,,,,,,,,,,,,,,,,
210,1024,0.01,32,CLIP,22593.0,46242,0.4875141,0.5827367955556784,0.5,0.7889852700490998,0.7438117352204039,0.7812077483099324,37403020.0,21543.001953125,58437.73046875,4089.3876953125,10474.5517578125,50259.859375,1489410.375,863301.4375,102790.453125,11329.5107421875,31743.443359375,12648.095703125,1926.44140625,375304096.0,15054016.0,0.117615208029747,0.1071383655071258,0.0017721585463732,15.110381126403809,9.459920883178713
211,1024,0.01,32,CONTROL,,46242,,,0.5,,,,,,,,,,,,,,,,,,,,,,,
212,1024,0.01,32,GMC,1069856.0,380418,0.59195334,0.5225843674856969,0.5,0.5,0.5,0.5,26920148.0,20599.556640625,23256.443359375,10579.1630859375,42853.921875,12225.201171875,102485.953125,76438.546875,64707.66015625,10908.5322265625,10293.765625,64988.84765625,12480.7421875,2966928.0,445123.03125,2.0722835063934326,0.98665052652359,0.0008662538020871,14.860709190368652,5.155059337615967
213,1024,0.01,32,ICEH,373281.0,396930,0.38782606,0.5138677759044803,0.5,0.5472231314784507,0.6444383016364441,0.5083333333333333,38582324.0,3347.436279296875,58036.4375,88659.0390625,10584.5322265625,162811.6875,601751.0625,830304.875,354019.15625,157086.375,68022.609375,387593.28125,17249.84765625,2960209.5,447158.375,0.121978260576725,0.2650691866874695,0.00051313592121,7.913271903991699,3.7989487648010254
214,1024,0.01,32,MCN,25856.0,46242,0.48324516,0.5620145932948233,0.5,0.4957883251500273,0.5042127377266696,0.5888520540821632,39485908.0,34563.8046875,25927.595703125,26514.07421875,40912.03125,24158.3125,1172865.375,225122.78125,71698.5625,10086.01953125,11351.333984375,42876.33984375,24086.685546875,2959137.25,445785.0625,0.345730721950531,0.3195760250091553,0.061905164271593,28.479631423950195,6.77398157119751
215,1024,0.01,32,SCARF,47232.0,46242,0.8855096,0.5141648931759764,0.5,,,,,,,,,,,,,,,,,,,,,,,
216,1024,0.01,32,SUBTAB,31872.0,46242,0.5079062,0.5833586689146237,0.5,,,,,,,,,,,,,,,,,,,,,,,
217,1024,0.01,64,CLIP,86145.0,180546,0.89466345,0.5760343826870458,0.5051546391752577,0.786050190943808,0.6620669320359722,0.7816822672906916,31635908.0,15063.7021484375,98772.46875,3152.643798828125,9163.3154296875,218275.90625,87886.5703125,835998.9375,182612.90625,10080.3212890625,95218.0390625,7924.478515625,2680.056884765625,210084848.0,86650048.0,0.1706441342830658,0.1650098860263824,0.0007231401395983,17.675426483154297,8.396845817565918
218,1024,0.01,64,CONTROL,,180546,,,0.5012886597938144,,,,,,,,,,,,,,,,,,,,,,,
219,1024,0.01,64,GMC,1073984.0,455298,0.60477924,0.5214442663276305,0.5,0.5,0.5,0.5,23036378.0,20435.34765625,23176.994140625,27697.087890625,28345.666015625,19812.34375,72333.53125,78285.9375,62695.84375,15120.9990234375,35319.4609375,45363.54296875,30967.462890625,2966928.0,451330.8125,6.616037845611572,1.6327496767044067,0.0035636145621538,20.46386337280273,5.399474143981934
220,1024,0.01,64,ICEH,377409.0,471810,0.40848255,0.5227847489013571,0.5,0.5871085651936716,0.6500368568480024,0.5,39000380.0,3342.601806640625,29302.44921875,42586.5234375,10878.0771484375,35667.890625,592611.0,1106129.0,192276.15625,52168.81640625,51977.56640625,13325.240234375,173632.75,2964520.75,443491.15625,0.1222040653228759,0.2237587720155716,0.0005067958845756,8.801576614379883,3.572930335998535
221,1024,0.01,64,MCN,92672.0,180546,0.42799348,0.5640080428954424,0.5,0.5261483906164757,0.480672268907563,0.504433177327093,38555292.0,38629.2734375,17839.15625,26514.07421875,34117.7265625,16456.708984375,62346.671875,315194.1875,69686.046875,10098.5634765625,10555.71875,42876.33984375,26877.35546875,2949663.0,444588.40625,0.4905376136302948,4.085040092468262,0.0748173594474792,26.031538009643555,6.875164031982422
222,1024,0.01,64,SCARF,184576.0,180546,0.7418791,0.5174089991984743,0.5,,,,,,,,,,,,,,,,,,,,,,,
223,1024,0.01,64,SUBTAB,123136.0,180546,0.47603732,0.5488688814571183,0.5,,,,,,,,,,,,,,,,,,,,,,,
224,1024,0.01,128,CLIP,336129.0,713346,0.5343531,0.5873282938558912,0.5037623338216191,0.7805837424986362,0.763109980834439,0.776527561102444,40701832.0,36698.87109375,93140.1171875,203377.265625,641900.0,213272.078125,833869.5625,1007419.5625,164781.6875,10438.5478515625,16276.744140625,907140.5625,203278.375,128594208.0,26945792.0,0.1911019384860992,0.1636557728052139,0.0315018408000469,11.89881706237793,6.420499324798584
225,1024,0.01,128,CONTROL,,713346,,,0.5,,,,,,,,,,,,,,,,,,,,,,,
226,1024,0.01,128,GMC,1082240.0,746370,0.6054926,0.5191260606395622,0.5381381111633178,0.5,0.5,0.5,29578212.0,24295.580078125,24841.87890625,30992.49609375,119466.34375,22303.921875,64496.36328125,85262.46875,72701.90625,24021.640625,20054.76953125,37619.86328125,31332.373046875,2966928.0,448433.875,1.1273757219314575,1.5543255805969238,0.0020196305122226,13.646517753601074,6.044678211212158
227,1024,0.01,128,ICEH,385665.0,762882,0.39704138,0.5521060777756281,0.5012886597938144,0.607670485542826,0.6489864366799352,0.5041666666666667,39806368.0,21591.154296875,24694.380859375,161946.515625,9615.5146484375,159726.65625,554380.0,656106.5625,302338.65625,51345.59765625,59820.07421875,71772.125,58544.3359375,20405924.0,444443.15625,0.1205088123679161,0.2810079455375671,0.0005187165224924,9.339027404785156,2.936925172805786
228,1024,0.01,128,MCN,349184.0,713346,0.4863598,0.5543344573118487,0.5012886597938144,0.5180469176213858,0.5087719298245614,0.545358814352574,38852588.0,21922.474609375,24527.4375,19024.875,40526.7265625,14656.6767578125,73815.96875,66887.21875,69482.125,10968.658203125,11886.0234375,79161.7578125,26877.35546875,2954777.5,451331.875,0.2756356000900268,0.5813833475112915,0.0090355928987264,19.69119644165039,12.568987846374512
229,1024,0.01,128,SCARF,729600.0,713346,0.88406354,0.5492696442884387,0.5012886597938144,,,,,,,,,,,,,,,,,,,,,,,
230,1024,0.01,128,SUBTAB,483840.0,713346,0.43960208,0.5605497360493077,0.5,,,,,,,,,,,,,,,,,,,,,,,
