,batch_size,learning_rate,latent_dim,model_type,embedder_params,predictor_params,kmeans_perf,knn_perf,predictor_perf,ExternalRiskEstimate,MSinceOldestTradeOpen,MSinceMostRecentTradeOpen,AverageMInFile,NumSatisfactoryTrades,NumTrades60Ever2DerogPubRec,NumTrades90Ever2DerogPubRec,PercentTradesNeverDelq,MSinceMostRecentDelq,MaxDelq2PublicRecLast12M,NumTotalTrades,NumTradesOpeninLast12M,PercentInstallTrades,MSinceMostRecentInqexcl7days,NumInqLast6M,NumInqLast6Mexcl7days,NetFractionRevolvingBurden,NetFractionInstallBurden,NumRevolvingTradesWBalance,NumInstallTradesWBalance,NumBank2NatlTradesWHighUtilization,PercentTradesWBalance
0,1024,0.0001,32,CLIP,24641.0,47266,0.29552203,0.6615696676548604,0.6887569963712887,1103.863037109375,126189.5234375,19775.8203125,8533.2861328125,2690.195068359375,1.093000054359436,40.13999938964844,2011.4449462890625,515.4299926757812,4.081999778747559,885.3610229492188,4.526999950408936,3486.382080078125,38.09400177001953,2.2780001163482666,61.98600006103516,5143.7021484375,7059.7587890625,158.47000122070312,83.20600128173828,48.76100158691406,3290.739013671875
1,1024,0.0001,32,CONTROL,,47266,,,0.6920796476109317,,,,,,,,,,,,,,,,,,,,,,
2,1024,0.0001,32,GMC,1119008.0,412162,0.19178128,0.6678568999523906,0.6939960232205512,331.9079895019531,55881.87890625,128.97999572753906,6739.47998046875,118.2229995727539,1.2640000581741333,0.7379999756813049,547.5900268554688,408.8200073242188,2.539999961853028,167.97300720214844,2.845000028610229,360.8550109863281,28.41900062561035,3.059000015258789,2.901000022888184,798.8049926757812,2303.9169921875,9.744000434875488,11.199999809265137,5.083000183105469,830.0759887695312
3,1024,0.0001,32,ICEH,406049.0,428674,0.14943187,0.6681029481778429,0.6917995927201732,1062.989013671875,52532.4296875,140.7729949951172,2651.489013671875,72.0739974975586,1.003999948501587,0.5220000147819519,7950.41796875,420.4679870605469,1.9880000352859497,100.44400024414062,2.552000045776367,620.0239868164062,41.93600082397461,1.6260000467300415,1.843000054359436,1030.3690185546875,2992.455078125,5.671999931335449,9.06999969482422,4.14900016784668,1927.2349853515625
4,1024,0.0001,32,MCN,27904.0,47266,0.26353467,0.6650043408508067,0.6886169689259094,525.1270141601562,46700.3671875,152.5780029296875,6835.14990234375,770.5570068359375,1.4110000133514404,0.781000018119812,200.8179931640625,553.531982421875,12.369000434875488,1629.6070556640625,50.619998931884766,3103.81298828125,48.42499923706055,3.321000099182129,3.078000068664551,1634.780029296875,6680.96923828125,28.160999298095703,12.498000144958496,7.110000133514404,3037.781005859375
5,1024,0.0001,32,SCARF,48256.0,47266,0.2165228,0.6384051274049714,0.687602770142948,,,,,,,,,,,,,,,,,,,,,,
6,1024,0.0001,32,SUBTAB,33920.0,47266,0.30842462,0.6885329524586818,0.6995491116258786,,,,,,,,,,,,,,,,,,,,,,
7,1024,0.0001,64,CLIP,94337.0,184642,0.32976174,0.658213009749911,0.6936319518625651,635.7559814453125,50193.59375,3637.66796875,7236.23486328125,1408.9720458984375,2.138999938964844,0.9710000157356262,1691.906982421875,433.9819946289063,5.1479997634887695,670.531982421875,6.396999835968018,1093.7860107421875,166.63099670410156,0.6650000214576721,36.124000549316406,2472.137939453125,3246.721923828125,23.489999771118164,102.26799774169922,20.33699989318848,1597.050048828125
8,1024,0.0001,64,CONTROL,,184642,,,0.6847562122175946,,,,,,,,,,,,,,,,,,,,,,
9,1024,0.0001,64,GMC,1123136.0,483970,0.19386722,0.6484971054326648,0.6969826085912839,320.5820007324219,69104.328125,129.7550048828125,4764.97021484375,131.2310028076172,1.3200000524520874,0.7379999756813049,490.6059875488281,496.0559997558594,1.972000002861023,175.45799255371094,2.726999998092652,758.6890258789062,30.68099975585937,3.203000068664551,3.0380001068115234,1058.5560302734375,1683.675048828125,9.927000045776367,11.361000061035156,5.059000015258789,1179.68701171875
10,1024,0.0001,64,ICEH,410177.0,500482,0.17805658,0.6735720201159427,0.690925421382591,1105.14697265625,33374.8203125,164.86300659179688,1905.488037109375,47.20199966430664,1.3619999885559082,0.915000021457672,8147.6181640625,409.1600036621094,2.174999952316284,65.54900360107422,8.01200008392334,967.4290161132812,39.01399993896485,1.065000057220459,1.125,481.4089965820313,3089.56298828125,8.072999954223633,8.904000282287598,4.515999794006348,1813.4200439453125
11,1024,0.0001,64,MCN,100864.0,184642,0.33996984,0.6640741585350729,0.6746362287008254,520.0150146484375,49157.8125,158.92599487304688,8511.642578125,128.8520050048828,1.406000018119812,0.7319999933242798,200.8179931640625,400.7049865722656,2.4119999408721924,255.9739990234375,5.921999931335449,812.8289794921875,31.32099914550781,5.038000106811523,4.7829999923706055,1576.56396484375,2891.56591796875,10.663000106811523,306.8970031738281,5.718999862670898,1541.60205078125
12,1024,0.0001,64,SCARF,188672.0,184642,0.22808841,0.6659065176774648,0.6899112225996296,,,,,,,,,,,,,,,,,,,,,,
13,1024,0.0001,64,SUBTAB,131328.0,184642,0.291384,0.6741661365627662,0.6826437981844442,,,,,,,,,,,,,,,,,,,,,,
14,1024,0.0001,128,CLIP,368897.0,729730,0.38295075,0.673544014626867,0.6783849634528367,436.89599609375,47397.90625,80.21900177001953,12481.0703125,748.9149780273438,0.9359999895095824,0.9670000076293944,1189.9830322265625,920.9710083007812,1.2699999809265137,1434.0450439453125,5.912000179290772,2554.069091796875,127.18099975585938,0.101000003516674,0.2259999960660934,2052.118896484375,3308.68408203125,27.55500030517578,21.70199966430664,5.538000106811523,1575.1490478515625
15,1024,0.0001,128,CONTROL,,729730,,,0.6726078311349024,,,,,,,,,,,,,,,,,,,,,,
16,1024,0.0001,128,GMC,1131392.0,762754,0.28380403,0.6624718444815184,0.6972126536801213,280.15301513671875,40311.55859375,133.97900390625,1299.64697265625,124.47100067138672,1.1929999589920044,0.7350000143051147,522.5989990234375,4569.44677734375,2.5360000133514404,225.4219970703125,3.003000020980835,1156.843017578125,31.60400009155273,3.2170000076293945,3.0429999828338623,1166.907958984375,2967.885009765625,10.37600040435791,11.303000450134276,5.09499979019165,1056.7669677734375
17,1024,0.0001,128,ICEH,418433.0,779266,0.13939321,0.6661085572772263,0.6927857860140587,1099.0030517578125,48996.83984375,132.70399475097656,3933.035888671875,84.0510025024414,0.9670000076293944,0.7170000076293945,7379.8818359375,433.6820068359375,3.974999904632568,145.99000549316406,9.734999656677246,600.5419921875,37.21900177001953,1.128000020980835,1.0789999961853027,453.9809875488281,3254.54296875,5.189000129699707,13.43299961090088,3.0999999046325684,1744.751953125
18,1024,0.0001,128,MCN,381952.0,729730,0.31305748,0.6517577445179256,0.6775668030934063,960.6060180664062,41626.7421875,155.2899932861328,2607.64990234375,289.7909851074219,1.4570000171661377,0.8140000104904175,375.8469848632813,488.35400390625,4.34499979019165,394.7019958496094,3.1470000743865967,1137.9759521484375,28.982999801635746,4.813000202178955,4.807000160217285,1333.404052734375,4421.59716796875,10.869999885559082,9.875,5.919000148773193,726.333984375
19,1024,0.0001,128,SCARF,745984.0,729730,0.17799753,0.6636540761989349,0.6898552116214778,,,,,,,,,,,,,,,,,,,,,,
20,1024,0.0001,128,SUBTAB,516608.0,729730,0.32447407,0.6608855335645787,0.6685230305139808,,,,,,,,,,,,,,,,,,,,,,
21,1024,0.0002,32,CLIP,24641.0,47266,0.35361072,0.6725858268220571,0.6755384055274833,1099.0030517578125,44819.0,7978.93017578125,23981.587890625,1184.177001953125,0.6000000238418579,27.812000274658203,4494.47314453125,551.4630126953125,5.815000057220459,3019.594970703125,20.00900077819824,2139.4970703125,128.6529998779297,3.138000011444092,14.628000259399414,3894.447998046875,7124.89013671875,196.06399536132807,11.008000373840332,20.44099998474121,1931.8759765625
22,1024,0.0002,32,CONTROL,,47266,,,0.6918556036983249,,,,,,,,,,,,,,,,,,,,,,
23,1024,0.0002,32,GMC,1119008.0,412162,0.17636326,0.665576452984785,0.6908133994262875,299.4649963378906,35433.2578125,123.54100036621094,1184.43603515625,110.62100219726562,1.4290000200271606,0.7829999923706055,917.1160278320312,359.4440002441406,2.5290000438690186,158.75900268554688,2.757999897003174,331.65899658203125,29.604999542236328,3.0199999809265137,2.98799991607666,727.1259765625,1965.6219482421875,9.673999786376951,11.37399959564209,5.099999904632568,699.6909790039062
24,1024,0.0002,32,ICEH,406049.0,428674,0.101505205,0.6788170481414357,0.691631559785718,213.5110015869141,51089.51171875,191.3390045166016,1826.197998046875,53.57500076293945,1.3240000009536743,0.9380000233650208,4856.69287109375,439.6799926757813,1.7940000295639038,61.845001220703125,3.3550000190734863,566.7860107421875,55.98400115966797,1.8739999532699585,2.1640000343322754,433.6960144042969,3302.962890625,4.126999855041504,15.029999732971191,3.753999948501587,1183.509033203125
25,1024,0.0002,32,MCN,27904.0,47266,0.33576173,0.6418958115790695,0.6897992006433261,533.7310180664062,43074.63671875,160.83200073242188,6603.47216796875,1565.52099609375,1.7599999904632568,0.9520000219345092,200.8179931640625,435.47698974609375,15.694000244140623,384.5639953613281,3.134999990463257,540.801025390625,30.481000900268555,3.2330000400543213,3.0290000438690186,1464.08203125,2956.721923828125,59.277000427246094,14.392000198364258,12.781999588012695,1563.1400146484375
26,1024,0.0002,32,SCARF,48256.0,47266,0.24373703,0.6581289932826834,0.6677328756436262,,,,,,,,,,,,,,,,,,,,,,
27,1024,0.0002,32,SUBTAB,33920.0,47266,0.41904914,0.6505815139767395,0.6867566042944417,,,,,,,,,,,,,,,,,,,,,,
28,1024,0.0002,64,CLIP,94337.0,184642,0.30667192,0.6717616652863961,0.6806994170857488,441.2699890136719,44320.1640625,73.80999755859375,13514.0576171875,2052.3779296875,17.211999893188477,2.052999973297119,304.1940002441406,969.4169921875,3.3910000324249268,2488.576904296875,2.6470000743865967,1687.3399658203125,166.593994140625,1.5700000524520874,1.2549999952316284,2281.3291015625,3302.27001953125,49.00600051879883,13.298999786376951,14.135000228881836,1447.5849609375
29,1024,0.0002,64,CONTROL,,184642,,,0.6919116146764765,,,,,,,,,,,,,,,,,,,,,,
30,1024,0.0002,64,GMC,1123136.0,483970,0.21054068,0.6373069121547823,0.6880508579681618,570.9429931640625,55347.97265625,124.26699829101562,5095.2998046875,111.3010025024414,1.4479999542236328,0.7829999923706055,1104.43505859375,836.0910034179688,2.486999988555908,161.00399780273438,2.749000072479248,374.2990112304688,28.761999130249023,3.20199990272522,3.032999992370605,776.656982421875,3174.02099609375,9.8149995803833,11.137999534606934,5.098999977111816,728.4509887695312
31,1024,0.0002,64,ICEH,410177.0,500482,0.040334906,0.6614016347204053,0.687120675652428,373.33599853515625,34457.13671875,262.3609924316406,1219.4119873046875,63.0359992980957,1.4140000343322754,1.975000023841858,8143.2431640625,415.2990112304688,6.947999954223633,99.18099975585938,4.416999816894531,692.7459716796875,55.41400146484375,0.5730000138282776,0.6359999775886536,817.155029296875,3118.743896484375,6.245999813079834,9.354000091552734,5.359000205993652,1205.79296875
32,1024,0.0002,64,MCN,100864.0,184642,0.33605587,0.6620457609691499,0.6889530347948198,522.9310302734375,44720.74609375,148.24600219726562,6103.31494140625,166.08700561523438,1.434999942779541,0.7360000014305115,200.8179931640625,400.87200927734375,2.907999992370605,290.06201171875,3.822000026702881,499.8500061035156,29.46299934387207,3.388999938964844,3.174999952316284,1491.052978515625,2863.68798828125,10.720999717712402,11.493000030517578,5.046999931335449,1021.3410034179688
33,1024,0.0002,64,SCARF,188672.0,184642,0.20203643,0.6492812591267889,0.6814275598017212,,,,,,,,,,,,,,,,,,,,,,
34,1024,0.0002,64,SUBTAB,131328.0,184642,0.32321638,0.6710895335485755,0.6866725878272142,,,,,,,,,,,,,,,,,,,,,,
35,1024,0.0002,128,CLIP,368897.0,729730,0.38154265,0.680251329260535,0.6685510360030567,399.9219970703125,60144.8984375,79.14600372314453,15309.9697265625,395.8030090332031,0.4129999876022339,0.2639999985694885,1364.7669677734375,909.4940185546876,1.1820000410079956,69.54399871826172,4.014999866485596,2354.260986328125,140.3800048828125,0.1420000046491623,0.090999998152256,1150.9539794921875,3309.3779296875,21.04599952697754,79.31900024414062,5.006999969482422,1097.6829833984375
36,1024,0.0002,128,CONTROL,,729730,,,0.6819596640941625,,,,,,,,,,,,,,,,,,,,,,
37,1024,0.0002,128,GMC,1131392.0,762754,0.47111586,0.6513936731599393,0.6924217146560725,563.2219848632812,24971.96875,128.16900634765625,4473.22802734375,119.07599639892578,1.3300000429153442,0.7379999756813049,1000.7550048828124,958.8930053710938,2.438999891281128,165.16900634765625,2.7909998893737797,783.7069702148438,29.09499931335449,3.2049999237060547,3.0380001068115234,880.0590209960938,2759.94091796875,9.746999740600586,11.114999771118164,5.11299991607666,1201.926025390625
38,1024,0.0002,128,ICEH,418433.0,779266,0.009387521,0.6565266792291289,0.7025076915075354,724.3400268554688,63177.47265625,1045.531005859375,2860.596923828125,49.89099884033203,4.01800012588501,1.6369999647140503,2841.616943359375,486.3880004882813,2.914999961853028,88.28199768066406,5.170000076293945,460.2929992675781,96.60700225830078,0.9470000267028807,0.4839999973773956,623.8800048828125,3192.00390625,13.109999656677246,36.65599822998047,6.873000144958496,685.0150146484375
39,1024,0.0002,128,MCN,381952.0,729730,0.35463774,0.661429640209481,0.6726638421130542,1099.0030517578125,43359.15234375,166.5590057373047,2379.302001953125,120.61599731445312,1.3009999990463257,0.7059999704360962,197.0679931640625,384.5790100097656,5.414999961853027,161.33700561523438,4.479000091552734,1780.39697265625,29.506999969482425,3.2170000076293945,3.9489998817443848,888.4559936523438,2915.81494140625,10.072999954223633,10.312999725341797,5.980999946594238,1577.9300537109375
40,1024,0.0002,128,SCARF,745984.0,729730,0.17664295,0.6767886505755127,0.6864765494036831,,,,,,,,,,,,,,,,,,,,,,
41,1024,0.0002,128,SUBTAB,516608.0,729730,0.35103866,0.6532540377914071,0.6865325603818349,,,,,,,,,,,,,,,,,,,,,,
42,1024,0.0003,32,CLIP,24641.0,47266,0.30627027,0.6781389152273846,0.6856023780661009,2097.4990234375,44720.74609375,344.7550048828125,11974.22265625,2452.6650390625,55.19100189208984,8.26099967956543,4357.2041015625,537.0,7.0929999351501465,1168.18603515625,112.81300354003906,3020.10205078125,97.03199768066406,0.6389999985694885,74.05000305175781,4120.81005859375,3841.842041015625,19.25200080871582,220.3000030517578,27.36400032043457,1464.7459716796875
43,1024,0.0003,32,CONTROL,,47266,,,0.6838480342147061,,,,,,,,,,,,,,,,,,,,,,
44,1024,0.0003,32,GMC,1119008.0,412162,0.16541144,0.6586951042404312,0.68540633964257,328.4070129394531,34749.34375,125.60299682617188,3511.117919921875,112.6959991455078,1.3880000114440918,0.7829999923706055,1126.5970458984375,505.302001953125,2.434999942779541,160.49600219726562,2.7279999256134038,324.6549987792969,30.58300018310547,3.178999900817871,3.0309998989105225,752.6530151367188,1451.4239501953125,9.659000396728516,11.180999755859377,4.927000045776367,439.9630126953125
45,1024,0.0003,32,ICEH,406049.0,428674,0.11656051,0.6657724914083161,0.6958283823629431,1099.0030517578125,42789.87890625,367.7850036621094,2220.81005859375,49.34099960327149,0.915000021457672,0.9229999780654908,2303.89599609375,644.5850219726562,2.2090001106262207,68.38099670410156,6.947000026702881,1166.4930419921875,50.11399841308594,0.3330000042915344,0.574999988079071,611.8610229492188,2883.742919921875,7.556000232696533,10.30799961090088,7.252999782562256,615.1199951171875
46,1024,0.0003,32,MCN,27904.0,47266,0.35240525,0.6745582134098284,0.6899112225996296,522.4990234375,45364.35546875,165.72000122070312,2286.77099609375,1161.4849853515625,1.3240000009536743,1.0269999504089355,200.8179931640625,481.8869934082031,3.720999956130981,1684.0880126953125,4.072999954223633,982.0570068359376,41.28900146484375,3.964999914169312,2.9820001125335693,1268.927001953125,2869.498046875,20.545000076293945,21.28899955749512,6.390999794006348,654.947021484375
47,1024,0.0003,32,SCARF,48256.0,47266,0.19080973,0.6546663145976612,0.6924497201451485,,,,,,,,,,,,,,,,,,,,,,
48,1024,0.0003,32,SUBTAB,33920.0,47266,0.36113274,0.6681369548431493,0.6827838256298234,,,,,,,,,,,,,,,,,,,,,,
49,1024,0.0003,64,CLIP,94337.0,184642,0.31797197,0.6714035951046404,0.6802793347496109,465.7309875488281,49583.125,1109.218017578125,11875.1376953125,858.3469848632812,1.243000030517578,0.3759999871253967,4128.93896484375,878.114990234375,1.3300000429153442,687.7009887695312,5.125,3057.302001953125,150.10899353027344,0.1729999929666519,0.0989999994635582,1301.35595703125,3313.09912109375,120.35800170898438,14.262999534606934,10.008999824523926,1524.904052734375
50,1024,0.0003,64,CONTROL,,184642,,,0.6923937091669967,,,,,,,,,,,,,,,,,,,,,,
51,1024,0.0003,64,GMC,1123136.0,483970,0.4205888,0.6687310712899728,0.6877708030774032,434.572998046875,46932.4140625,125.72599792480467,7871.57080078125,115.83399963378906,1.3910000324249268,0.7379999756813049,537.85498046875,401.2149963378906,2.4579999446868896,161.25599670410156,2.7179999351501465,341.71600341796875,29.152999877929688,2.927000045776367,2.871999979019165,761.655029296875,2967.01806640625,9.56700038909912,11.114999771118164,4.309000015258789,509.239013671875
52,1024,0.0003,64,ICEH,410177.0,500482,0.15260582,0.6856643902204832,0.6956043384503363,230.5039978027344,40371.375,111.23600006103516,2178.98291015625,61.834999084472656,6.901999950408936,2.9820001125335693,1114.782958984375,480.05999755859375,2.311000108718872,205.2969970703125,2.3310000896453857,872.3729858398438,94.12999725341795,0.6470000147819519,0.7649999856948853,513.4290161132812,3255.113037109375,10.477999687194824,17.93400001525879,5.547999858856201,922.3499755859376
53,1024,0.0003,64,MCN,100864.0,184642,0.3092699,0.6639341310896936,0.6957723713847914,568.7830200195312,13017.1142578125,170.79400634765625,2941.31298828125,363.2300109863281,1.4490000009536743,0.6520000100135803,268.3930053710937,423.6579895019531,4.044000148773193,199.2760009765625,3.5439999103546143,716.8070068359375,30.267000198364254,3.569000005722046,3.296999931335449,1689.625,4497.26611328125,11.449999809265137,9.911999702453612,5.209000110626221,1095.0030517578125
54,1024,0.0003,64,SCARF,188672.0,184642,0.1833858,0.6649483298726551,0.6735100079615605,,,,,,,,,,,,,,,,,,,,,,
55,1024,0.0003,64,SUBTAB,131328.0,184642,0.34914953,0.6695432304731728,0.6874287360322624,,,,,,,,,,,,,,,,,,,,,,
56,1024,0.0003,128,CLIP,368897.0,729730,0.3931015,0.6679629207324635,0.6783569579637609,392.1409912109375,65477.88671875,77.02100372314453,16499.423828125,145.02099609375,0.4129999876022339,0.2660000026226043,489.5849914550781,900.823974609375,1.3630000352859497,78.15599822998047,3.11899995803833,1296.14794921875,84.44200134277344,0.1089999973773956,0.1019999980926513,1071.822998046875,3299.531005859375,6.908999919891357,13.939000129699709,5.269999980926514,1032.83203125
57,1024,0.0003,128,CONTROL,,729730,,,0.6914075158731111,,,,,,,,,,,,,,,,,,,,,,
58,1024,0.0003,128,GMC,1131392.0,762754,0.43430492,0.6587511152185829,0.6943660957547679,507.4779968261719,70656.5390625,127.25499725341795,9478.935546875,114.0999984741211,1.3860000371932983,0.7379999756813049,1816.7919921875,620.9660034179688,2.5390000343322754,160.07899475097656,2.775000095367432,721.2150268554688,28.749000549316406,3.2090001106262207,3.039999961853028,741.1519775390625,11515.9091796875,9.81700038909912,11.35099983215332,4.815000057220459,1256.7969970703125
59,1024,0.0003,128,ICEH,418433.0,779266,0.16673082,0.6584650591515937,0.7014094762573464,305.3240051269531,49230.16015625,539.280029296875,2716.85888671875,35.30899810791016,4.3979997634887695,5.122000217437744,4245.04296875,943.0999755859376,2.9730000495910645,95.5709991455078,5.492000102996826,682.3519897460938,81.48600006103516,0.3619999885559082,0.7509999871253967,517.8759765625,3208.39697265625,17.225000381469727,18.315000534057617,5.013000011444092,675.1950073242188
60,1024,0.0003,128,MCN,381952.0,729730,0.34729558,0.6427699829166517,0.6808334433548975,1023.0789794921876,29123.9765625,154.09800720214844,6083.8349609375,168.55799865722656,1.4570000171661377,0.7599999904632568,206.927001953125,379.66900634765625,3.525000095367432,409.10198974609375,6.151999950408936,606.5549926757812,52.8120002746582,4.665999889373779,3.0480000972747803,1493.3580322265625,2745.429931640625,11.777000427246094,11.678999900817873,5.104000091552734,1572.802978515625
61,1024,0.0003,128,SCARF,745984.0,729730,0.1399358,0.6656824737648579,0.6837420134346333,,,,,,,,,,,,,,,,,,,,,,
62,1024,0.0003,128,SUBTAB,516608.0,729730,0.35889477,0.6682769822885286,0.6960804317646259,,,,,,,,,,,,,,,,,,,,,,
63,1024,0.0005,32,CLIP,24641.0,47266,0.32668865,0.6710395237466543,0.6928978079703623,1073.551025390625,68396.53125,1327.875,12629.0703125,516.718017578125,6.814000129699707,0.734000027179718,200.8179931640625,556.52099609375,3.2149999141693115,3156.778076171875,3.678999900817871,2060.4169921875,70.58200073242188,0.5789999961853027,0.6880000233650208,2509.428955078125,3296.6298828125,67.55000305175781,49.98099899291992,7.913000106811523,1541.1400146484375
64,1024,0.0005,32,CONTROL,,47266,,,0.6917155762529456,,,,,,,,,,,,,,,,,,,,,,
65,1024,0.0005,32,GMC,1119008.0,412162,0.19093412,0.655596496913395,0.6893731171309576,410.2990112304688,26282.716796875,118.5479965209961,3005.782958984375,107.52300262451172,1.4509999752044678,0.7829999923706055,1280.509033203125,428.843994140625,2.539999961853028,154.1479949951172,2.6449999809265137,325.2510070800781,29.437000274658203,2.933000087738037,2.8970000743865967,718.0969848632812,1821.0389404296875,9.62399959564209,11.305999755859377,4.611000061035156,592.781005859375
66,1024,0.0005,32,ICEH,406049.0,428674,0.13356735,0.6717736676388573,0.698170841484931,239.531005859375,38757.05859375,260.5780029296875,4120.0908203125,38.882999420166016,1.1080000400543213,0.6309999823570251,4410.408203125,480.6329956054688,4.980999946594238,282.5350036621094,2.813999891281128,337.02801513671875,84.3550033569336,0.5040000081062317,0.7080000042915344,438.7080078125,3062.8330078125,6.670000076293945,14.857999801635742,4.129000186920166,837.0880126953125
67,1024,0.0005,32,MCN,27904.0,47266,0.30145442,0.660213401826758,0.6867846097835175,522.3189697265625,75925.765625,183.85699462890625,22658.1875,433.3919982910156,1.309999942779541,0.7910000085830688,200.8179931640625,404.5960083007813,3.845999956130981,1167.85595703125,2.756999969482422,1699.26904296875,28.74799919128418,4.945000171661377,3.171999931335449,1535.1429443359375,2875.24609375,10.843999862670898,289.3370056152344,5.513999938964844,1195.91796875
68,1024,0.0005,32,SCARF,48256.0,47266,0.19559519,0.6447823773459598,0.6775668030934063,,,,,,,,,,,,,,,,,,,,,,
69,1024,0.0005,32,SUBTAB,33920.0,47266,0.37459692,0.6401534700801357,0.6768046537121276,,,,,,,,,,,,,,,,,,,,,,
70,1024,0.0005,64,CLIP,94337.0,184642,0.3591922,0.6643322091129862,0.6827218134754411,420.25201416015625,101425.0078125,80.05599975585938,11143.4814453125,262.4880065917969,0.7139999866485596,0.2809999883174896,292.0740051269531,391.6730041503906,1.5010000467300415,79.69000244140625,4.619999885559082,2412.98388671875,128.41299438476562,0.152999997138977,0.453000009059906,1104.7509765625,3301.27197265625,25.04400062561035,51.27000045776367,4.520999908447266,1088.8370361328125
71,1024,0.0005,64,CONTROL,,184642,,,0.6773427591807994,,,,,,,,,,,,,,,,,,,,,,
72,1024,0.0005,64,GMC,1123136.0,483970,0.42386118,0.6584990658169001,0.6921976707434657,460.93499755859375,39990.078125,122.0260009765625,999.281005859375,115.56099700927734,1.399999976158142,0.7829999923706055,1081.9229736328125,346.4280090332031,2.497999906539917,163.7989959716797,2.7260000705718994,302.1340026855469,37.42900085449219,3.240999937057495,3.062000036239624,685.3900146484375,1969.3580322265625,9.706000328063965,11.187000274658203,5.269999980926514,397.3970031738281
73,1024,0.0005,64,ICEH,410177.0,500482,0.18091801,0.6634020267972522,0.6900512500450088,210.4199981689453,50977.078125,522.6630249023438,2317.156982421875,219.44900512695312,3.624000072479248,1.9570000171661377,952.0349731445312,484.3450012207031,2.385999917984009,281.9209899902344,4.65399980545044,634.3779907226562,74.0999984741211,1.7940000295639038,1.0470000505447388,786.6820068359375,3312.802978515625,29.197999954223636,12.895000457763672,6.948999881744385,879.2269897460938
74,1024,0.0005,64,MCN,100864.0,184642,0.36022648,0.6550803957575684,0.6734539969834088,193.3860015869141,27238.419921875,154.03399658203125,1123.7989501953125,155.1699981689453,1.4539999961853027,0.9319999814033508,200.8179931640625,402.1069946289063,7.75,406.00201416015625,6.591000080108643,556.177001953125,29.863000869750977,5.048999786376953,4.291999816894531,887.0830078125,4005.931884765625,12.208000183105469,10.928999900817873,5.324999809265137,1569.2869873046875
75,1024,0.0005,64,SCARF,188672.0,184642,0.20761308,0.6442942816792091,0.6725238146676749,,,,,,,,,,,,,,,,,,,,,,
76,1024,0.0005,64,SUBTAB,131328.0,184642,0.36381066,0.6603254237830615,0.6748042616352805,,,,,,,,,,,,,,,,,,,,,,
77,1024,0.0005,128,CLIP,368897.0,729730,0.3378495,0.6789510744105844,0.6829738628771239,382.6470031738281,75901.453125,77.40499877929688,13468.9267578125,98.7969970703125,0.3919999897480011,0.3339999914169311,662.4749755859375,763.3270263671875,1.6460000276565552,44.53900146484375,2.009999990463257,758.2570190429688,124.8030014038086,0.1519999951124191,0.0790000036358833,687.7239990234375,3298.861083984375,7.598999977111816,18.402000427246094,6.380000114440918,733.1649780273438
78,1024,0.0005,128,CONTROL,,729730,,,0.6909534268716668,,,,,,,,,,,,,,,,,,,,,,
79,1024,0.0005,128,GMC,1131392.0,762754,0.458089,0.6649763353617308,0.690925421382591,576.5859985351562,65641.984375,121.52799987792967,8388.6806640625,114.06400299072266,1.4470000267028809,0.7829999923706055,1224.9749755859375,836.635986328125,2.503999948501587,157.44700622558594,2.7980000972747803,368.1390075683594,29.53300094604492,3.2039999961853027,3.0409998893737797,773.4660034179688,2668.031005859375,9.642000198364258,11.262999534606934,5.188000202178955,1432.574951171875
80,1024,0.0005,128,ICEH,418433.0,779266,0.06095756,0.6658004968973918,0.7018635652587908,1113.5350341796875,56384.0390625,621.7490234375,5818.90380859375,132.3520050048828,1.4259999990463257,1.0499999523162842,5367.544921875,871.2039794921875,3.171999931335449,197.44000244140625,2.8980000019073486,560.5469970703125,74.41300201416016,0.4569999873638153,0.3240000009536743,813.85302734375,3171.118896484375,14.14900016784668,14.732999801635742,4.980999946594238,573.083984375
81,1024,0.0005,128,MCN,381952.0,729730,0.2758523,0.6763065560849927,0.6936319518625651,602.635009765625,16895.26171875,130.44200134277344,6423.5078125,145.58999633789062,1.444000005722046,0.5740000009536743,191.4429931640625,396.2980041503906,3.177999973297119,276.68701171875,2.9539999961853027,368.47698974609375,37.14899826049805,3.11899995803833,3.114000082015991,904.93701171875,3781.23193359375,9.909000396728516,11.022000312805176,5.732999801635742,1573.60498046875
82,1024,0.0005,128,SCARF,745984.0,729730,0.34177765,0.6386011658285025,0.6818256378250137,,,,,,,,,,,,,,,,,,,,,,
83,1024,0.0005,128,SUBTAB,516608.0,729730,0.30058393,0.6642701969586038,0.6941080451768546,,,,,,,,,,,,,,,,,,,,,,
84,1024,0.0007,32,CLIP,24641.0,47266,0.35476103,0.6625778652615912,0.6888690183275923,522.9310302734375,44720.74609375,2292.48388671875,15334.91015625,1707.9990234375,0.4149999916553497,0.488999992609024,252.34300231933597,502.35101318359375,2.010999917984009,1673.614990234375,5.901000022888184,1413.4539794921875,81.48600006103516,2.45199990272522,0.4589999914169311,1377.9300537109375,3314.759033203125,18.121000289916992,59.41999816894531,11.925000190734863,1386.196044921875
85,1024,0.0007,32,CONTROL,,47266,,,0.6944501122219955,,,,,,,,,,,,,,,,,,,,,,
86,1024,0.0007,32,GMC,1119008.0,412162,0.3641877,0.6843301287052262,0.7015495037027257,447.9909973144531,48172.15234375,125.33699798583984,1055.9599609375,118.36299896240234,1.3489999771118164,0.7590000033378601,1033.75,425.4570007324219,2.502000093460083,169.49400329589844,2.734999895095825,305.25201416015625,29.28499984741211,3.006999969482422,2.907999992370605,747.156982421875,2478.094970703125,9.756999969482422,10.920000076293944,5.2230000495910645,716.6680297851562
87,1024,0.0007,32,ICEH,406049.0,428674,0.1640025,0.6593112250001001,0.700199239050854,460.6659851074219,57034.0546875,693.0770263671875,3930.697021484375,47.75600051879883,1.531000018119812,0.930999994277954,1962.0009765625,491.99798583984375,1.6799999475479126,135.54400634765625,2.494999885559082,590.781005859375,63.542999267578125,1.1820000410079956,2.374000072479248,777.1859741210938,3299.6650390625,18.030000686645508,14.093999862670898,4.760000228881836,501.5679931640625
88,1024,0.0007,32,MCN,27904.0,47266,0.37093347,0.6561286012058363,0.6859944549131629,522.9310302734375,55389.99609375,172.0290069580078,4129.84619140625,236.26300048828125,4.23799991607666,0.9990000128746032,232.3179931640625,436.3200073242188,4.02899980545044,2156.965087890625,3.7179999351501465,1020.1380004882812,29.90999984741211,3.312000036239624,3.052000045776367,764.0050048828125,8515.0615234375,12.08199977874756,105.5989990234375,4.611999988555908,1834.946044921875
89,1024,0.0007,32,SCARF,48256.0,47266,0.20145291,0.6506375249548912,0.7094370896695752,,,,,,,,,,,,,,,,,,,,,,
90,1024,0.0007,32,SUBTAB,33920.0,47266,0.3251814,0.6552544298682542,0.6854903561097976,,,,,,,,,,,,,,,,,,,,,,
91,1024,0.0007,64,CLIP,94337.0,184642,0.36067557,0.6697892786986249,0.6724397982004473,455.0539855957031,73671.3984375,87.91200256347656,13957.3203125,34.20199966430664,0.4440000057220459,0.2879999876022339,738.0960083007812,812.208984375,1.3609999418258667,52.64699935913086,3.009000062942505,2452.491943359375,150.0679931640625,0.1159999966621398,0.0759999975562095,884.8200073242188,3303.988037109375,13.446000099182127,42.178001403808594,4.394999980926514,991.030029296875
92,1024,0.0007,64,CONTROL,,184642,,,0.685798416489632,,,,,,,,,,,,,,,,,,,,,,
93,1024,0.0007,64,GMC,1123136.0,483970,0.3856287,0.6778868658257018,0.7023396585730803,324.13800048828125,69102.3125,123.54100036621094,6311.4560546875,118.06600189208984,1.3940000534057615,0.7829999923706055,1536.8790283203125,332.79998779296875,2.49399995803833,166.25599670410156,2.803999900817871,326.0150146484375,29.785999298095703,3.190000057220459,3.0269999504089355,744.281982421875,2223.26611328125,9.800000190734863,11.048999786376951,5.27899980545044,490.5280151367188
94,1024,0.0007,64,ICEH,410177.0,500482,0.14926435,0.6878048097427095,0.6979688018851695,226.97799682617188,34355.5703125,1201.041015625,5984.81103515625,47.86199951171875,8.156000137329102,1.9730000495910645,2743.679931640625,649.27001953125,3.01200008392334,91.37000274658205,1.88100004196167,555.3270263671875,98.68699645996094,0.3910000026226043,1.656999945640564,1118.7530517578125,3251.69189453125,19.96500015258789,13.649999618530272,11.062999725341797,755.31298828125
95,1024,0.0007,64,MCN,100864.0,184642,0.3250094,0.6733199707142601,0.6661865725682234,989.8150024414062,18996.919921875,147.69400024414062,6423.5078125,122.16899871826172,1.4570000171661377,0.9120000004768372,200.8179931640625,558.2360229492188,6.3460001945495605,2015.4339599609373,4.51200008392334,595.5859985351562,29.679000854492188,4.051000118255615,2.9089999198913574,1427.635009765625,2661.85791015625,10.904999732971191,13.687000274658203,5.039000034332275,1722.779052734375
96,1024,0.0007,64,SCARF,188672.0,184642,0.15642758,0.6647022816472028,0.6772867482026477,,,,,,,,,,,,,,,,,,,,,,
97,1024,0.0007,64,SUBTAB,131328.0,184642,0.36707002,0.6488271701253445,0.6816516037143281,,,,,,,,,,,,,,,,,,,,,,
98,1024,0.0007,128,CLIP,368897.0,729730,0.38239443,0.6549123628231133,0.6808954555092799,379.6069946289063,83383.90625,84.41300201416016,12491.458984375,32.04800033569336,0.4670000076293945,0.2590000033378601,558.2210083007812,402.83099365234375,1.0529999732971191,48.94100189208984,3.663000106811523,813.4140014648438,67.20999908447266,0.0659999996423721,0.1140000000596046,772.3560180664062,4057.089111328125,5.461999893188477,34.250999450683594,6.270999908447266,577.4140014648438
99,1024,0.0007,128,CONTROL,,729730,,,0.6856303835551768,,,,,,,,,,,,,,,,,,,,,,
100,1024,0.0007,128,GMC,1131392.0,762754,0.38498193,0.6638001048205449,0.6944221067329197,580.6710205078125,70598.5546875,122.72799682617188,7366.81591796875,118.9810028076172,1.3639999628067017,0.7379999756813049,1342.3360595703125,787.4390258789062,2.489000082015991,160.45399475097656,2.808000087738037,1177.509033203125,38.72100067138672,3.2049999237060547,3.0480000972747803,821.9169921875,2494.782958984375,9.89900016784668,11.074000358581545,4.984000205993652,1534.4429931640625
101,1024,0.0007,128,ICEH,418433.0,779266,0.16790865,0.6254165816500035,0.6889530347948198,1093.531005859375,51300.34375,521.447021484375,3637.52001953125,67.14299774169922,3.5920000076293945,2.4649999141693115,6197.1611328125,352.86700439453125,3.2239999771118164,179.572998046875,3.628000020980835,993.4240112304688,161.21499633789062,0.2179999947547912,0.2529999911785126,817.1229858398438,3195.68896484375,11.53499984741211,27.59499931335449,9.684000015258787,455.4819946289063
102,1024,0.0007,128,MCN,381952.0,729730,0.15848053,0.6610875731643402,0.6896031622197951,397.9469909667969,8947.220703125,158.13800048828125,1084.177001953125,174.95700073242188,1.1779999732971191,0.503000020980835,200.0590057373047,509.6400146484375,2.553999900817871,151.7949981689453,2.4189999103546143,489.5079956054688,29.697999954223636,1.652999997138977,1.809000015258789,811.64501953125,1557.968994140625,7.40500020980835,8.977999687194824,7.34499979019165,1207.364990234375
103,1024,0.0007,128,SCARF,745984.0,729730,0.1672057,0.6645002420474413,0.6885889634368336,,,,,,,,,,,,,,,,,,,,,,
104,1024,0.0007,128,SUBTAB,516608.0,729730,0.31251547,0.6498473700845366,0.687798808566479,,,,,,,,,,,,,,,,,,,,,,
105,1024,0.001,32,CLIP,24641.0,47266,0.31002492,0.6594012426435581,0.68670059331629,430.7139892578125,44720.74609375,82.25800323486328,10422.3212890625,1409.1939697265625,0.4359999895095825,0.3549999892711639,1081.6600341796875,371.125,1.4010000228881836,1507.7010498046875,3.372999906539917,2726.60205078125,120.77400207519533,0.1969999969005584,0.3440000116825104,702.3939819335938,3306.20703125,12.404999732971191,130.0,3.927000045776367,1248.676025390625
106,1024,0.001,32,CONTROL,,47266,,,0.6784129689419126,,,,,,,,,,,,,,,,,,,,,,
107,1024,0.001,32,GMC,1119008.0,412162,0.42509615,0.6763905725522202,0.6944221067329197,503.41400146484375,66088.3828125,120.1230010986328,6778.97900390625,111.63800048828124,1.465999960899353,0.7829999923706055,1482.883056640625,360.7099914550781,2.500999927520752,167.25399780273438,2.7909998893737797,428.1860046386719,29.37299919128418,3.183000087738037,3.0239999294281006,745.5479736328125,2128.985107421875,9.770000457763672,11.154999732971191,5.135000228881836,451.6659851074219
108,1024,0.001,32,ICEH,406049.0,428674,0.0740058,0.6705914359214407,0.698562918331993,954.1329956054688,37985.328125,275.9419860839844,3509.719970703125,31.05699920654297,1.6089999675750732,1.4559999704360962,2139.090087890625,395.9530029296875,2.7780001163482666,69.8550033569336,4.2230000495910645,524.8829956054688,76.76200103759766,0.7099999785423279,3.749000072479248,551.5960083007812,3306.658935546875,8.104000091552734,26.25900077819824,3.075999975204468,380.4830017089844
109,1024,0.001,32,MCN,27904.0,47266,0.29272002,0.6649203243835792,0.6937719793079443,610.0869750976562,42329.15625,140.61000061035156,5906.2099609375,472.6499938964844,1.4329999685287476,0.6510000228881836,200.8179931640625,487.9819946289063,4.955999851226807,312.1990051269531,4.334000110626221,726.176025390625,47.0369987487793,4.089000225067139,3.6549999713897705,1708.1080322265625,1594.7249755859375,11.769000053405762,88.03199768066406,8.180000305175781,1429.6180419921875
110,1024,0.001,32,SCARF,48256.0,47266,0.17007464,0.6697732755620102,0.6760765109961553,,,,,,,,,,,,,,,,,,,,,,
111,1024,0.001,32,SUBTAB,33920.0,47266,0.31963733,0.6421478609807523,0.6791191073450396,,,,,,,,,,,,,,,,,,,,,,
112,1024,0.001,64,CLIP,94337.0,184642,0.37740818,0.6708934951250445,0.6891830798836572,350.8930053710937,61781.51171875,84.3239974975586,18602.859375,35.117000579833984,0.6060000061988831,0.31700000166893,735.9459838867188,895.8679809570312,1.2269999980926514,52.25899887084961,2.828000068664551,777.9500122070312,99.05500030517578,0.1560000032186508,0.1180000007152557,790.9840087890625,3687.0810546875,9.496000289916992,10.854000091552734,6.318999767303467,489.1889953613281
113,1024,0.001,64,CONTROL,,184642,,,0.6951222439598161,,,,,,,,,,,,,,,,,,,,,,
114,1024,0.001,64,GMC,1123136.0,483970,0.46711195,0.6595412700889374,0.6987589567555241,678.22900390625,64141.6171875,121.16200256347656,9062.9404296875,118.4020004272461,1.3320000171661377,0.7829999923706055,1449.3480224609375,1324.592041015625,2.440999984741211,179.61599731445312,2.7309999465942383,526.5170288085938,29.54599952697754,3.1670000553131104,2.99399995803833,876.4719848632812,2041.5810546875,9.711999893188477,10.980999946594238,5.2230000495910645,506.1340026855469
115,1024,0.001,64,ICEH,410177.0,500482,0.21616995,0.6815735884233309,0.6930718420810479,416.1170043945313,51751.0546875,1548.85595703125,1979.248046875,343.1849975585937,26.11400032043457,23.63999938964844,678.6909790039062,2364.049072265625,10.689000129699709,136.406005859375,9.222999572753906,693.8309936523438,128.5749969482422,7.59600019454956,10.06999969482422,1212.6109619140625,4674.2822265625,15.027000427246094,15.20699977874756,20.2549991607666,583.0670166015625
116,1024,0.001,64,MCN,100864.0,184642,0.3201592,0.6873787262303411,0.6917155762529456,534.27099609375,48562.08984375,165.45700073242188,1845.3990478515625,1899.574951171875,1.4290000200271606,0.6779999732971191,200.8179931640625,576.1929931640625,5.466000080108643,490.7789916992188,2.8540000915527344,508.0429992675781,28.881000518798828,3.059000015258789,3.2739999294281006,1399.9580078125,2230.787109375,9.42199993133545,15.034000396728516,6.585000038146973,1635.9329833984375
117,1024,0.001,64,SCARF,188672.0,184642,0.19180875,0.6636820816880109,0.6744681957663703,,,,,,,,,,,,,,,,,,,,,,
118,1024,0.001,64,SUBTAB,131328.0,184642,0.28343996,0.671095534724806,0.6874627426975688,,,,,,,,,,,,,,,,,,,,,,
119,1024,0.001,128,CLIP,368897.0,729730,0.31332853,0.6832319134550371,0.6889530347948198,355.489013671875,75419.2734375,86.30799865722656,5462.01220703125,26.64800071716309,0.4720000028610229,0.2689999938011169,666.5,842.7620239257812,1.065000057220459,44.02299880981445,1.837000012397766,774.1500244140625,138.0449981689453,0.0659999996423721,0.0860000029206276,822.56298828125,3468.422119140625,6.47599983215332,47.632999420166016,8.878999710083008,510.7749938964844
120,1024,0.001,128,CONTROL,,729730,,,0.6766086152885966,,,,,,,,,,,,,,,,,,,,,,
121,1024,0.001,128,GMC,1131392.0,762754,0.4389461,0.6561566066949122,0.6934079079499582,609.0910034179688,58642.7421875,124.22799682617188,6339.6337890625,111.23600006103516,1.3700000047683716,0.7829999923706055,1371.9219970703125,1697.4129638671875,2.5380001068115234,161.9980010986328,2.803999900817871,601.0419921875,47.983001708984375,3.2260000705718994,3.0480000972747803,833.510009765625,2478.718017578125,9.81999969482422,11.012999534606934,5.132999897003174,651.864990234375
122,1024,0.001,128,ICEH,418433.0,779266,0.16792412,0.6793491524338771,0.7014654872354982,470.4830017089844,52911.50390625,181.18899536132807,3433.39111328125,60.5629997253418,4.065000057220459,1.88100004196167,665.9500122070312,1482.116943359375,4.526999950408936,153.3699951171875,6.6479997634887695,598.35498046875,69.51000213623047,0.4880000054836273,0.5419999957084656,565.8809814453125,3271.26611328125,21.03300094604492,16.856000900268555,9.201000213623049,578.0490112304688
123,1024,0.001,128,MCN,381952.0,729730,0.12304203,0.674418185964449,0.6758524670835484,211.3580017089844,8782.7275390625,155.29299926757812,1243.9560546875,100.0260009765625,0.99099999666214,1.7330000400543213,200.8179931640625,471.87701416015625,2.884000062942505,116.58599853515624,2.1989998817443848,338.4150085449219,30.488000869750977,3.263000011444092,3.282000064849853,866.1270141601562,2605.1650390625,16.006999969482422,9.409000396728516,3.575000047683716,611.823974609375
124,1024,0.001,128,SCARF,745984.0,729730,0.16533472,0.6527499389880416,0.6878048097427095,,,,,,,,,,,,,,,,,,,,,,
125,1024,0.001,128,SUBTAB,516608.0,729730,0.27470607,0.6714316005937164,0.6868686262507451,,,,,,,,,,,,,,,,,,,,,,
126,1024,0.002,32,CLIP,24641.0,47266,0.33879155,0.6210517261383232,0.6927017695468312,331.3940124511719,79106.8125,81.20500183105469,10184.9482421875,45.67599868774414,0.3759999871253967,2.115999937057495,129.14199829101562,168.26300048828125,2.443000078201294,108.95500183105467,2.825999975204468,1370.2779541015625,71.68499755859375,0.1570000052452087,0.1180000007152557,633.573974609375,3317.990966796875,12.118000030517578,40.21900177001953,7.669000148773193,982.780029296875
127,1024,0.002,32,CONTROL,,47266,,,0.4877676024500802,,,,,,,,,,,,,,,,,,,,,,
128,1024,0.002,32,GMC,1119008.0,412162,0.47168022,0.6618837292109254,0.6832319134550371,600.8779907226562,82207.421875,124.76100158691406,12094.9658203125,108.96600341796876,1.2419999837875366,0.7379999756813049,1593.4229736328125,477.1319885253906,2.506999969482422,159.74099731445312,2.888999938964844,981.1630249023438,48.14300155639648,3.178999900817871,3.061000108718872,825.5910034179688,6908.95703125,9.729999542236328,10.888999938964844,5.035999774932861,1458.364013671875
129,1024,0.002,32,ICEH,406049.0,428674,0.18199795,0.6848742353501287,0.7004232829634609,1099.0030517578125,15643.28125,132.14500427246094,884.3619995117188,27.427000045776367,1.2910000085830688,0.9049999713897704,3116.3740234375,460.4089965820313,5.152999877929688,80.9020004272461,6.688000202178955,327.31298828125,90.2760009765625,0.3770000040531158,0.2759999930858612,440.864990234375,3377.886962890625,10.04599952697754,8.666999816894531,4.790999889373779,539.8300170898438
130,1024,0.002,32,MCN,27904.0,47266,0.30913112,0.6540781993270681,0.6896311677088709,923.2869873046876,44650.0625,143.5659942626953,1095.0789794921875,1392.8199462890625,1.3589999675750732,1.2510000467300415,200.8179931640625,396.43701171875,8.925999641418457,563.2620239257812,17.450000762939453,566.1329956054688,30.41399955749512,3.250999927520752,3.200000047683716,1322.0,2503.759033203125,18.91200065612793,14.456000328063965,20.108999252319336,2836.907958984375
131,1024,0.002,32,SCARF,48256.0,47266,0.16485846,0.6516797292269285,0.6891550743945813,,,,,,,,,,,,,,,,,,,,,,
132,1024,0.002,32,SUBTAB,33920.0,47266,0.33662495,0.63465639265296,0.6770066933118891,,,,,,,,,,,,,,,,,,,,,,
133,1024,0.002,64,CLIP,94337.0,184642,0.36720452,0.6651103616308797,0.681769626846862,361.3909912109375,74622.53125,78.96800231933594,16915.96875,30.13400077819824,0.5329999923706055,0.2800000011920929,1024.1510009765625,497.3550109863281,1.2369999885559082,48.3849983215332,2.7790000438690186,633.0430297851562,159.81500244140625,0.1030000001192092,0.0769999995827674,919.344970703125,3295.324951171875,7.683000087738037,111.69499969482422,6.204999923706055,400.6300048828125
134,1024,0.002,64,CONTROL,,184642,,,0.6895471512416433,,,,,,,,,,,,,,,,,,,,,,
135,1024,0.002,64,GMC,1123136.0,483970,0.47943455,0.6289132670003321,0.6778528591603954,593.2310180664062,78195.921875,123.33699798583984,12147.435546875,105.3249969482422,1.343999981880188,0.7559999823570251,2294.412109375,2327.83203125,2.5840001106262207,151.00900268554688,2.934000015258789,1958.7850341796875,41.45500183105469,3.109999895095825,2.984999895095825,947.5609741210938,2809.98388671875,9.817999839782717,10.758999824523926,4.989999771118164,1813.56103515625
136,1024,0.002,64,ICEH,410177.0,500482,0.17024903,0.6795231865445628,0.7002552500290057,427.0679931640625,33052.65625,712.3489990234375,1715.281005859375,29.27899932861328,1.9579999446868896,1.00600004196167,1949.0179443359373,284.0419921875,4.665999889373779,69.0469970703125,2.631999969482422,521.9819946289062,76.45099639892578,0.5320000052452087,0.7110000252723694,423.6239929199219,3303.18603515625,12.788000106811523,45.46099853515625,4.2729997634887695,472.093994140625
137,1024,0.002,64,MCN,100864.0,184642,0.11947508,0.6621577829254535,0.6826998091625959,542.7310180664062,15685.8076171875,148.33799743652344,5976.3818359375,202.3280029296875,2.374000072479248,2.1589999198913574,200.8179931640625,427.7349853515625,3.4140000343322754,151.9720001220703,10.293999671936035,405.3320007324219,43.77999877929688,4.626999855041504,3.694000005722046,894.1929931640625,2627.785888671875,11.371000289916992,15.14900016784668,10.003999710083008,635.9990234375
138,1024,0.002,64,SCARF,188672.0,184642,0.17103317,0.6233881840840805,0.6873787262303411,,,,,,,,,,,,,,,,,,,,,,
139,1024,0.002,64,SUBTAB,131328.0,184642,0.24070108,0.6428820048729551,0.674916283591584,,,,,,,,,,,,,,,,,,,,,,
140,1024,0.002,128,CLIP,368897.0,729730,0.39122322,0.6659625286556166,0.6810074774655832,421.8900146484375,53224.671875,75.22200012207031,13089.9970703125,179.76300048828125,0.3910000026226043,0.2809999883174896,2105.2470703125,176.87600708007812,1.180999994277954,81.60399627685547,5.682000160217285,1594.887939453125,123.4280014038086,0.0970000028610229,0.1560000032186508,1049.697021484375,3302.080078125,11.560999870300291,13.79599952697754,4.685999870300293,863.780029296875
141,1024,0.002,128,CONTROL,,729730,,,0.6875747646538721,,,,,,,,,,,,,,,,,,,,,,
142,1024,0.002,128,GMC,1131392.0,762754,0.4811659,0.6140983632792028,0.6866445823381382,553.0469970703125,54567.50390625,123.6999969482422,10571.82421875,111.83000183105467,1.2910000085830688,0.7160000205039978,2076.72900390625,1139.3199462890625,2.8010001182556152,158.6739959716797,2.9089999198913574,1413.6290283203125,50.527000427246094,3.220000028610229,3.066999912261963,867.344970703125,2699.06494140625,9.862000465393066,10.949000358581545,5.026999950408936,1069.501953125
143,1024,0.002,128,ICEH,418433.0,779266,0.19182563,0.6845321683049878,0.7110753707726714,1137.4029541015625,52249.76171875,203.927001953125,2642.72802734375,32.90399932861328,2.196000099182129,0.699999988079071,7454.2431640625,288.9200134277344,2.9159998893737797,199.4459991455078,6.754000186920166,321.5920104980469,101.55999755859376,1.9520000219345093,1.809999942779541,421.2539978027344,3366.486083984375,23.493000030517575,32.292999267578125,7.520999908447266,673.6799926757812
144,1024,0.002,128,MCN,381952.0,729730,0.1461612,0.6538481542382306,0.699297062224196,535.06298828125,10866.25390625,150.69000244140625,1312.97900390625,73.4209976196289,1.2089999914169312,1.128000020980835,235.9239959716797,441.718994140625,3.3919999599456787,120.39099884033205,3.615000009536743,327.2200012207031,30.145000457763672,3.3420000076293945,3.151000022888184,850.3410034179688,2793.59912109375,9.279000282287598,10.894000053405762,4.551000118255615,1268.4429931640625
145,1024,0.002,128,SCARF,745984.0,729730,0.18941574,0.6606394853391264,0.6849302463282804,,,,,,,,,,,,,,,,,,,,,,
146,1024,0.002,128,SUBTAB,516608.0,729730,0.3548421,0.641587751199235,0.6925617421014518,,,,,,,,,,,,,,,,,,,,,,
147,1024,0.003,32,CLIP,24641.0,47266,0.42221975,0.6263807706310437,0.6904213225792255,272.67498779296875,81050.171875,81.29199981689453,15466.384765625,263.7019958496094,0.5299999713897705,0.3310000002384186,257.46600341796875,806.2680053710938,2.696000099182129,65.1050033569336,4.250999927520752,1025.884033203125,172.13699340820312,0.1389999985694885,0.1080000028014183,634.4169921875,3561.551025390625,12.612000465393066,122.3249969482422,6.640999794006348,766.64599609375
148,1024,0.003,32,CONTROL,,47266,,,0.6868686262507451,,,,,,,,,,,,,,,,,,,,,,
149,1024,0.003,32,GMC,1119008.0,412162,0.4715009,0.6085452748738753,0.6922816872106934,602.4019775390625,84257.4296875,122.75299835205078,11460.4609375,117.48699951171876,1.337000012397766,11.276000022888184,2338.68310546875,3002.906005859375,2.594000101089477,162.97999572753906,2.9489998817443848,2318.070068359375,44.47499847412109,3.134999990463257,3.00600004196167,925.31201171875,2695.657958984375,9.6899995803833,10.79300022125244,4.982999801635742,1773.4010009765625
150,1024,0.003,32,ICEH,406049.0,428674,0.16212346,0.6545542926413577,0.680043288484543,1178.3499755859375,8120.60595703125,689.9940185546875,918.2319946289062,33.652000427246094,0.5389999747276306,0.460999995470047,505.93798828125,1949.9100341796875,2.5360000133514404,90.06500244140625,2.0850000381469727,238.26400756835935,32.84199905395508,0.5419999957084656,3.23799991607666,378.8529968261719,2931.346923828125,19.726999282836918,11.701000213623049,14.567999839782717,372.81201171875
151,1024,0.003,32,MCN,27904.0,47266,0.14417736,0.6637600969790078,0.6911834719605043,522.3189697265625,26015.060546875,159.8280029296875,1362.0570068359375,1149.9599609375,1.6610000133514404,1.1579999923706057,200.8179931640625,416.635009765625,15.37399959564209,174.78199768066406,3.111999988555908,476.1780090332031,34.97700119018555,3.443000078201294,3.055000066757202,1030.3470458984375,2954.929931640625,38.19400024414063,11.003999710083008,6.978000164031982,1363.4119873046875
152,1024,0.003,32,SCARF,48256.0,47266,0.2464399,0.6588411328620409,0.679427167724874,,,,,,,,,,,,,,,,,,,,,,
153,1024,0.003,32,SUBTAB,33920.0,47266,0.29119122,0.6522118335193698,0.6933799024608823,,,,,,,,,,,,,,,,,,,,,,
154,1024,0.003,64,CLIP,94337.0,184642,0.34169793,0.672221755464071,0.6896591731979468,420.1900024414063,85057.3515625,78.08799743652344,5353.39892578125,26.70800018310547,0.4560000002384186,0.2840000092983246,402.7839965820313,586.7689819335938,1.909000039100647,43.34400177001953,1.7300000190734863,890.27197265625,151.61399841308594,0.1289999932050705,0.0780000016093254,482.427001953125,3297.6201171875,7.363999843597412,9.31999969482422,5.958000183105469,545.2319946289062
155,1024,0.003,64,CONTROL,,184642,,,0.6917435817420214,,,,,,,,,,,,,,,,,,,,,,
156,1024,0.003,64,GMC,1123136.0,483970,0.41020513,0.6290592956219418,0.5,604.4390258789062,79117.8828125,121.72599792480467,13428.767578125,114.28299713134766,1.3270000219345093,0.7459999918937683,2134.201904296875,3958.506103515625,2.552000045776367,165.3459930419922,2.8929998874664307,1705.8909912109375,46.19300079345703,3.1519999504089355,3.015000104904175,898.530029296875,2623.3310546875,9.652999877929688,10.723999977111816,4.982999801635742,1852.6390380859373
157,1024,0.003,64,ICEH,410177.0,500482,0.18535757,0.6808734511964345,0.6936319518625651,642.0079956054688,19925.732421875,686.8380126953125,1278.1839599609375,56.69200134277344,0.6980000138282776,0.6039999723434448,5719.7529296875,468.4830017089844,2.5810000896453857,131.51699829101562,3.0299999713897705,374.7449951171875,102.45500183105467,0.3140000104904175,1.9279999732971191,348.5559997558594,2974.876953125,17.902999877929688,10.986000061035156,8.373000144958496,392.4299926757813
158,1024,0.003,64,MCN,100864.0,184642,0.19223246,0.6516457225616221,0.6747542518333594,444.739013671875,61613.0546875,100.05500030517578,2709.40087890625,212.7310028076172,1.2920000553131104,1.0470000505447388,195.92999267578125,599.0239868164062,4.131999969482422,164.80999755859375,2.8320000171661377,596.6279907226562,42.30500030517578,2.0980000495910645,2.4579999446868896,1315.7110595703125,3486.05810546875,8.670999526977539,9.864999771118164,11.623000144958496,1354.8800048828125
159,1024,0.003,64,SCARF,188672.0,184642,0.20395474,0.6624098323271361,0.6885889634368336,,,,,,,,,,,,,,,,,,,,,,
160,1024,0.003,64,SUBTAB,131328.0,184642,0.194552,0.6630099499501902,0.6933238914827307,,,,,,,,,,,,,,,,,,,,,,
161,1024,0.003,128,CLIP,368897.0,729730,0.34092203,0.6620957707710711,0.6925897475905278,321.0899963378906,45698.359375,81.21299743652344,6777.99609375,39.53300094604492,0.4090000092983246,0.2759999930858612,809.7039794921875,418.93798828125,1.1699999570846558,43.542999267578125,1.659000039100647,855.5460205078125,92.3949966430664,0.1120000034570694,0.101000003516674,587.5189819335938,3298.64697265625,6.624000072479248,14.069000244140623,9.583999633789062,544.6510009765625
162,1024,0.003,128,CONTROL,,729730,,,0.6916875707638697,,,,,,,,,,,,,,,,,,,,,,
163,1024,0.003,128,GMC,1131392.0,762754,0.5038278,0.5896115638665178,0.6866445823381382,574.8759765625,78193.5390625,124.10399627685548,12219.466796875,111.51499938964844,1.3289999961853027,0.7409999966621399,2408.987060546875,3482.14208984375,2.4609999656677246,160.15699768066406,2.8559999465942383,2161.388916015625,47.6619987487793,3.111000061035156,3.009999990463257,1011.572998046875,2719.092041015625,9.718999862670898,10.753000259399414,4.96999979019165,1912.552001953125
164,1024,0.003,128,ICEH,418433.0,779266,0.16302608,0.6653244035831023,0.6880788634572377,1187.8270263671875,38287.72265625,426.7900085449219,1853.4849853515625,53.06999969482422,10.850000381469728,14.654000282287598,208.73599243164065,492.072998046875,1.319000005722046,123.63500213623048,2.0209999084472656,309.885009765625,151.72500610351562,0.1589999943971634,0.3790000081062317,609.4180297851562,8994.212890625,24.29199981689453,69.88999938964844,11.397000312805176,377.7909851074219
165,1024,0.003,128,MCN,381952.0,729730,0.20625252,0.6529119707462663,0.6793991622357982,548.9949951171875,20339.12109375,137.01800537109375,2294.298095703125,130.42599487304688,1.3049999475479126,1.034000039100647,231.0829925537109,439.0559997558594,3.808000087738037,226.0870056152344,2.563999891281128,345.5190124511719,30.67200088500977,2.6679999828338623,2.562999963760376,844.7849731445312,2581.1708984375,8.878000259399414,11.039999961853027,4.142000198364258,1021.4559936523438
166,1024,0.003,128,SCARF,745984.0,729730,0.19896899,0.6654304243631752,0.6926737640577554,,,,,,,,,,,,,,,,,,,,,,
167,1024,0.003,128,SUBTAB,516608.0,729730,0.30768347,0.657400850566711,0.6935419342191069,,,,,,,,,,,,,,,,,,,,,,
168,1024,0.005,32,CLIP,24641.0,47266,0.32853016,0.6722777664422227,0.7027877463982941,358.4219970703125,81109.5390625,87.30699920654297,13504.443359375,29.211000442504883,0.3429999947547912,0.3210000097751617,218.2760009765625,315.5270080566406,1.212000012397766,96.31199645996094,1.5410000085830688,385.89300537109375,75.19400024414062,0.135000005364418,0.0790000036358833,325.44500732421875,3868.31005859375,22.041000366210938,96.9810028076172,7.296999931335449,418.3819885253906
169,1024,0.005,32,CONTROL,,47266,,,0.6753703725930282,,,,,,,,,,,,,,,,,,,,,,
170,1024,0.005,32,GMC,1119008.0,412162,0.4710647,0.6364667474825065,0.6792091249884977,607.5059814453125,59891.16796875,125.8280029296875,13724.224609375,109.41000366210938,1.3389999866485596,0.7450000047683716,1393.448974609375,2651.10205078125,2.713000059127808,157.78199768066406,2.938999891281128,1984.052978515625,45.30699920654297,3.0810000896453857,3.025000095367432,935.9719848632812,15155.9873046875,9.616999626159668,10.6850004196167,4.9720001220703125,1939.387939453125
171,1024,0.005,32,ICEH,406049.0,428674,0.15404548,0.6625278554596701,0.704424067117155,1099.0030517578125,6926.68310546875,122.71800231933594,582.3380126953125,112.5260009765625,2.744999885559082,0.5569999814033508,2542.90087890625,467.2850036621094,8.366999626159668,403.3320007324219,2.546999931335449,274.5610046386719,62.79999923706055,5.24399995803833,0.6869999766349792,805.7310180664062,2953.60107421875,8.923999786376953,9.54599952697754,4.605999946594238,288.510009765625
172,1024,0.005,32,MCN,27904.0,47266,0.20003821,0.6677048701545503,0.6982268524630828,501.0069885253906,27910.9609375,591.8599853515625,8296.986328125,1137.8280029296875,1.2610000371932983,0.9829999804496764,314.0679931640625,519.2540283203125,4.138999938964844,842.5269775390625,6.949999809265137,2121.410888671875,172.45700073242188,2.6659998893737797,2.1530001163482666,2416.298095703125,3310.028076171875,9.284000396728516,204.3470001220703,41.79600143432617,1047.9620361328125
173,1024,0.005,32,SCARF,48256.0,47266,0.1487576,0.6736280310940945,0.5,,,,,,,,,,,,,,,,,,,,,,
174,1024,0.005,32,SUBTAB,33920.0,47266,0.23188475,0.6512256402254841,0.6891490732183507,,,,,,,,,,,,,,,,,,,,,,
175,1024,0.005,64,CLIP,94337.0,184642,0.32722396,0.6743001628319151,0.6913234994058836,305.38800048828125,58582.578125,81.56500244140625,6163.14306640625,46.54600143432617,0.6340000033378601,0.2930000126361847,787.8939819335938,168.55099487304688,1.434000015258789,43.98400115966797,1.774999976158142,561.4819946289062,141.45700073242188,0.135000005364418,0.0810000002384185,457.1719970703125,3299.154052734375,12.36299991607666,10.913999557495115,6.539000034332275,443.5220031738281
176,1024,0.005,64,CONTROL,,184642,,,0.6847782165304399,,,,,,,,,,,,,,,,,,,,,,
177,1024,0.005,64,GMC,1123136.0,483970,0.44106764,0.5773071522018316,0.6697052622313974,602.5239868164062,82335.890625,120.6750030517578,13240.517578125,108.43099975585938,1.3420000076293943,12.267000198364258,2099.594970703125,3269.10791015625,2.930999994277954,156.32699584960938,2.999000072479248,1881.780029296875,40.415000915527344,3.053999900817871,2.9590001106262207,888.0369873046875,2594.162109375,9.802000045776367,10.892000198364258,4.97599983215332,1617.989013671875
178,1024,0.005,64,ICEH,410177.0,500482,0.09357819,0.670389396321679,0.6988209689099063,1110.2349853515625,6711.61181640625,119.60800170898438,691.7249755859375,86.94300079345703,2.930999994277954,0.449999988079071,361.3819885253906,2036.656005859375,4.269999980926514,94.01699829101562,1.9919999837875368,234.4770050048828,41.334999084472656,4.636000156402588,1.0880000591278076,412.1749877929688,3043.10009765625,4.558000087738037,8.489999771118164,4.011000156402588,250.45599365234372
179,1024,0.005,64,MCN,100864.0,184642,0.17843297,0.6511136182691808,0.6755104000384076,365.0790100097656,8554.875,113.08399963378906,2235.197021484375,219.19000244140625,0.8479999899864197,0.847000002861023,228.0290069580078,512.9299926757812,2.9800000190734863,277.5329895019531,2.2100000381469727,581.323974609375,48.104000091552734,2.6059999465942383,2.434999942779541,569.9990234375,2377.594970703125,7.309000015258789,11.803000450134276,3.50600004196167,1055.93896484375
180,1024,0.005,64,SCARF,188672.0,184642,0.2021743,0.6504694920204359,0.6697052622313974,,,,,,,,,,,,,,,,,,,,,,
181,1024,0.005,64,SUBTAB,131328.0,184642,0.27277717,0.6562746298274462,0.6856303835551768,,,,,,,,,,,,,,,,,,,,,,
182,1024,0.005,128,CLIP,368897.0,729730,0.32923022,0.6772367384007265,0.6914915323403388,368.22900390625,78041.0,88.79499816894531,5354.18212890625,40.400001525878906,0.3840000033378601,0.3009999990463257,824.343017578125,164.70199584960938,1.1720000505447388,42.19100189208984,1.7230000495910645,855.7650146484375,81.62000274658203,0.0659999996423721,0.0939999967813491,346.7239990234375,3684.181884765625,7.25600004196167,15.092000007629396,5.953000068664551,367.1910095214844
183,1024,0.005,128,CONTROL,,729730,,,0.6762725494196863,,,,,,,,,,,,,,,,,,,,,,
184,1024,0.005,128,GMC,1131392.0,762754,0.45543218,0.5622842077047101,0.6883029073698445,640.8759765625,80389.2578125,121.0719985961914,12859.63671875,114.02999877929688,1.337000012397766,0.7540000081062317,2019.666015625,2950.087890625,2.6070001125335693,160.3300018310547,2.947000026702881,2573.325927734375,45.06900024414063,3.065999984741211,3.00600004196167,904.9119873046876,2757.676025390625,9.73799991607666,10.84000015258789,4.980000019073486,1888.1209716796875
185,1024,0.005,128,ICEH,418433.0,779266,0.15132342,0.6803633512168386,0.6971006317238179,1326.7149658203125,7902.953125,96.72000122070312,484.0530090332031,77.02300262451172,0.7429999709129333,0.652999997138977,144.11900329589844,469.9849853515625,1.756999969482422,242.78900146484372,3.377000093460083,439.7770080566406,55.40900039672852,1.9600000381469729,0.3939999938011169,388.8760070800781,5140.0380859375,22.298999786376957,14.604999542236328,30.856000900268555,288.8760070800781
186,1024,0.005,128,MCN,381952.0,729730,0.22125849,0.6609415445427305,0.6884769414805302,521.3469848632812,13942.603515625,160.15699768066406,1464.06298828125,144.74099731445312,1.2549999952316284,0.8169999718666077,190.8990020751953,564.6400146484375,3.496999979019165,156.13600158691406,2.9830000400543213,346.0260009765625,31.70499992370605,3.2090001106262207,2.970000028610229,1532.760986328125,3354.635009765625,13.378999710083008,10.642999649047852,5.422999858856201,1088.031005859375
187,1024,0.005,128,SCARF,745984.0,729730,0.18407224,0.6668707066585051,0.6852663121971907,,,,,,,,,,,,,,,,,,,,,,
188,1024,0.005,128,SUBTAB,516608.0,729730,0.4229551,0.6638781201115418,0.6821056927157723,,,,,,,,,,,,,,,,,,,,,,
189,1024,0.007,32,CLIP,24641.0,47266,0.3768217,0.6860224604022389,0.6807214213985942,413.7130126953125,56712.15234375,77.83899688720703,11375.6513671875,27.097000122070312,0.5059999823570251,0.3880000114440918,989.677001953125,166.8249969482422,1.2519999742507937,48.76300048828125,8.055000305175781,826.468017578125,75.09400177001953,0.1490000039339065,0.0700000002980232,819.5330200195312,3307.64501953125,8.607999801635742,74.3010025024414,5.375,761.4420166015625
190,1024,0.007,32,CONTROL,,47266,,,0.6733639793399506,,,,,,,,,,,,,,,,,,,,,,
191,1024,0.007,32,GMC,1119008.0,412162,0.41204286,0.6155386455745326,0.5,612.3070068359375,86470.609375,126.58499908447266,12593.0439453125,113.8010025024414,1.3309999704360962,0.7419999837875366,2007.0989990234373,3395.675048828125,2.5220000743865967,165.8489990234375,2.878999948501587,2040.636962890625,44.01599884033203,3.058000087738037,2.950000047683716,909.0869750976562,3306.743896484375,9.843999862670898,10.979999542236328,5.014999866485596,902.7340087890624
192,1024,0.007,32,ICEH,406049.0,428674,0.23231073,0.6745302079207525,0.5,456.33099365234375,7962.201171875,125.65499877929688,1142.4339599609375,51.60599899291992,1.3140000104904177,0.9850000143051147,4170.48583984375,3351.06689453125,2.720000028610229,558.093017578125,3.888000011444092,277.8349914550781,56.64099884033203,1.0470000505447388,0.5809999704360962,518.3350219726562,3655.756103515625,6.401999950408936,10.44200038909912,4.758999824523926,309.3500061035156
193,1024,0.007,32,MCN,27904.0,47266,0.17145762,0.6577709231009278,0.6915475433184904,436.9530029296875,44401.96484375,538.8369750976562,6162.38623046875,475.2139892578125,1.6690000295639038,1.2580000162124634,200.8179931640625,485.6950073242188,4.458000183105469,900.8300170898438,6.3460001945495605,1391.5400390625,121.31099700927734,1.5299999713897705,1.621000051498413,1140.469970703125,3310.2119140625,44.983001708984375,214.22900390625,19.29700088500977,1251.0169677734375
194,1024,0.007,32,SCARF,48256.0,47266,0.14303376,0.6671447603730332,0.6979407963960936,,,,,,,,,,,,,,,,,,,,,,
195,1024,0.007,32,SUBTAB,33920.0,47266,0.20867755,0.6333681401554705,0.6701873567219174,,,,,,,,,,,,,,,,,,,,,,
196,1024,0.007,64,CLIP,94337.0,184642,0.33724365,0.6448263859716504,0.6889870414601262,127.10800170898438,73476.125,88.7020034790039,4093.847900390625,37.54600143432617,0.4729999899864197,0.3000000119209289,123.3219985961914,196.19700622558597,1.3220000267028809,45.10499954223633,1.8519999980926516,455.4670104980469,117.98899841308594,0.1120000034570694,0.0759999975562095,296.1520080566406,3466.30908203125,9.961999893188477,8.506999969482422,8.979000091552734,310.56500244140625
197,1024,0.007,64,CONTROL,,184642,,,0.6825317762281407,,,,,,,,,,,,,,,,,,,,,,
198,1024,0.007,64,GMC,1123136.0,483970,0.42605463,0.5735804217626654,0.6876307756320239,613.8280029296875,77834.3515625,121.72100067138672,13422.115234375,108.54000091552734,1.343000054359436,13.598999977111816,2122.116943359375,3601.490966796875,2.5810000896453857,161.04100036621094,2.8959999084472656,2446.826904296875,43.06700134277344,3.108999967575073,3.002000093460083,960.4580078125,3195.56396484375,9.755000114440918,10.770000457763672,4.97599983215332,2036.5150146484373
199,1024,0.007,64,ICEH,410177.0,500482,0.2033194,0.6674928285944045,0.7035779012686487,1059.43603515625,7393.5361328125,123.04199981689452,604.9509887695312,306.0459899902344,1.1440000534057615,0.6470000147819519,458.9360046386719,1241.626953125,2.9549999237060547,642.468994140625,3.888000011444092,235.81300354003903,70.4229965209961,6.376999855041504,3.075999975204468,647.22998046875,1982.7559814453125,7.847000122070312,10.847999572753906,4.922999858856201,427.9739990234375
200,1024,0.007,64,MCN,100864.0,184642,0.19681104,0.6618437213693884,0.6868406207616693,255.8860015869141,19600.720703125,110.75599670410156,10702.78515625,48.33700180053711,0.8830000162124634,1.1540000438690186,365.9010009765625,454.0499877929688,6.749000072479248,133.52099609375,2.38700008392334,1108.8179931640625,90.29100036621094,1.9279999732971191,2.302000045776367,888.6309814453125,1693.27099609375,7.2729997634887695,10.213000297546388,3.971999883651733,1121.2950439453125
201,1024,0.007,64,SCARF,188672.0,184642,0.18858966,0.670389396321679,0.6845321683049878,,,,,,,,,,,,,,,,,,,,,,
202,1024,0.007,64,SUBTAB,131328.0,184642,0.23924261,0.6569467615652669,0.6804133610187597,,,,,,,,,,,,,,,,,,,,,,
203,1024,0.007,128,CLIP,368897.0,729730,0.3823224,0.6682209713103768,0.6524478797844377,331.1289978027344,89899.6640625,88.73300170898438,5502.798828125,29.649999618530277,0.3610000014305115,0.2939999997615814,753.1220092773438,185.5059967041016,1.4670000076293943,47.18199920654297,1.537999987602234,882.6510009765625,129.36000061035156,0.1519999951124191,0.0710000023245811,342.73199462890625,3739.034912109375,8.116999626159668,10.258999824523926,5.867000102996826,330.08599853515625
204,1024,0.007,128,CONTROL,,729730,,,0.6886449744149854,,,,,,,,,,,,,,,,,,,,,,
205,1024,0.007,128,GMC,1131392.0,762754,0.4446417,0.5984092882204912,0.5122323975499198,616.9639892578125,78136.5859375,123.1060028076172,12766.9765625,112.28299713134766,1.3339999914169312,12.41100025177002,2061.341064453125,2831.035888671875,2.6489999294281006,154.43699645996094,2.921999931335449,2342.68505859375,42.874000549316406,3.049000024795532,3.003000020980835,903.7219848632812,4007.93896484375,9.982999801635742,10.83899974822998,4.954999923706055,1902.10498046875
206,1024,0.007,128,ICEH,418433.0,779266,0.22380972,0.6888750195038228,0.6926737640577554,1099.0030517578125,6675.6162109375,112.65899658203124,753.9719848632812,61.6870002746582,19.8439998626709,0.3740000128746032,335.3760070800781,449.39300537109375,2.931999921798706,329.3290100097656,2.3919999599456787,284.1409912109375,43.41999816894531,1.0880000591278076,2.135999917984009,1084.9930419921875,2350.030029296875,16.18899917602539,9.80799961090088,46.78799819946289,367.2369995117188
207,1024,0.007,128,MCN,381952.0,729730,0.9710297,0.6684450152229837,0.6874627426975688,531.781005859375,25045.8984375,148.24200439453125,1381.02294921875,126.22699737548828,1.152999997138977,1.156999945640564,190.8990020751953,408.2510070800781,5.436999797821045,223.13499450683597,3.9679999351501465,632.1119995117188,32.85699844360352,2.83899998664856,3.2039999961853027,912.4019775390624,2601.4619140625,10.932000160217283,11.248000144958496,5.852000236511231,796.0460205078125
208,1024,0.007,128,SCARF,745984.0,729730,0.20440862,0.652901968785882,0.5122323975499198,,,,,,,,,,,,,,,,,,,,,,
209,1024,0.007,128,SUBTAB,516608.0,729730,0.38789052,0.6580729823045317,0.6765526043104448,,,,,,,,,,,,,,,,,,,,,,
210,1024,0.01,32,CLIP,24641.0,47266,0.34170887,0.6592552140219483,0.6801833159299222,263.07598876953125,59153.87890625,90.3759994506836,11017.080078125,34.00600051879883,0.3199999928474426,0.3000000119209289,66.625,476.5230102539063,1.2139999866485596,53.38100051879883,1.50600004196167,292.5660095214844,156.91099548339844,0.1049999967217445,0.0900000035762786,551.85400390625,3317.62890625,16.48200035095215,7.551000118255615,7.84499979019165,309.8559875488281
211,1024,0.01,32,CONTROL,,47266,,,0.5029585798816568,,,,,,,,,,,,,,,,,,,,,,
212,1024,0.01,32,GMC,1119008.0,412162,0.41102803,0.5823501406275631,0.6760485055070794,598.8369750976562,79685.6953125,124.61799621582033,13797.728515625,114.4729995727539,1.3320000171661377,19.413000106811523,2231.080078125,3446.23095703125,2.8329999446868896,166.06100463867188,2.9609999656677246,2512.735107421875,46.66999816894531,3.164999961853028,3.0239999294281006,925.7949829101562,2739.18603515625,9.744999885559082,10.814000129699709,5.004000186920166,1998.1300048828125
213,1024,0.01,32,ICEH,406049.0,428674,0.25920552,0.6633120091537942,0.6964224988097667,936.1900024414062,6876.1259765625,125.97599792480467,609.39501953125,56.94499969482422,1.6540000438690186,0.6610000133514404,4418.65380859375,1988.593994140625,5.361999988555908,614.2109985351562,2.6730000972747803,241.0829925537109,62.24300003051758,68.77100372314453,29.090999603271484,420.4169921875,2191.702880859375,8.119999885559082,10.357999801635742,5.578999996185303,316.2479858398437
214,1024,0.01,32,MCN,27904.0,47266,0.21624002,0.6624098323271361,0.6885889634368336,452.2990112304688,58191.11328125,126.58899688720705,3508.47509765625,177.9969940185547,1.4229999780654907,1.0,191.4429931640625,572.47998046875,4.764999866485596,752.5980224609375,7.804999828338623,348.989990234375,130.4029998779297,5.239999771118164,2.8559999465942383,1518.1309814453125,3315.39892578125,16.033000946044922,35.040000915527344,30.64800071716309,1121.678955078125
215,1024,0.01,32,SCARF,48256.0,47266,0.19030657,0.6757184408143997,0.6863365219583037,,,,,,,,,,,,,,,,,,,,,,
216,1024,0.01,32,SUBTAB,33920.0,47266,0.17687161,0.648049017607451,0.6873787262303411,,,,,,,,,,,,,,,,,,,,,,
217,1024,0.01,64,CLIP,94337.0,184642,0.3313445,0.6681029481778429,0.7024796860184597,326.0429992675781,78160.609375,813.3569946289062,2459.55810546875,29.392000198364254,0.3330000042915344,0.2840000092983246,143.3679962158203,179.99000549316406,1.6720000505447388,44.97100067138672,1.8320000171661377,601.635986328125,139.23399353027344,0.1309999972581863,0.0710000023245811,271.4760131835937,3563.80908203125,5.4720001220703125,12.17099952697754,5.6570000648498535,316.625
218,1024,0.01,64,CONTROL,,184642,,,0.6924217146560725,,,,,,,,,,,,,,,,,,,,,,
219,1024,0.01,64,GMC,1123136.0,483970,0.37243894,0.5615500638125073,0.6834619585438746,627.5289916992188,36801.42578125,120.5709991455078,12918.740234375,116.03500366210938,1.3359999656677246,22.73600006103516,2034.39794921875,3192.910888671875,2.6489999294281006,159.44900512695312,3.009000062942505,2565.2109375,47.428001403808594,3.138000011444092,3.0350000858306885,970.0440063476562,2809.759033203125,9.812999725341797,10.961999893188477,5.001999855041504,1970.552001953125
220,1024,0.01,64,ICEH,410177.0,500482,0.26223,0.6730339146472708,0.5010141987829615,206.75100708007807,6345.73486328125,128.16299438476562,558.25,63.23699951171875,0.9120000004768372,0.7379999756813049,4406.69287109375,3963.64794921875,2.7920000553131104,656.2340087890625,3.888000011444092,269.35400390625,47.43399810791016,10.60099983215332,0.7710000276565552,501.3290100097656,1940.6839599609373,6.573999881744385,11.45199966430664,42.90499877929688,289.2019958496094
221,1024,0.01,64,MCN,100864.0,184642,0.757015,0.673516009137791,0.6970386195694356,522.3189697265625,42839.46484375,130.3090057373047,2652.158935546875,141.39300537109375,1.350000023841858,1.1399999856948853,190.8990020751953,434.3089904785156,15.276000022888184,228.8560028076172,3.006999969482422,614.9829711914062,30.038000106811523,3.384000062942505,3.0799999237060547,1452.0560302734375,2544.632080078125,11.234000205993652,10.118000030517578,5.98199987411499,1289.0269775390625
222,1024,0.01,64,SCARF,188672.0,184642,0.24141175,0.67058543474521,0.6557765322003113,,,,,,,,,,,,,,,,,,,,,,
223,1024,0.01,64,SUBTAB,131328.0,184642,0.43746784,0.656694712163584,0.693043836591972,,,,,,,,,,,,,,,,,,,,,,
224,1024,0.01,128,CLIP,368897.0,729730,0.3671628,0.6298934591179871,0.6856583890442527,179.72799682617188,86526.3671875,493.7340087890625,4428.76513671875,35.005001068115234,0.4569999873638153,0.3009999990463257,118.44300079345705,175.38099670410156,1.5119999647140503,40.7239990234375,1.565000057220459,658.6079711914062,72.70700073242188,0.1120000034570694,0.0659999996423721,289.0039978027344,4002.863037109375,5.452000141143799,10.414999961853027,5.796000003814697,242.572998046875
225,1024,0.01,128,CONTROL,,729730,,,0.5,,,,,,,,,,,,,,,,,,,,,,
226,1024,0.01,128,GMC,1131392.0,762754,0.40788937,0.5854147412892927,0.6590471732459562,618.9310302734375,80592.4140625,121.99400329589844,13052.3310546875,115.83899688720705,1.337000012397766,19.97100067138672,2201.58203125,3364.56396484375,2.5840001106262207,168.51199340820312,2.9019999504089355,2543.867919921875,47.29399871826172,3.08899998664856,3.026000022888184,908.35302734375,3226.759033203125,9.70300006866455,10.798999786376951,5.039000034332275,1952.9620361328125
227,1024,0.01,128,ICEH,418433.0,779266,0.28802642,0.6672567823293365,0.6916595652747939,3190.3369140625,14284.0224609375,172.8990020751953,941.7639770507812,327.0390014648437,2.2960000038146973,1.0440000295639038,1850.8260498046875,462.3869934082031,4.224999904632568,504.8699951171875,9.387999534606934,257.5429992675781,80.74800109863281,11.06700038909912,5.519999980926514,416.5260009765625,1807.3270263671875,7.498000144958496,11.45199966430664,4.942999839782715,414.83099365234375
228,1024,0.01,128,MCN,381952.0,729730,0.18473382,0.6500214041952223,0.6884209305023785,464.0,12586.7021484375,139.45199584960938,3959.7080078125,122.41699981689452,1.0130000114440918,1.4859999418258667,194.7429962158203,602.510009765625,2.219000101089477,131.18899536132812,2.683000087738037,445.1289978027344,35.46200180053711,2.815000057220459,3.056999921798706,814.8150024414062,2804.06396484375,11.456000328063965,12.369999885559082,5.396999835968018,1636.968017578125
229,1024,0.01,128,SCARF,745984.0,729730,0.2536922,0.6215838304307644,0.6719016927317754,,,,,,,,,,,,,,,,,,,,,,
230,1024,0.01,128,SUBTAB,516608.0,729730,0.3884717,0.6551644122247962,0.6921696652543898,,,,,,,,,,,,,,,,,,,,,,
