,batch_size,learning_rate,latent_dim,model_type,embedder_params,predictor_params,kmeans_perf,knn_perf,predictor_perf,median_income,housing_median_age,total_rooms,total_bedrooms,population,households,latitude,longitude
0,1024,0.0001,32,CLIP,8961.0,17217,0.5594033,0.099578746,0.19935513,2.5592150688171387,190.8125,0.0128399636596441,0.002670434769243,0.0103367697447538,0.0007643264252692,10.497961044311523,4.371407985687256
1,1024,0.0001,32,CONTROL,,17217,,,0.13600706,,,,,,,,
2,1024,0.0001,32,GMC,420128.0,163041,0.3672928,0.15847102,0.18365937,3.344848394393921,75.0,0.0786061733961105,0.0669441446661949,0.0494921654462814,0.0635318979620933,12.097853660583496,3.2522380352020264
3,1024,0.0001,32,ICEH,171297.0,179553,0.4728135,0.12801,0.12698428,5.917234897613525,252.3125,0.0111788846552371,0.0079025654122233,0.0143796037882566,0.0064964974299073,22.316797256469727,9.758675575256348
4,1024,0.0001,32,MCN,12224.0,17217,0.55165005,0.09886415,0.15906288,10.267671585083008,269.1875,0.2806834578514099,0.1829924434423446,0.3550019264221191,0.44000905752182,13.604820251464844,10.05070686340332
5,1024,0.0001,32,SCARF,18240.0,17217,0.5051149,0.15414558,0.25312114,,,,,,,,
6,1024,0.0001,32,SUBTAB,13120.0,17217,0.5286542,0.09447215,0.15296032,,,,,,,,
7,1024,0.0001,64,CLIP,34305.0,67201,0.4978827,0.088317536,0.11750933,6.081301212310791,196.0625,0.0139391450211405,0.0014305999502539,0.0091375969350337,0.0009647029219195,7.616456985473633,8.459833145141602
8,1024,0.0001,64,CONTROL,,67201,,,0.1416455,,,,,,,,
9,1024,0.0001,64,GMC,424256.0,191809,0.38167408,0.15529735,0.12535405,3.3083913326263428,64.8125,0.0772051811218261,0.0634771659970283,0.0476956814527511,0.063606172800064,12.097853660583496,9.47291374206543
10,1024,0.0001,64,ICEH,175425.0,208321,0.49609798,0.13301036,0.12334529,12.603466987609863,250.125,0.0160509180277586,0.0065291607752442,0.0207554623484611,0.0009586190572008,22.316797256469727,4.410349845886231
11,1024,0.0001,64,MCN,40832.0,67201,0.5256518,0.09116486,0.16326295,5.617210388183594,131.375,0.3843596577644348,0.1311852782964706,0.3550019264221191,0.3553600609302521,10.517147064208984,4.410349845886231
12,1024,0.0001,64,SCARF,71296.0,67201,0.68865824,0.25431228,0.12557447,,,,,,,,
13,1024,0.0001,64,SUBTAB,50816.0,67201,0.5100495,0.09512969,0.13574895,,,,,,,,
14,1024,0.0001,128,CLIP,134145.0,265473,0.49548656,0.087199636,0.11620183,11.716007232666016,258.5625,0.0117587679997086,0.0030053965747356,0.0099084768444299,0.0007823482155799,11.656503677368164,4.410349845886231
15,1024,0.0001,128,CONTROL,,265473,,,0.12775803,,,,,,,,
16,1024,0.0001,128,GMC,432512.0,298497,0.39351785,0.15608008,0.1087932,3.617403984069824,65.9375,0.0770163908600807,0.0639796331524849,0.0496849194169044,0.0635318979620933,9.526704788208008,9.552318572998049
17,1024,0.0001,128,ICEH,183681.0,315009,0.48238096,0.13949323,0.111537635,7.468226909637451,199.375,0.011207053437829,0.0026497605722397,0.0278325453400611,0.0022227389272302,22.316797256469727,4.410349845886231
18,1024,0.0001,128,MCN,147200.0,265473,0.5073825,0.09231488,0.11936181,7.012601852416992,97.625,0.1694842278957367,0.3102922141551971,0.1301015317440033,0.2887994050979614,22.316797256469727,9.961614608764648
19,1024,0.0001,128,SCARF,281856.0,265473,0.6276593,0.17720588,0.11698591,,,,,,,,
20,1024,0.0001,128,SUBTAB,199936.0,265473,0.52488244,0.09549745,0.12280906,,,,,,,,
21,1024,0.0002,32,CLIP,8961.0,17217,0.5576581,0.093934685,0.17315872,1.3591419458389282,231.375,0.0167489629238843,0.0083627570420503,0.0069976467639207,0.0007619811221957,10.497961044311523,10.05070686340332
22,1024,0.0002,32,CONTROL,,17217,,,0.16252935,,,,,,,,
23,1024,0.0002,32,GMC,420128.0,163041,0.6020722,0.16371775,0.123267226,3.4867382049560547,93.375,0.0348754487931728,0.0209326054900884,0.0432898662984371,0.0225143153220415,12.097853660583496,8.328593254089355
24,1024,0.0002,32,ICEH,171297.0,179553,0.33453888,0.13977267,0.11750642,8.010818481445312,276.25,0.155755341053009,0.0735127478837966,0.1363183408975601,0.0517476126551628,21.302539825439453,7.547593116760254
25,1024,0.0002,32,MCN,12224.0,17217,0.49925375,0.08822727,0.13061692,14.305418014526367,269.1875,0.1229194104671478,0.1439445465803146,0.0267031677067279,0.1897293180227279,10.514936447143556,7.964330196380615
26,1024,0.0002,32,SCARF,18240.0,17217,0.50754184,0.16637129,0.13634554,,,,,,,,
27,1024,0.0002,32,SUBTAB,13120.0,17217,0.48173925,0.08672393,0.18317062,,,,,,,,
28,1024,0.0002,64,CLIP,34305.0,67201,0.49011436,0.087278955,0.11590594,5.1081624031066895,196.5,0.0097225178033113,0.0016254294896498,0.0080782063305377,0.0009095055283978,6.8398518562316895,9.33509922027588
29,1024,0.0002,64,CONTROL,,67201,,,0.13554762,,,,,,,,
30,1024,0.0002,64,GMC,424256.0,191809,0.663842,0.16506748,0.11438653,3.2481963634490967,73.8125,0.0289264749735593,0.0216149128973484,0.0443086698651313,0.020374346524477,5.705783843994141,8.915966033935547
31,1024,0.0002,64,ICEH,175425.0,208321,0.7444104,0.14263383,0.11215616,1.8010834455490112,339.0,0.0161753706634044,0.0100521687418222,0.0291039012372493,0.007539483718574,9.48370361328125,4.1224470138549805
32,1024,0.0002,64,MCN,40832.0,67201,0.526573,0.09078507,0.11718286,9.228710174560549,106.4375,0.1864933669567108,0.5990014672279358,0.0789539068937301,0.1380482614040374,13.615320205688477,4.388049125671387
33,1024,0.0002,64,SCARF,71296.0,67201,0.73161215,0.2923536,0.12132495,,,,,,,,
34,1024,0.0002,64,SUBTAB,50816.0,67201,0.52955353,0.09504441,0.12340781,,,,,,,,
35,1024,0.0002,128,CLIP,134145.0,265473,0.45669797,0.085355386,0.11081045,2.71303653717041,197.5,0.012481128796935,0.0030637145973742,0.0067763281986117,0.0011200145818293,6.8398518562316895,10.05070686340332
36,1024,0.0002,128,CONTROL,,265473,,,0.11912466,,,,,,,,
37,1024,0.0002,128,GMC,432512.0,298497,0.4150889,0.16202241,0.10482927,3.5120291709899902,73.875,0.0363596230745315,0.0274731442332267,0.0303259789943695,0.0234695598483085,7.616456985473633,8.41812515258789
38,1024,0.0002,128,ICEH,183681.0,315009,0.79381233,0.14335695,0.10351563,5.682553291320801,193.0625,0.0083977067843079,0.0010832059197127,0.0116955675184726,0.0007822754560038,13.489801406860352,10.05070686340332
39,1024,0.0002,128,MCN,147200.0,265473,0.5346693,0.090253964,0.1335427,7.493525981903076,109.0625,0.3051636219024658,0.1860435009002685,0.0731538534164428,0.1118670850992202,7.206103324890137,6.944058418273926
40,1024,0.0002,128,SCARF,281856.0,265473,0.5806155,0.1619475,0.11932497,,,,,,,,
41,1024,0.0002,128,SUBTAB,199936.0,265473,0.5015468,0.09573491,0.1196731,,,,,,,,
42,1024,0.0003,32,CLIP,8961.0,17217,0.5015846,0.08962703,0.12466398,2.600194215774536,205.5625,0.0075415116734802,0.0010275933891534,0.0115455407649278,0.0007731466321274,10.497961044311523,8.215085983276367
43,1024,0.0003,32,CONTROL,,17217,,,0.14904676,,,,,,,,
44,1024,0.0003,32,GMC,420128.0,163041,0.57574534,0.1646623,0.1266386,3.718741178512573,100.0625,0.0348551720380783,0.0129909692332148,0.0169903896749019,0.0113704781979322,8.774999618530273,8.203737258911133
45,1024,0.0003,32,ICEH,171297.0,179553,0.336172,0.13108319,0.12143542,13.80666160583496,300.125,0.0506040453910827,0.0284319519996643,0.0573159530758857,0.0684301853179931,21.302539825439453,10.05070686340332
46,1024,0.0003,32,MCN,12224.0,17217,0.5365141,0.09016791,0.12406827,14.13650894165039,56.0,0.0795837193727493,0.2501856982707977,0.0771403387188911,0.1201634928584098,13.693504333496094,5.278088569641113
47,1024,0.0003,32,SCARF,18240.0,17217,0.51680356,0.15722226,0.12207239,,,,,,,,
48,1024,0.0003,32,SUBTAB,13120.0,17217,0.5463514,0.10196717,0.11566035,,,,,,,,
49,1024,0.0003,64,CLIP,34305.0,67201,0.46428084,0.087728016,0.11352285,6.076690673828125,155.8125,0.0125842131674289,0.0016553897876292,0.0102685028687119,0.0009745340212248,6.8398518562316895,5.825994968414307
50,1024,0.0003,64,CONTROL,,67201,,,0.11712131,,,,,,,,
51,1024,0.0003,64,GMC,424256.0,191809,0.5564995,0.16353337,0.11193552,3.452578544616699,101.125,0.0325348004698753,0.0223051439970731,0.0170980431139469,0.021259170025587,8.932018280029297,7.678411483764648
52,1024,0.0003,64,ICEH,175425.0,208321,0.37113965,0.13894352,0.11469101,11.86815071105957,133.3125,0.054343469440937,0.0336454659700393,0.0451845824718475,0.0603045523166656,16.939966201782227,4.410349845886231
53,1024,0.0003,64,MCN,40832.0,67201,0.5355363,0.09292805,0.12129958,5.72926139831543,73.3125,0.4143897891044616,0.2989036738872528,0.1205492839217186,0.3553600609302521,18.310697555541992,10.05070686340332
54,1024,0.0003,64,SCARF,71296.0,67201,0.45817927,0.17100398,0.12564953,,,,,,,,
55,1024,0.0003,64,SUBTAB,50816.0,67201,0.49204636,0.090177625,0.11553266,,,,,,,,
56,1024,0.0003,128,CLIP,134145.0,265473,0.5171779,0.09085033,0.104951106,2.96089506149292,175.125,0.0134839946404099,0.0027169287204742,0.0099115129560232,0.0008937556995078,11.656503677368164,4.691254138946533
57,1024,0.0003,128,CONTROL,,265473,,,0.11184392,,,,,,,,
58,1024,0.0003,128,GMC,432512.0,298497,0.6809503,0.16440266,0.10621575,3.529489040374756,106.625,0.0289635248482227,0.0118473814800381,0.0172312892973423,0.011625088751316,6.746901512145996,8.915966033935547
59,1024,0.0003,128,ICEH,183681.0,315009,0.8460021,0.14257345,0.10720927,7.600420475006103,194.1875,0.0084131741896271,0.0007443128852173,0.008546114899218,0.0007733819074928,22.316797256469727,4.410349845886231
60,1024,0.0003,128,MCN,147200.0,265473,0.5404473,0.092794746,0.113757156,18.89308738708496,97.625,0.1858425289392471,0.1944724023342132,0.0947088450193405,0.0786138027906417,18.595029830932617,3.3224306106567383
61,1024,0.0003,128,SCARF,281856.0,265473,0.4863961,0.16387838,0.11585205,,,,,,,,
62,1024,0.0003,128,SUBTAB,199936.0,265473,0.47999552,0.090810955,0.11813329,,,,,,,,
63,1024,0.0005,32,CLIP,8961.0,17217,0.5223571,0.095638394,0.1224314,7.503556251525879,185.1875,0.0102172158658504,0.0027184598147869,0.0111924558877944,0.0008937556995078,8.983281135559082,8.635061264038086
64,1024,0.0005,32,CONTROL,,17217,,,0.12471644,,,,,,,,
65,1024,0.0005,32,GMC,420128.0,163041,0.61840856,0.16361298,0.11573558,4.496109008789063,118.25,0.0278708282858133,0.0088768629357218,0.0130674820393323,0.0111763039603829,11.325953483581545,8.90206527709961
66,1024,0.0005,32,ICEH,171297.0,179553,0.42931405,0.14594674,0.11549425,4.13372802734375,141.75,0.0338969603180885,0.0728219524025917,0.0493143424391746,0.0604750104248523,19.702646255493164,4.410349845886231
67,1024,0.0005,32,MCN,12224.0,17217,0.54642266,0.091897346,0.12347854,8.15437126159668,74.8125,0.4233145713806152,0.2989036738872528,0.2820740342140198,0.0809183120727539,18.310697555541992,7.405742168426514
68,1024,0.0005,32,SCARF,18240.0,17217,0.62590396,0.2650356,0.12225779,,,,,,,,
69,1024,0.0005,32,SUBTAB,13120.0,17217,0.47110122,0.091856666,0.13271266,,,,,,,,
70,1024,0.0005,64,CLIP,34305.0,67201,0.45522514,0.08615664,0.10958859,7.537262916564941,160.25,0.0134158702567219,0.0027169287204742,0.0112783899530768,0.0001470410061301,7.616456985473633,6.129158973693848
71,1024,0.0005,64,CONTROL,,67201,,,0.122242644,,,,,,,,
72,1024,0.0005,64,GMC,424256.0,191809,0.7620354,0.16729192,0.10881467,3.4148120880126958,153.75,0.0282291527837514,0.0127490386366844,0.0132407452911138,0.0119797941297292,10.461551666259766,7.678311824798584
73,1024,0.0005,64,ICEH,175425.0,208321,0.46528596,0.1554134,0.11923395,5.205889701843262,310.4375,0.0326514691114425,0.0612287260591983,0.0194492097944021,0.0637396723031997,10.93082046508789,4.410349845886231
74,1024,0.0005,64,MCN,40832.0,67201,0.54740703,0.091792405,0.11885121,4.992990970611572,97.125,0.166256695985794,0.1386574953794479,0.0906584784388542,0.618787407875061,20.90362548828125,4.410349845886231
75,1024,0.0005,64,SCARF,71296.0,67201,0.5405504,0.15152983,0.11419054,,,,,,,,
76,1024,0.0005,64,SUBTAB,50816.0,67201,0.48886555,0.099428825,0.11169222,,,,,,,,
77,1024,0.0005,128,CLIP,134145.0,265473,0.5108053,0.085765265,0.11456509,3.8088574409484863,181.625,0.0125340968370437,0.0027169287204742,0.0101626366376876,0.0007733819074928,10.497961044311523,10.05070686340332
78,1024,0.0005,128,CONTROL,,265473,,,0.11386523,,,,,,,,
79,1024,0.0005,128,GMC,432512.0,298497,0.8034637,0.16919726,0.105557606,3.833471298217773,131.0625,0.0267415791749954,0.0089654549956321,0.0130674820393323,0.0064928508363664,10.799264907836914,7.770049095153809
80,1024,0.0005,128,ICEH,183681.0,315009,0.34849486,0.122699216,0.11089505,18.89308738708496,300.125,0.0406170114874839,0.0846811980009079,0.0464601702988147,0.0807290449738502,22.316797256469727,4.410349845886231
81,1024,0.0005,128,MCN,147200.0,265473,0.5136702,0.09032002,0.11672645,4.1862568855285645,74.875,0.1246235072612762,0.3096746802330017,0.2274942249059677,0.0675498098134994,22.316797256469727,8.840867042541504
82,1024,0.0005,128,SCARF,281856.0,265473,0.7233248,0.16320324,0.10973735,,,,,,,,
83,1024,0.0005,128,SUBTAB,199936.0,265473,0.3837185,0.09429018,0.1118248,,,,,,,,
84,1024,0.0007,32,CLIP,8961.0,17217,0.5263841,0.08847271,0.10343655,6.016419887542725,140.6875,0.0114857982844114,0.0027184598147869,0.0103478590026497,0.0009095055283978,7.616456985473633,4.410349845886231
85,1024,0.0007,32,CONTROL,,17217,,,0.1128868,,,,,,,,
86,1024,0.0007,32,GMC,420128.0,163041,0.74585384,0.16492261,0.10910819,3.1494083404541016,121.375,0.0212251339107751,0.0085882302373647,0.0134976878762245,0.0078512839972972,12.097853660583496,9.824222564697266
87,1024,0.0007,32,ICEH,171297.0,179553,0.424647,0.16905063,0.12158628,11.547780990600586,210.5,0.0353475995361804,0.0733425095677375,0.0372856184840202,0.0587383434176445,22.316797256469727,10.05070686340332
88,1024,0.0007,32,MCN,12224.0,17217,0.5577435,0.10086107,0.11570357,13.937564849853516,77.375,0.3019783496856689,0.129435509443283,0.1245947927236557,0.1542277634143829,23.48382568359375,6.85506010055542
89,1024,0.0007,32,SCARF,18240.0,17217,0.6396567,0.31042826,0.119092785,,,,,,,,
90,1024,0.0007,32,SUBTAB,13120.0,17217,0.5222547,0.10319173,0.109269485,,,,,,,,
91,1024,0.0007,64,CLIP,34305.0,67201,0.51428807,0.09556219,0.10876909,7.503556251525879,195.3125,0.0095372721552848,0.0027184598147869,0.0116226775571703,0.0009029572829604,9.50916862487793,4.193412780761719
92,1024,0.0007,64,CONTROL,,67201,,,0.11072323,,,,,,,,
93,1024,0.0007,64,GMC,424256.0,191809,0.7885305,0.16334392,0.10235941,3.9071202278137207,153.75,0.0233341194689273,0.0082485191524028,0.0130680669099092,0.0076152440160512,6.8398518562316895,6.843944072723389
94,1024,0.0007,64,ICEH,175425.0,208321,0.45493114,0.15869777,0.118705705,7.71000862121582,199.3125,0.0282632932066917,0.0657159090042114,0.0261367745697498,0.0617894008755683,24.96064758300781,4.410349845886231
95,1024,0.0007,64,MCN,40832.0,67201,0.55476034,0.09364059,0.11421721,7.007777214050293,100.5,0.329745352268219,0.3094359636306762,0.2184144407510757,0.1856966316699981,19.324954986572266,7.681087017059326
96,1024,0.0007,64,SCARF,71296.0,67201,0.6180564,0.20597209,0.13126914,,,,,,,,
97,1024,0.0007,64,SUBTAB,50816.0,67201,0.4255173,0.09576476,0.110457964,,,,,,,,
98,1024,0.0007,128,CLIP,134145.0,265473,0.50256974,0.084374465,0.10797056,13.80666160583496,197.0,0.0130046820268034,0.0671755969524383,0.0112935453653335,0.0009026492480188,7.616456985473633,4.643853187561035
99,1024,0.0007,128,CONTROL,,265473,,,0.116635196,,,,,,,,
100,1024,0.0007,128,GMC,432512.0,298497,0.77826446,0.16762045,0.10766414,4.107396125793457,101.75,0.0264945589005947,0.0098662935197353,0.0130674820393323,0.0085474289953708,14.805363655090332,5.797955513000488
101,1024,0.0007,128,ICEH,183681.0,315009,0.4207482,0.20331788,0.10688686,8.328438758850098,310.4375,0.0350393578410148,0.0577178932726383,0.0362796932458877,0.064955897629261,9.48370361328125,4.410349845886231
102,1024,0.0007,128,MCN,147200.0,265473,0.49552432,0.09581606,0.123891555,7.311530113220215,182.625,0.1456671357154846,0.0944551154971122,0.0682099312543869,0.1423247307538986,9.48370361328125,4.410349845886231
103,1024,0.0007,128,SCARF,281856.0,265473,0.560281,0.1531666,0.12052321,,,,,,,,
104,1024,0.0007,128,SUBTAB,199936.0,265473,0.3566681,0.09139654,0.10975919,,,,,,,,
105,1024,0.001,32,CLIP,8961.0,17217,0.5323863,0.09783433,0.111921415,9.560165405273438,158.0625,0.0138061512261629,0.0027777918148785,0.0114036686718463,0.0009656405309215,7.616456985473633,10.022902488708496
106,1024,0.001,32,CONTROL,,17217,,,0.12479022,,,,,,,,
107,1024,0.001,32,GMC,420128.0,163041,0.795104,0.1673568,0.10897914,2.6905922889709477,149.0,0.023486353456974,0.0083515662699937,0.0135012259706854,0.0067357020452618,13.260640144348145,7.852066516876221
108,1024,0.001,32,ICEH,171297.0,179553,0.38235116,0.12918188,0.116997816,5.985076904296875,300.125,0.0369828753173351,0.0909084677696228,0.0933243930339813,0.0505113638937473,24.96064758300781,10.05070686340332
109,1024,0.001,32,MCN,12224.0,17217,0.5067353,0.08981328,0.123210944,11.815120697021484,448.625,0.457993745803833,0.4872637391090393,0.0811650678515434,0.44000905752182,16.528324127197266,10.05070686340332
110,1024,0.001,32,SCARF,18240.0,17217,0.72234756,0.33488703,0.1287948,,,,,,,,
111,1024,0.001,32,SUBTAB,13120.0,17217,0.49679306,0.108994015,0.12228795,,,,,,,,
112,1024,0.001,64,CLIP,34305.0,67201,0.50767046,0.087100804,0.120783225,5.992485046386719,171.5625,0.0141177335754036,0.0027184598147869,0.0112822223454713,0.0009491338860243,7.616456985473633,9.469141006469728
113,1024,0.001,64,CONTROL,,67201,,,0.12033605,,,,,,,,
114,1024,0.001,64,GMC,424256.0,191809,0.76101935,0.16427,0.122616805,5.464385986328125,114.8125,0.0264945589005947,0.0091391671448946,0.0132066933438181,0.006505255587399,8.219368934631348,6.013005256652832
115,1024,0.001,64,ICEH,175425.0,208321,0.4407088,0.18653007,0.10622852,7.509672164916992,236.1875,0.1026115864515304,0.0909084677696228,0.0712782219052314,0.0956325978040695,25.621490478515625,10.05070686340332
116,1024,0.001,64,MCN,40832.0,67201,0.5140855,0.09498948,0.115938045,3.781307220458984,247.125,0.1455335021018982,0.1259552240371704,0.091211050748825,0.1766486465930938,13.205470085144045,8.331897735595703
117,1024,0.001,64,SCARF,71296.0,67201,0.71979,0.31069466,0.117708534,,,,,,,,
118,1024,0.001,64,SUBTAB,50816.0,67201,0.39770108,0.095437914,0.1056198,,,,,,,,
119,1024,0.001,128,CLIP,134145.0,265473,0.5068401,0.08841824,0.1197576,14.206750869750977,207.5,0.0118027376011013,0.0027272668667137,0.0099115129560232,0.0014941873960196,7.616456985473633,4.789037704467773
120,1024,0.001,128,CONTROL,,265473,,,0.11851802,,,,,,,,
121,1024,0.001,128,GMC,432512.0,298497,0.7738514,0.1668659,0.107782185,3.940521240234375,93.625,0.0252463072538375,0.007694236934185,0.0130674820393323,0.0063007720746099,11.858146667480469,8.321699142456055
122,1024,0.001,128,ICEH,183681.0,315009,0.43541527,0.16119084,0.123543866,12.226926803588867,168.125,0.1144793778657913,0.0808084830641746,0.0670218914747238,0.0441927872598171,13.489801406860352,4.410349845886231
123,1024,0.001,128,MCN,147200.0,265473,0.48227054,0.10694103,0.120109424,5.188149452209473,86.375,0.1852405369281768,0.0792538076639175,0.0726972967386245,0.1027016043663024,9.48370361328125,7.405742168426514
124,1024,0.001,128,SCARF,281856.0,265473,0.77157867,0.33625224,0.187681,,,,,,,,
125,1024,0.001,128,SUBTAB,199936.0,265473,0.44894284,0.08467405,0.11197643,,,,,,,,
126,1024,0.002,32,CLIP,8961.0,17217,0.5245223,0.08774754,0.10956692,14.365164756774902,240.25,0.0105903223156929,0.0093091651797294,0.0100670102983713,0.0009095055283978,11.813522338867188,10.05070686340332
127,1024,0.002,32,CONTROL,,17217,,,0.11570058,,,,,,,,
128,1024,0.002,32,GMC,420128.0,163041,0.77702713,0.16284183,0.106004745,3.5277209281921387,70.25,0.024964053183794,0.009015979245305,0.0130674820393323,0.0078466581180691,11.028427124023438,5.61778450012207
129,1024,0.002,32,ICEH,171297.0,179553,0.49219197,0.21487081,0.11645398,7.00109338760376,153.1875,0.0051904032006859,0.0009932941757142,0.0198360756039619,0.0049667488783597,18.95574951171875,7.034574508666992
130,1024,0.002,32,MCN,12224.0,17217,0.54049623,0.095889665,0.115553044,5.329653739929199,310.4375,0.1061169579625129,0.0803736597299575,0.0640363246202468,0.1256783902645111,16.49491310119629,10.061834335327148
131,1024,0.002,32,SCARF,18240.0,17217,0.74723905,0.3152451,0.11566207,,,,,,,,
132,1024,0.002,32,SUBTAB,13120.0,17217,0.3772701,0.09512065,0.10707507,,,,,,,,
133,1024,0.002,64,CLIP,34305.0,67201,0.54321,0.08652712,0.108423516,11.136795997619627,241.375,0.0118479635566473,0.0027169287204742,0.0104628391563892,0.0009029572829604,7.616456985473633,10.252044677734377
134,1024,0.002,64,CONTROL,,67201,,,0.11958437,,,,,,,,
135,1024,0.002,64,GMC,424256.0,191809,0.43301028,0.16294456,0.11775185,3.834088325500488,64.75,0.0679738223552703,0.0463463850319385,0.0401573404669761,0.044624987989664,19.87432289123535,9.851284980773926
136,1024,0.002,64,ICEH,175425.0,208321,0.50010335,0.22071223,0.1037355,13.80666160583496,142.1875,0.0806795507669448,0.0766639858484268,0.0618586689233779,0.0807190835475921,22.316797256469727,10.05070686340332
137,1024,0.002,64,MCN,40832.0,67201,0.47151563,0.09145644,0.13635963,4.992990970611572,136.125,0.329745352268219,0.167990505695343,0.0923988372087478,0.1148006319999694,7.996949672698975,8.331897735595703
138,1024,0.002,64,SCARF,71296.0,67201,0.6721404,0.16607867,0.12885816,,,,,,,,
139,1024,0.002,64,SUBTAB,50816.0,67201,0.4692976,0.096194774,0.11659233,,,,,,,,
140,1024,0.002,128,CLIP,134145.0,265473,0.5221531,0.08756629,0.11758048,7.537262916564941,190.375,0.011242713779211,0.0027169287204742,0.0116985011845827,0.0009055378031916,6.105683326721191,5.786339282989502
141,1024,0.002,128,CONTROL,,265473,,,0.120905824,,,,,,,,
142,1024,0.002,128,GMC,432512.0,298497,0.65824324,0.16247101,0.11997716,2.9968175888061523,68.9375,0.0783567726612091,0.0456149652600288,0.0475224182009696,0.0484503880143165,4.991670608520508,9.475958824157717
143,1024,0.002,128,ICEH,183681.0,315009,0.49510086,0.26322293,0.10931981,8.268987655639648,168.125,0.0639806389808654,0.067502312362194,0.0430109053850173,0.0564863607287406,18.310697555541992,4.401949405670166
144,1024,0.002,128,MCN,147200.0,265473,0.32069892,0.1265077,0.117390655,4.777329444885254,163.5625,0.1340838372707367,0.0306261591613292,0.0738386660814285,0.0403464585542678,9.666186332702637,4.410349845886231
145,1024,0.002,128,SCARF,281856.0,265473,0.63615817,0.20901956,0.11769665,,,,,,,,
146,1024,0.002,128,SUBTAB,199936.0,265473,0.5154647,0.09490707,0.12341361,,,,,,,,
147,1024,0.003,32,CLIP,8961.0,17217,0.5273781,0.08937206,0.10791821,6.747004508972168,202.8125,0.0125537673011422,0.004011136945337,0.0114480499178171,0.0010184926213696,6.8398518562316895,4.899838924407959
148,1024,0.003,32,CONTROL,,17217,,,0.12511721,,,,,,,,
149,1024,0.003,32,GMC,420128.0,163041,0.5982618,0.14501424,0.129073,4.053890228271484,199.3125,0.1465319097042083,0.0656845867633819,0.2200108170509338,0.1687031984329223,21.3303337097168,3.664006233215332
150,1024,0.003,32,ICEH,171297.0,179553,0.5061972,0.22702771,0.21630165,7.443260192871094,154.875,0.0051430515013635,0.000757110887207,0.027764206752181,0.0010333517566323,9.48370361328125,4.691254138946533
151,1024,0.003,32,MCN,12224.0,17217,0.34744665,0.12397996,0.1318534,8.202821731567383,282.375,0.0133178159594535,0.0119952354580163,0.01241160556674,0.0084051648154854,11.813522338867188,6.129158973693848
152,1024,0.003,32,SCARF,18240.0,17217,0.55848247,0.17474057,0.12821738,,,,,,,,
153,1024,0.003,32,SUBTAB,13120.0,17217,0.35866278,0.10169677,0.1061326,,,,,,,,
154,1024,0.003,64,CLIP,34305.0,67201,0.43070447,0.09075808,0.10939289,2.1324894428253174,171.5625,0.0141872866079211,0.0030152173712849,0.0127643328160047,0.0009491338278166,11.656503677368164,5.825345039367676
155,1024,0.003,64,CONTROL,,67201,,,0.119297296,,,,,,,,
156,1024,0.003,64,GMC,424256.0,191809,0.544206,0.23723072,0.12968808,3.461434841156006,214.25,0.0457243621349334,0.0440300740301609,0.0824972689151763,0.0417031347751617,18.640106201171875,6.256834506988525
157,1024,0.003,64,ICEH,175425.0,208321,0.39017218,0.26437485,0.123208046,7.832690715789795,281.6875,0.1240943968296051,0.1171240806579589,0.0848750174045562,0.1090759485960006,21.25984001159668,9.224482536315918
158,1024,0.003,64,MCN,40832.0,67201,0.37999722,0.12985326,0.118228815,6.006446838378906,140.875,0.0207585655152797,0.0036814464256167,0.0204212293028831,0.007752644829452,11.813522338867188,4.410349845886231
159,1024,0.003,64,SCARF,71296.0,67201,0.4764813,0.16629633,0.11713013,,,,,,,,
160,1024,0.003,64,SUBTAB,50816.0,67201,0.6129019,0.08170561,0.1130452,,,,,,,,
161,1024,0.003,128,CLIP,134145.0,265473,0.50947374,0.1071972,0.121519,6.035983085632324,159.75,0.0122580165043473,0.0027282806113362,0.0091783441603183,0.0009006120380945,7.616456985473633,4.8990888595581055
162,1024,0.003,128,CONTROL,,265473,,,0.15191133,,,,,,,,
163,1024,0.003,128,GMC,432512.0,298497,0.55593145,0.24628042,0.16574436,3.461434841156006,211.875,0.0245092194527387,0.045607253909111,0.0721867531538009,0.0371663086116313,8.306782722473145,3.76222825050354
164,1024,0.003,128,ICEH,183681.0,315009,0.4702176,0.22095026,0.12340717,9.228710174560549,248.5625,0.1794368028640747,0.1605342179536819,0.0658880174160003,0.0624422244727611,22.316797256469727,4.410349845886231
165,1024,0.003,128,MCN,147200.0,265473,0.37504932,0.124380365,0.120522566,5.158336639404297,162.0625,0.1769175827503204,0.0531009137630462,0.0467967167496681,0.1419078558683395,6.652033805847168,4.410349845886231
166,1024,0.003,128,SCARF,281856.0,265473,0.6543202,0.3363331,0.15574753,,,,,,,,
167,1024,0.003,128,SUBTAB,199936.0,265473,0.4499433,0.097686306,0.12366005,,,,,,,,
168,1024,0.005,32,CLIP,8961.0,17217,0.56433,0.093483135,0.10874595,6.016419887542725,214.9375,0.0115316193550825,0.0044997683726251,0.0110348835587501,0.0020309532992541,11.656503677368164,4.278552532196045
169,1024,0.005,32,CONTROL,,17217,,,0.12446366,,,,,,,,
170,1024,0.005,32,GMC,420128.0,163041,0.5756907,0.27359316,0.13244759,3.461434841156006,295.3125,0.0427693724632263,0.0497233271598815,0.0697432681918144,0.0542596094310283,22.54309463500977,5.837484359741211
171,1024,0.005,32,ICEH,171297.0,179553,0.58214736,0.24359453,0.12929574,4.994947910308838,300.125,0.1448703557252884,0.1240594461560249,0.158795952796936,0.0688873901963234,18.15367889404297,9.930390357971191
172,1024,0.005,32,MCN,12224.0,17217,0.36298543,0.12950927,0.1182225,4.277406215667725,125.5625,0.0180405881255865,0.0166424494236707,0.042496420443058,0.0066431979648768,11.813522338867188,4.410349845886231
173,1024,0.005,32,SCARF,18240.0,17217,0.5676381,0.15685828,0.122405134,,,,,,,,
174,1024,0.005,32,SUBTAB,13120.0,17217,0.26363984,0.09039108,0.119138926,,,,,,,,
175,1024,0.005,64,CLIP,34305.0,67201,0.55485654,0.09004979,0.1258099,2.164425611495972,218.9375,0.0121704982593655,0.0027184598147869,0.0112015632912516,0.0009006120380945,11.656503677368164,4.467479705810547
176,1024,0.005,64,CONTROL,,67201,,,0.11917345,,,,,,,,
177,1024,0.005,64,GMC,424256.0,191809,0.5739764,0.26535654,0.14183642,3.461434841156006,234.375,0.0430516563355922,0.0524358972907066,0.0671477168798446,0.0420677065849304,13.842711448669434,2.935109138488769
178,1024,0.005,64,ICEH,175425.0,208321,0.6434123,0.19497159,0.25010476,6.294198036193848,156.375,0.0027022117283195,0.0009306971332989,0.0153233623132109,0.0017889700829982,22.316797256469727,9.474990844726562
179,1024,0.005,64,MCN,40832.0,67201,0.42302412,0.13070838,0.11750717,7.618235111236572,190.5625,0.1253231614828109,0.0683285295963287,0.1087691634893417,0.1483703255653381,9.48370361328125,10.05070686340332
180,1024,0.005,64,SCARF,71296.0,67201,0.6254482,0.24200374,0.117020436,,,,,,,,
181,1024,0.005,64,SUBTAB,50816.0,67201,0.6105419,0.080108605,0.107236184,,,,,,,,
182,1024,0.005,128,CLIP,134145.0,265473,0.49641407,0.095153704,0.13055189,11.136795997619627,193.5,0.0111044384539127,0.0027169287204742,0.0122391339391469,0.0009456495172344,11.656503677368164,1.9388906955718996
183,1024,0.005,128,CONTROL,,265473,,,0.12948215,,,,,,,,
184,1024,0.005,128,GMC,432512.0,298497,0.562846,0.28212577,0.18196353,3.461434841156006,254.125,0.0310321748256683,0.0514170005917549,0.0668003857135772,0.0437630675733089,7.106842994689941,3.8881101608276367
185,1024,0.005,128,ICEH,183681.0,315009,0.5124322,0.32879165,0.11304884,9.166267395019531,300.125,0.0475326292216777,0.067502312362194,0.0528293550014495,0.1082103550434112,9.48370361328125,4.306596755981445
186,1024,0.005,128,MCN,147200.0,265473,0.3253506,0.09819107,0.13000675,9.142406463623049,110.5625,0.1888063848018646,0.1622359007596969,0.0389073640108108,0.1351223289966583,22.316797256469727,9.769803047180176
187,1024,0.005,128,SCARF,281856.0,265473,0.6274261,0.22074357,0.15895317,,,,,,,,
188,1024,0.005,128,SUBTAB,199936.0,265473,0.47583032,0.09702875,0.1594601,,,,,,,,
189,1024,0.007,32,CLIP,8961.0,17217,0.5795855,0.09462828,0.107620575,11.716007232666016,175.9375,0.011430462822318,0.0009982218034565,0.0111924558877944,0.0008937556995078,10.497961044311523,4.29901123046875
190,1024,0.007,32,CONTROL,,17217,,,0.13085352,,,,,,,,
191,1024,0.007,32,GMC,420128.0,163041,0.5881771,0.27261624,0.14788052,3.46916127204895,281.4375,0.0278038531541824,0.0493939742445945,0.0669256597757339,0.0486147999763488,12.31560230255127,2.944655418395996
192,1024,0.007,32,ICEH,171297.0,179553,0.50158155,0.3415794,0.20494801,12.199782371520996,194.8125,0.0651723444461822,0.085663191974163,0.061020340770483,0.0581754446029663,9.48370361328125,10.05070686340332
193,1024,0.007,32,MCN,12224.0,17217,0.36191818,0.12720387,0.11959057,4.277406215667725,240.125,0.0827741175889968,0.0142753254622221,0.0307271312922239,0.012810849584639,11.813522338867188,2.263221263885498
194,1024,0.007,32,SCARF,18240.0,17217,0.5857549,0.25584608,0.13020083,,,,,,,,
195,1024,0.007,32,SUBTAB,13120.0,17217,0.3203459,0.09665551,0.10819112,,,,,,,,
196,1024,0.007,64,CLIP,34305.0,67201,0.46720874,0.084906876,0.10901648,11.676359176635742,249.1875,0.0169434323906898,0.0030637145973742,0.0113676665350794,0.0009095055283978,11.656503677368164,4.691254138946533
197,1024,0.007,64,CONTROL,,67201,,,0.1305997,,,,,,,,
198,1024,0.007,64,GMC,424256.0,191809,0.54056746,0.2880825,0.15003054,3.461434841156006,259.1875,0.0688291862607002,0.0586835145950317,0.0868078619241714,0.0456415489315986,22.316797256469727,3.1485085487365723
199,1024,0.007,64,ICEH,175425.0,208321,0.55554426,0.26889315,0.14185925,3.775298595428467,300.125,0.1351505517959594,0.1114978268742561,0.125793382525444,0.1159235015511512,20.060321807861328,10.05070686340332
200,1024,0.007,64,MCN,40832.0,67201,0.42380026,0.13364892,0.12431801,3.594113349914551,163.0625,0.0856615006923675,0.036183800548315,0.0713139772415161,0.1019768565893173,22.316797256469727,10.05070686340332
201,1024,0.007,64,SCARF,71296.0,67201,0.63420767,0.21787424,0.14437272,,,,,,,,
202,1024,0.007,64,SUBTAB,50816.0,67201,0.39369616,0.08658263,0.12798119,,,,,,,,
203,1024,0.007,128,CLIP,134145.0,265473,0.52484226,0.087971605,0.12398016,6.983373641967773,164.0625,0.0147390104830265,0.004011136945337,0.0091783441603183,0.0011200145818293,7.616456985473633,4.62822151184082
204,1024,0.007,128,CONTROL,,265473,,,0.13394435,,,,,,,,
205,1024,0.007,128,GMC,432512.0,298497,0.58634514,0.29605258,0.15608938,3.409710645675659,227.9375,0.0582543686032295,0.0483989305794239,0.0724265277385711,0.0403763502836227,14.416926383972168,7.639301300048828
206,1024,0.007,128,ICEH,183681.0,315009,0.57159996,0.22223333,0.1365971,4.538928031921387,448.625,0.2058721482753753,0.1283062547445297,0.1622853577136993,0.1711571514606475,14.000558853149414,3.816800594329834
207,1024,0.007,128,MCN,147200.0,265473,0.36800888,0.1160801,0.14026281,3.782492160797119,137.5,0.106942743062973,0.0845160111784935,0.0682737976312637,0.0441897623240947,15.87054443359375,10.05070686340332
208,1024,0.007,128,SCARF,281856.0,265473,0.6209589,0.27547657,0.13771258,,,,,,,,
209,1024,0.007,128,SUBTAB,199936.0,265473,0.49823081,0.093442634,0.17618191,,,,,,,,
210,1024,0.01,32,CLIP,8961.0,17217,0.56629187,0.11682989,0.10952697,7.536869049072266,136.8125,0.0116412062197923,0.0009868697961792,0.007336288690567,0.0007731466321274,10.497961044311523,4.667653560638428
211,1024,0.01,32,CONTROL,,17217,,,0.12411178,,,,,,,,
212,1024,0.01,32,GMC,420128.0,163041,0.54954696,0.29179183,0.16615668,3.461434841156006,201.9375,0.1031139642000198,0.0567274428904056,0.162821888923645,0.0503858476877212,16.939119338989258,6.248940467834473
213,1024,0.01,32,ICEH,171297.0,179553,0.50202966,0.24707809,46.654503,10.072224617004396,154.9375,0.0874277055263519,0.0943771079182624,0.0701723024249076,0.0931778401136398,9.48370361328125,10.243643760681152
214,1024,0.01,32,MCN,12224.0,17217,0.36351296,0.12970027,0.11975231,4.927937030792236,205.75,0.1740546077489853,0.1954981088638305,0.1342388838529586,0.1706813424825668,9.48370361328125,10.05070686340332
215,1024,0.01,32,SCARF,18240.0,17217,0.6791876,0.22240451,0.14040029,,,,,,,,
216,1024,0.01,32,SUBTAB,13120.0,17217,0.5861188,0.072020404,0.10598789,,,,,,,,
217,1024,0.01,64,CLIP,34305.0,67201,0.48899367,0.086563066,0.108164005,14.695354461669922,143.5,0.0165842194110155,0.0013586319983005,0.009974505752325,0.0007708013872615,10.497961044311523,4.533255577087402
218,1024,0.01,64,CONTROL,,67201,,,0.14229856,,,,,,,,
219,1024,0.01,64,GMC,424256.0,191809,0.5614287,0.28002948,0.20742387,3.414149045944214,291.25,0.0508285164833068,0.0519498996436595,0.109546922147274,0.0877598598599433,15.954413414001465,3.980449914932251
220,1024,0.01,64,ICEH,175425.0,208321,0.44560596,0.30248246,0.8819419,8.664016723632812,198.0625,0.1086412072181701,0.0927159264683723,0.0864040851593017,0.1026088297367096,8.832674026489258,8.540191650390625
221,1024,0.01,64,MCN,40832.0,67201,0.38030356,0.11996704,0.12286185,3.444333076477051,248.5625,0.1743187308311462,0.1979358792304992,0.1449847817420959,0.1550783812999725,6.996870040893555,4.410349845886231
222,1024,0.01,64,SCARF,71296.0,67201,0.6132764,0.166546,0.12297901,,,,,,,,
223,1024,0.01,64,SUBTAB,50816.0,67201,0.39291632,0.09367198,0.1365057,,,,,,,,
224,1024,0.01,128,CLIP,134145.0,265473,0.44924623,0.08852704,0.11562602,5.989461898803711,121.1875,0.0137770380824804,0.0027184598147869,0.0112201981246471,0.0007757272105664,10.497961044311523,4.650053024291992
225,1024,0.01,128,CONTROL,,265473,,,0.13626227,,,,,,,,
226,1024,0.01,128,GMC,432512.0,298497,0.54013085,0.23943512,0.14038113,3.461434841156006,148.125,0.0486098378896713,0.060279868543148,0.0873168185353279,0.052549909800291,14.048137664794922,6.19606876373291
227,1024,0.01,128,ICEH,183681.0,315009,0.5325194,0.22411999,0.1396889,18.89308738708496,292.625,0.774212121963501,0.5990014672279358,0.4604636132717132,0.618787407875061,20.624629974365234,4.243599891662598
228,1024,0.01,128,MCN,147200.0,265473,0.3812684,0.12219135,0.11754216,4.397404670715332,175.875,0.1594564914703369,0.1369823515415191,0.1198752149939537,0.1387027353048324,9.48370361328125,10.05070686340332
229,1024,0.01,128,SCARF,281856.0,265473,0.46955767,0.16784163,0.21362671,,,,,,,,
230,1024,0.01,128,SUBTAB,199936.0,265473,0.46821007,0.0872382,0.13213775,,,,,,,,
