,batch_size,learning_rate,latent_dim,model_type,embedder_params,predictor_params,kmeans_perf,knn_perf,predictor_perf,P1,P5p1,P6p2,P11p4,P14p9,P15p1,P15p3,P16p2,P18p2,P27p4,H2p2,H8p2,H10p1,H13p1,H18pA,H40p4
0,1024,0.0001,32,CLIP,17921.0,34369,0.28919208,0.5122323,0.7955221,4.51896333694458,0.0108086429536342,0.0098823988810181,0.0019105048850178,0.0008406187407672,0.0027562608011066,0.0319180786609649,0.0013831666437909,0.0011652412358671,0.0140006281435489,0.0411471091210842,0.0315736792981624,0.0600920058786869,0.0174364820122718,0.0462772995233535,0.1473106890916824
1,1024,0.0001,32,CONTROL,,34369,,,0.793908,,,,,,,,,,,,,,,,
2,1024,0.0001,32,GMC,819488.0,305377,0.26286757,0.51424867,0.60851276,2.4287960529327397,0.0013884999789297,0.0292363818734884,0.004072758834809,0.0022268895991146,0.0069665284827351,0.0051281633786857,0.0048782117664813,0.0005830198642797,0.0008808676502667,0.0120549881830811,0.0255411360412836,0.0107942540198564,0.018548185005784,0.0085330614820122,0.1273583322763443
3,1024,0.0001,32,ICEH,305441.0,321889,0.31439763,0.49678984,0.6079886,1.6045962572097778,0.011636909097433,0.1642467677593231,0.0058082994073629,0.0034841925371438,0.011635173112154,0.1152409240603447,0.0165968146175146,0.0008682570187374,0.0152998156845569,0.3267838656902313,0.1593549102544784,0.4859331250190735,0.1639336198568344,0.1431121677160263,0.2731310129165649
4,1024,0.0001,32,MCN,21184.0,34369,0.2972757,0.51330703,0.8616904,14.418463706970217,0.0526484623551368,0.0382275991141796,0.0336276739835739,0.0131964711472392,0.1498245000839233,0.1304622143507003,0.0519151389598846,0.0001528628199594,0.0170025434345006,0.1205142959952354,0.0253641251474618,0.3159355521202087,0.0891530886292457,0.2191959023475647,0.1683186143636703
5,1024,0.0001,32,SCARF,35392.0,34369,0.26285735,0.5457787,0.92943114,,,,,,,,,,,,,,,,
6,1024,0.0001,32,SUBTAB,26176.0,34369,0.46203312,0.5237963,0.9264957,,,,,,,,,,,,,,,,
7,1024,0.0001,64,CLIP,68609.0,134273,0.26039016,0.5080891,0.78683376,3.05181097984314,0.003956685308367,0.0021991189569234,0.0027190472465008,0.0006745940190739,0.0019781524315476,0.0410766303539276,0.0023852158337831,0.0012079136213287,0.0042334161698818,0.1079387888312339,0.00400604121387,0.0432335771620273,0.0147862983867526,0.0200001150369644,0.150722786784172
8,1024,0.0001,64,CONTROL,,134273,,,0.58455944,,,,,,,,,,,,,,,,
9,1024,0.0001,64,GMC,823616.0,358721,0.25913692,0.53990763,0.5575885,2.4262940883636475,0.0013334486866369,0.0292513389140367,0.0041395178996026,0.0022199836093932,0.0070073809474706,0.005555061623454,0.004877510946244,0.0003591521817725,0.0008867203723639,0.0113851726055145,0.0253184475004673,0.0110977329313755,0.0161794424057006,0.0084150871261954,0.1305440813302993
10,1024,0.0001,64,ICEH,309569.0,375233,0.3186558,0.45761037,0.6041416,1.784679889678955,0.0269587580114603,0.0563065484166145,0.0071236789226531,0.0043926299549639,0.0088827069848775,0.2784094512462616,0.0097806509584188,0.0015704843681305,0.0110418228432536,0.3147399425506592,0.0698634535074234,0.172912910580635,0.0929204747080802,0.139470025897026,0.3216891884803772
11,1024,0.0001,64,MCN,75136.0,134273,0.4155874,0.51034296,0.605042,12.873004913330078,0.0105144893750548,0.0302988290786743,0.0239518769085407,0.0130526516586542,0.0580633580684661,0.0644065141677856,0.0590980425477027,0.0017955950461328,0.0502840466797351,0.1281550675630569,0.0327527970075607,0.3771268427371979,0.0771604999899864,0.0527694188058376,0.1447417587041854
12,1024,0.0001,64,SCARF,138368.0,134273,0.2444202,0.5594863,0.95787156,,,,,,,,,,,,,,,,
13,1024,0.0001,64,SUBTAB,101504.0,134273,0.42776293,0.504728,0.80235654,,,,,,,,,,,,,,,,
14,1024,0.0001,128,CLIP,268289.0,530689,0.27444786,0.49064997,0.9025188,3.188101530075073,0.0006337837548926,0.0014055725187063,0.0024985112249851,0.0006698264041915,0.0018923280294984,0.2228098660707473,0.003339770482853,0.0004532805469352,0.0009006483596749,0.0287526845932006,0.0017625621985644,0.0755999982357025,0.0173059348016977,0.0104870395734906,0.1521521508693695
15,1024,0.0001,128,CONTROL,,530689,,,0.62191594,,,,,,,,,,,,,,,,
16,1024,0.0001,128,GMC,831872.0,563713,0.25413334,0.54112166,0.5559766,2.471050500869751,0.0012870390200987,0.0289386138319969,0.0041413065046072,0.0022849247325211,0.0071688927710056,0.0053189368918538,0.004980563186109,0.0005756567697972,0.0009206446120515,0.0117487264797091,0.024670323356986,0.0109017016366124,0.0166518446058034,0.0083952145650982,0.1380752027034759
17,1024,0.0001,128,ICEH,317825.0,580225,0.3335047,0.48085573,0.5785084,1.98405396938324,0.0275128725916147,0.0406784936785697,0.0077647645957767,0.0059086512774229,0.0283377300947904,0.2128100842237472,0.0186573956161737,0.0014214069815352,0.0142800528556108,0.3030322790145874,0.0685312151908874,0.1351319402456283,0.1298514753580093,0.3164257407188415,0.2959896326065063
18,1024,0.0001,128,MCN,281344.0,530689,0.29721493,0.515135,0.5515266,5.489062309265137,0.0065341615118086,0.0034079605247825,0.0046937661245465,0.0014255264541134,0.0087249297648668,0.0095580825582146,0.0104376338422298,0.0002829963632393,0.0013656985247507,0.0356655456125736,0.002411123830825,0.0561534836888313,0.0407096222043037,0.0430535115301609,0.1669861823320388
19,1024,0.0001,128,SCARF,547072.0,530689,0.5313838,0.5566695,0.8409129,,,,,,,,,,,,,,,,
20,1024,0.0001,128,SUBTAB,399616.0,530689,0.45276025,0.57566303,0.56097,,,,,,,,,,,,,,,,
21,1024,0.0002,32,CLIP,17921.0,34369,0.3487094,0.5293463,1.0042459,2.8076493740081787,0.0069325556978583,0.006732219364494,0.0024100572336465,0.0007532063755206,0.0028449208475649,0.0066743628121912,0.0015492828097194,0.0010200021788477,0.0056708995252847,0.0733836367726326,0.0048460043035447,0.0800659358501434,0.0197637546807527,0.011349830776453,0.1556585729122162
22,1024,0.0002,32,CONTROL,,34369,,,0.80896497,,,,,,,,,,,,,,,,
23,1024,0.0002,32,GMC,819488.0,305377,0.26611713,0.5424683,0.54966706,2.381809949874878,0.0013167248107492,0.0301160477101802,0.0042766542173922,0.0023147361353039,0.0070493221282958,0.0052417935803532,0.0050896969623863,0.0002719045442063,0.0009096218273043,0.0118065793067216,0.0259592626243829,0.0109757408499717,0.0172046907246112,0.0086558796465396,0.1348117887973785
24,1024,0.0002,32,ICEH,305441.0,321889,0.31839332,0.4574152,0.6005147,1.2280879020690918,0.0220057126134634,0.0513365864753723,0.0062709567137062,0.00368307181634,0.010644543915987,0.2331198304891586,0.0098714167252182,0.0016132078599184,0.0071860263124108,0.38001349568367,0.0361777283251285,0.071867935359478,0.2288757264614105,0.0377295389771461,0.3206036686897278
25,1024,0.0002,32,MCN,21184.0,34369,0.26680735,0.5190956,1.0314478,6.829659461975098,0.0232721958309412,0.0054382123053073,0.0078469524160027,0.0104202264919877,0.0484883040189743,0.0230512786656618,0.024443507194519,0.0002389449509792,0.0025409872177988,0.0680827870965004,0.0041344771161675,0.1119430512189865,0.06225361302495,0.0464904233813285,0.2009016424417495
26,1024,0.0002,32,SCARF,35392.0,34369,0.27557006,0.55052435,0.915076,,,,,,,,,,,,,,,,
27,1024,0.0002,32,SUBTAB,26176.0,34369,0.45145223,0.5317396,0.6167685,,,,,,,,,,,,,,,,
28,1024,0.0002,64,CLIP,68609.0,134273,0.30424798,0.5246934,0.88149375,2.3798367977142334,0.0007896448951214,0.0014014665503054,0.0031971144489943,0.0007291755755431,0.0014577165711671,0.0996682271361351,0.0019332435913383,0.0003278467047493,0.001233710325323,0.0286735761910676,0.0018562875920906,0.0773161947727203,0.0187157243490219,0.0133534828200936,0.1411902755498886
29,1024,0.0002,64,CONTROL,,134273,,,0.8078405,,,,,,,,,,,,,,,,
30,1024,0.0002,64,GMC,823616.0,358721,0.2801253,0.5116915,0.5661992,2.433396100997925,0.0013275946257635,0.0285920966416597,0.0040611932054162,0.0021074353717267,0.0068667936138808,0.0055154985748231,0.0048336619511246,9.694910113466904e-05,0.0008689472451806,0.0114910751581192,0.0244426019489765,0.0104434909299016,0.0170702748000621,0.0082289213314652,0.1412253677845001
31,1024,0.0002,64,ICEH,309569.0,375233,0.35831225,0.43889946,0.5913469,4.45784854888916,0.0141032375395298,0.0454979687929153,0.005799523089081,0.0044195735827088,0.0110800769180059,0.0802900046110153,0.0061835530214011,0.0009618203621357,0.0051048337481915,0.3150768876075744,0.0390204563736915,0.410262793302536,0.0798642486333847,0.1567444950342178,0.2950790226459503
32,1024,0.0002,64,MCN,75136.0,134273,0.28297296,0.5071072,0.52790725,4.21865701675415,0.0128642721101641,0.0049382825382053,0.0066704843193292,0.0026947506703436,0.0085822930559515,0.0175159107893705,0.0150237837806344,0.0002152722008759,0.0021105618216097,0.0358247682452201,0.0029363122303038,0.0542780794203281,0.0428597629070282,0.0287828426808118,0.1744789332151413
33,1024,0.0002,64,SCARF,138368.0,134273,0.2490236,0.5438791,0.5962474,,,,,,,,,,,,,,,,
34,1024,0.0002,64,SUBTAB,101504.0,134273,0.43249497,0.5134298,0.7590472,,,,,,,,,,,,,,,,
35,1024,0.0002,128,CLIP,268289.0,530689,0.2870377,0.49885327,0.4856442,1.8835690021514893,0.001301574986428,0.0014446751447394,0.0026043250691145,0.0007351120584644,0.0021185548976063,0.0306023769080638,0.0026551508344709,9.634332673158497e-05,0.0007673412328585,0.0256161112338304,0.001902868039906,0.0730576589703559,0.018263092264533,0.0104908784851431,0.1388341337442398
36,1024,0.0002,128,CONTROL,,530689,,,0.54512596,,,,,,,,,,,,,,,,
37,1024,0.0002,128,GMC,831872.0,563713,0.26493615,0.53089833,0.551253,2.451178312301636,0.0013442924246191,0.0290520414710044,0.0041140089742839,0.0022016291040927,0.0068094655871391,0.0051571358926594,0.0048934109508991,0.0003511526447255,0.0008686346118338,0.0117329787462949,0.02482913993299,0.0104091530665755,0.0163104552775621,0.0084533998742699,0.1238748654723167
38,1024,0.0002,128,ICEH,317825.0,580225,0.33267754,0.46139005,0.50724566,1.5628674030303955,0.0118043795228004,0.0395414344966411,0.0057385466061532,0.0055211135186254,0.0089085735380649,0.1451139450073242,0.0053039891645312,0.0010822977637872,0.0126613304018974,0.3084823191165924,0.059569701552391,0.2951822578907013,0.1289402097463607,0.1336268782615661,0.2977625131607055
39,1024,0.0002,128,MCN,281344.0,530689,0.2624921,0.4914089,0.4894529,3.565103054046631,0.0061085256747901,0.0020699915476143,0.0033615007996559,0.0010180224198848,0.0071243848651647,0.0074703386053442,0.0053031211718916,0.0003331008483655,0.0009250571602024,0.0277678798884153,0.0025565915275365,0.0636666119098663,0.039095614105463,0.0616699904203414,0.1731140464544296
40,1024,0.0002,128,SCARF,547072.0,530689,0.45751107,0.5340357,0.5262304,,,,,,,,,,,,,,,,
41,1024,0.0002,128,SUBTAB,399616.0,530689,0.3865289,0.51287866,0.5786553,,,,,,,,,,,,,,,,
42,1024,0.0003,32,CLIP,17921.0,34369,0.32862955,0.52063435,0.88302064,3.896809101104736,0.0049468148499727,0.0075249909423291,0.0049294037744402,0.0006967971567064,0.0018061615992337,0.0590736158192157,0.0010776830604299,0.001005369820632,0.0013002777704969,0.0367236211895942,0.0912699699401855,0.0441495142877101,0.0186157971620559,0.0446209609508514,0.1659547984600067
43,1024,0.0003,32,CONTROL,,34369,,,0.64786303,,,,,,,,,,,,,,,,
44,1024,0.0003,32,GMC,819488.0,305377,0.29712418,0.52468914,0.60188365,2.177042007446289,0.0012995861470699,0.0304526947438716,0.0036399555392563,0.0018901719013229,0.0066939177922904,0.0054112295620143,0.0046290019527077,6.902553286636248e-05,0.0008903620182536,0.0111421132460236,0.0246044546365737,0.0112624112516641,0.0171011723577976,0.0097289914265275,0.1434175968170166
45,1024,0.0003,32,ICEH,305441.0,321889,0.27039683,0.4549244,0.5968538,0.9896172881126404,0.0058769974857568,0.0260018501430749,0.0045515671372413,0.003453537588939,0.0006265377160161,0.0146628189831972,0.0022482897620648,0.0015072295209392,0.0051598148420453,0.0414084866642952,0.1088356971740722,0.1718504875898361,0.0995970740914344,0.0901739075779914,0.3363491594791412
46,1024,0.0003,32,MCN,21184.0,34369,0.28708887,0.5139257,0.4986411,14.858505249023438,0.0148352151736617,0.0058027389459311,0.0075837043114006,0.0069973664358258,0.0077270283363759,0.0126481233164668,0.0247466042637825,0.0005593217210844,0.0019407632062211,0.080982357263565,0.0030567238572984,0.0587534308433532,0.0530630275607109,0.0714416950941085,0.1954109221696853
47,1024,0.0003,32,SCARF,35392.0,34369,0.3002995,0.5745262,0.60589635,,,,,,,,,,,,,,,,
48,1024,0.0003,32,SUBTAB,26176.0,34369,0.39999002,0.51551974,0.58170474,,,,,,,,,,,,,,,,
49,1024,0.0003,64,CLIP,68609.0,134273,0.5256505,0.48780036,1.0626725,2.92648983001709,0.0018032281659543,0.0022307815961539,0.0025823782198131,0.0007423938950523,0.0020458239596337,0.0323638543486595,0.0032443185336887,0.0005768448463641,0.0016717211110517,0.0351280942559242,0.0058633275330066,0.0496046133339405,0.0212116856127977,0.0267666466534137,0.1414306759834289
50,1024,0.0003,64,CONTROL,,134273,,,0.86147565,,,,,,,,,,,,,,,,
51,1024,0.0003,64,GMC,823616.0,358721,0.27953592,0.51071626,0.53175354,2.340618371963501,0.0013295223470777,0.0294734593480825,0.0040745716542005,0.002198614180088,0.0067654191516339,0.005145211238414,0.0049381256103515,0.0002534711675252,0.0008562054717913,0.0113868359476327,0.0253651365637779,0.0105720683932304,0.0175117552280426,0.0084455041214823,0.1313916593790054
52,1024,0.0003,64,ICEH,309569.0,375233,0.26477486,0.45832554,0.47441837,0.9448748230934144,0.0355515144765377,0.0234446842223405,0.0041500814259052,0.0030503896996378,0.0073211202397942,0.2499973177909851,0.0070007569156587,0.0013322941958904,0.0078196628019213,0.3395984172821045,0.0388100072741508,0.0368300601840019,0.1167439073324203,0.0812830403447151,0.2892234027385711
53,1024,0.0003,64,MCN,75136.0,134273,0.24552119,0.48206848,0.49461862,4.500154495239258,0.0070124589838087,0.0021046889014542,0.0030270654242485,0.001149977906607,0.0073439222760498,0.0150749264284968,0.0052124997600913,0.0003384214942343,0.0008481506374664,0.025831276550889,0.0019520760979503,0.0465525276958942,0.0369809009134769,0.042267482727766,0.1533866226673126
54,1024,0.0003,64,SCARF,138368.0,134273,0.2691278,0.5684965,0.5364009,,,,,,,,,,,,,,,,
55,1024,0.0003,64,SUBTAB,101504.0,134273,0.42060608,0.5261028,0.75639576,,,,,,,,,,,,,,,,
56,1024,0.0003,128,CLIP,268289.0,530689,0.3206454,0.5114728,0.47276846,1.684862732887268,0.0011830308940261,0.0014067933661863,0.002373277908191,0.0006886320188641,0.00204768194817,0.1035278588533401,0.0037141521461308,0.0001250167260877,0.0009338429081253,0.0269050598144531,0.0020048569422215,0.0591762661933898,0.0187160242348909,0.0114663690328598,0.1512115150690078
57,1024,0.0003,128,CONTROL,,530689,,,0.5690767,,,,,,,,,,,,,,,,
58,1024,0.0003,128,GMC,831872.0,563713,0.27697533,0.5239371,0.5380797,2.225902795791626,0.0013472185237333,0.0296795461326837,0.0044499500654637,0.0023750511463731,0.0066722379997372,0.0053687789477407,0.0042669968679547,0.0007152075413614,0.0009112191619351,0.0108571322634816,0.0250048786401748,0.0114752370864152,0.0158299691975116,0.0078445989638566,0.1355744302272796
59,1024,0.0003,128,ICEH,317825.0,580225,0.38187808,0.4612173,0.50104356,15.89908218383789,0.0367126315832138,0.0172376465052366,0.0055497749708592,0.0055464510805904,0.0135627593845129,0.203844279050827,0.0241677854210138,0.0013556467602029,0.0131382262334227,0.2637393474578857,0.0205798745155334,0.2652628123760223,0.1097773313522338,0.5018710494041443,0.2452169954776764
60,1024,0.0003,128,MCN,281344.0,530689,0.43932378,0.47293022,0.4939169,3.5282082557678223,0.0045604724436998,0.0016742699081078,0.0031568929553031,0.0010444453218951,0.0036165714263916,0.0048151263035833,0.0043310578912496,0.0002538673288654,0.0009793140925467,0.0216748993843793,0.0023611704818904,0.0649778619408607,0.0335514955222606,0.0392848290503025,0.1635662913322448
61,1024,0.0003,128,SCARF,547072.0,530689,0.28145742,0.5675432,0.54380465,,,,,,,,,,,,,,,,
62,1024,0.0003,128,SUBTAB,399616.0,530689,0.3378153,0.48372945,0.5315494,,,,,,,,,,,,,,,,
63,1024,0.0005,32,CLIP,17921.0,34369,0.27266613,0.48146406,0.88790154,4.38443660736084,0.0020701980683952,0.0155012933537364,0.0022120214998722,0.0007396421860903,0.0020899425726383,0.3943281173706054,0.0035011598374694,0.0011986462632194,0.0015616052551195,0.0934826582670211,0.0076852343045175,0.1029905974864959,0.0209149569272995,0.0444525480270385,0.1593981385231018
64,1024,0.0005,32,CONTROL,,34369,,,0.8416964,,,,,,,,,,,,,,,,
65,1024,0.0005,32,GMC,819488.0,305377,0.26468867,0.5011991,0.57717574,2.3382811546325684,0.0013748097699135,0.0306586679071187,0.0042389524169266,0.0022242243867367,0.0072200680151581,0.0053013637661933,0.0051056942902505,7.340080628637224e-05,0.0008674734854139,0.0105128642171621,0.0262951049953699,0.0114908423274755,0.0164463873952627,0.008050974458456,0.1391742974519729
66,1024,0.0005,32,ICEH,305441.0,321889,0.24140419,0.46006978,0.55412775,0.8233969807624817,0.0050245481543242,0.0008625124464742,0.0030893536750227,0.0025531807914376,0.0006397980032488,0.0021092698443681,0.0008164257160387,0.0003049954539164,0.0006576118757948,0.0296739749610424,0.0009853892261162,0.3041113615036011,0.0481818132102489,0.1477808058261871,0.3476063013076782
67,1024,0.0005,32,MCN,21184.0,34369,0.4440979,0.50655955,0.50292945,9.202659606933594,0.0532769709825515,0.0029909468721598,0.0052311946637928,0.0035835918970406,0.0101508880034089,0.0229092650115489,0.0145686659961938,0.0001486554538132,0.0022099486086517,0.0461019687354564,0.002806789940223,0.0398456044495105,0.0511276349425315,0.0479334667325019,0.1942811757326126
68,1024,0.0005,32,SCARF,35392.0,34369,0.3993792,0.57560056,0.5219695,,,,,,,,,,,,,,,,
69,1024,0.0005,32,SUBTAB,26176.0,34369,0.4114344,0.5226559,0.7387275,,,,,,,,,,,,,,,,
70,1024,0.0005,64,CLIP,68609.0,134273,0.3489569,0.51194674,0.5191727,4.730322360992432,0.0016605568816885,0.0013888807734474,0.001870694104582,0.0007772808312438,0.0017913855845108,0.03687384724617,0.0027888340409845,0.0002196014829678,0.0013202127302065,0.068879909813404,0.001002691569738,0.1032895520329475,0.0210882313549518,0.0142361856997013,0.1533338725566864
71,1024,0.0005,64,CONTROL,,134273,,,0.5963369,,,,,,,,,,,,,,,,
72,1024,0.0005,64,GMC,823616.0,358721,0.24579059,0.5445047,0.5090106,2.2403507232666016,0.0013499341439455,0.029874438419938,0.0041318568401038,0.0022228113375604,0.0070141870528459,0.0053750164806842,0.0048974677920341,5.312399298418313e-05,0.0010036338353529,0.0105031877756118,0.0260212924331426,0.0111809764057397,0.0167150627821683,0.0084910402074456,0.1326929926872253
73,1024,0.0005,64,ICEH,309569.0,375233,0.3213613,0.45053244,0.4898318,1.2297017574310305,0.0054078726097941,0.0015824286965653,0.00267118611373,0.0029017378110438,0.0032006255351006,0.0017181241419166,0.0008291616104543,0.0003226810367777,0.0009118932066485,0.2495725601911544,0.0024066267069429,0.0911157876253128,0.0244454387575387,0.0802617222070694,0.3532955944538116
74,1024,0.0005,64,MCN,75136.0,134273,0.4645693,0.46409836,0.508862,3.3613405227661133,0.0052669746801257,0.0016506897518411,0.0031194426119327,0.0011092706117779,0.0036922045983374,0.0055855331011116,0.0047585442662239,0.0002683199418243,0.0007383238407783,0.0252378433942794,0.0020882063545286,0.0544215328991413,0.0365519300103187,0.03413837403059,0.1661769300699234
75,1024,0.0005,64,SCARF,138368.0,134273,0.6308246,0.5913173,0.53149676,,,,,,,,,,,,,,,,
76,1024,0.0005,64,SUBTAB,101504.0,134273,0.6856589,0.4789642,0.542273,,,,,,,,,,,,,,,,
77,1024,0.0005,128,CLIP,268289.0,530689,0.30681193,0.4959954,0.516631,1.607963800430298,0.0009570355759933,0.0013179845409467,0.0023232595995068,0.0006859948625788,0.001820319565013,0.0549451075494289,0.0018429373158141,7.579942757729441e-05,0.0011631184024736,0.053092535585165,0.0016751607181504,0.0590529479086399,0.0179587043821811,0.013996004126966,0.14851775765419
78,1024,0.0005,128,CONTROL,,530689,,,0.54510313,,,,,,,,,,,,,,,,
79,1024,0.0005,128,GMC,831872.0,563713,0.2623576,0.54698133,0.5309881,2.275536298751831,0.0013466371456161,0.0309820547699928,0.0041973609477281,0.0021931745577603,0.0068718250840902,0.005422365386039,0.0049995402805507,0.0001881626812973,0.0008756115566939,0.0103269899263978,0.0269649475812912,0.0109628168866038,0.0169697012752294,0.0083533637225627,0.1253209561109542
80,1024,0.0005,128,ICEH,317825.0,580225,0.26460588,0.43892437,0.5357105,2.9271445274353027,0.0126074189320206,0.0478181093931198,0.0085008470341563,0.0066138966940343,0.0005416431231424,0.0128070320934057,0.0014823473757132,0.0004164294514339,0.0024231867864727,0.1665914356708526,0.0009822685969993,0.4911228716373443,0.0907993763685226,0.3520047068595886,0.3059558272361755
81,1024,0.0005,128,MCN,281344.0,530689,0.4888322,0.4430216,0.49966717,3.850812196731568,0.0050547742284834,0.0014444012194871,0.0033443842548877,0.0011085033183917,0.0019716350361704,0.0023227643687278,0.0070102578029036,0.000365997548215,0.0008712689159438,0.0246732756495475,0.0012385236332193,0.0498654805123806,0.0288876686245203,0.0198707357048988,0.1619059741497039
82,1024,0.0005,128,SCARF,547072.0,530689,0.5602607,0.5537193,0.5190468,,,,,,,,,,,,,,,,
83,1024,0.0005,128,SUBTAB,399616.0,530689,0.7323138,0.46309298,0.5150057,,,,,,,,,,,,,,,,
84,1024,0.0007,32,CLIP,17921.0,34369,0.54648066,0.49641523,0.5648288,2.250676155090332,0.0034240493550896,0.0016863666241988,0.0035686080809682,0.000683516904246,0.0017265818314626,0.2401385754346847,0.0034722140990197,0.0001000004049274,0.0021926164627075,0.0569082349538803,0.0306695420295,0.0617601945996284,0.0242119301110506,0.0208408925682306,0.150799348950386
85,1024,0.0007,32,CONTROL,,34369,,,0.55334496,,,,,,,,,,,,,,,,
86,1024,0.0007,32,GMC,819488.0,305377,0.34141746,0.5269975,0.5201329,2.1923835277557373,0.001321226125583,0.0311309248208999,0.0042521674185991,0.0020001227967441,0.0055397110991179,0.0052087870426476,0.0040502012707293,9.815940575208516e-05,0.0008680525934323,0.0114385327324271,0.0266153570264577,0.011960444971919,0.0177797712385654,0.0081408498808741,0.1449788361787796
87,1024,0.0007,32,ICEH,305441.0,321889,0.281198,0.45367005,0.46958986,1.4852046966552734,0.0063342377543449,0.0029532031621783,0.0036813637707382,0.0025621622335165,0.0033431679476052,0.0006387925241142,0.0006300412351265,0.0004081396909896,0.0005676391301676,0.1186044141650199,0.0006698304205201,0.0502906888723373,0.1470354944467544,0.1124712154269218,0.3289248645305633
88,1024,0.0007,32,MCN,21184.0,34369,0.36383986,0.5311176,0.5348187,14.672333717346191,0.0220669824630022,0.0207038670778274,0.0096802217885851,0.0082812765613198,0.0805535390973091,0.024909483268857,0.0589950121939182,0.0005176964914426,0.0078278444707393,0.0587762109935283,0.0127495257183909,0.1715659946203231,0.0635363608598709,0.0877384692430496,0.1947306543588638
89,1024,0.0007,32,SCARF,35392.0,34369,0.61196715,0.60724556,0.5960002,,,,,,,,,,,,,,,,
90,1024,0.0007,32,SUBTAB,26176.0,34369,0.6771009,0.439862,0.5912007,,,,,,,,,,,,,,,,
91,1024,0.0007,64,CLIP,68609.0,134273,0.34303385,0.5017411,0.5375303,1.803169012069702,0.0019287811592221,0.0015399954281747,0.0027403971180319,0.000730971514713,0.0017272213008254,0.0390636995434761,0.0023004219401627,4.700679346569814e-05,0.0008897900115698,0.0621534697711467,0.0040286122821271,0.0721169039607048,0.0166121125221252,0.0128554068505764,0.1574528664350509
92,1024,0.0007,64,CONTROL,,134273,,,0.54257536,,,,,,,,,,,,,,,,
93,1024,0.0007,64,GMC,823616.0,358721,0.27360928,0.541122,0.5311091,2.263037919998169,0.001377729116939,0.0301324166357517,0.0040051010437309,0.0021876581013202,0.0063196844421327,0.0071982913650572,0.0050558717921376,0.0006100569735281,0.000921998580452,0.0110959336161613,0.0258298385888338,0.0110563430935144,0.0200843103229999,0.0082074906677007,0.1352156698703766
94,1024,0.0007,64,ICEH,309569.0,375233,0.26229364,0.42927203,0.48107895,1.8237050771713257,0.0035688518546521,0.0013444463256746,0.0044853505678474,0.0030249874107539,0.0014541783602908,0.0070216553285717,0.0029609533958137,0.0004590438911691,0.0029779765754938,0.27973273396492,0.0035804205108433,0.0146813429892063,0.0424167327582836,0.020274344831705,0.3111493587493896
95,1024,0.0007,64,MCN,75136.0,134273,0.41495708,0.46249998,0.48940662,2.6349282264709477,0.0043362802825868,0.0017804994713515,0.0031878093723207,0.0010734758106991,0.0026759365573525,0.0040377317927777,0.0052823880687355,0.0002037969534285,0.0008802704396657,0.021879268810153,0.0016495508607476,0.0720814615488052,0.0315962359309196,0.0452793389558792,0.1715033054351806
96,1024,0.0007,64,SCARF,138368.0,134273,0.49274927,0.65522975,0.4789171,,,,,,,,,,,,,,,,
97,1024,0.0007,64,SUBTAB,101504.0,134273,0.7588148,0.5126921,0.5082577,,,,,,,,,,,,,,,,
98,1024,0.0007,128,CLIP,268289.0,530689,0.34581813,0.49188638,0.47959465,1.2899940013885498,0.0006616701721213,0.0017768562538549,0.0027012370992451,0.000744852295611,0.0022384412586688,0.0648409053683281,0.0026360894553363,4.346513014752418e-05,0.0011951208580285,0.0520097389817237,0.0010295595275238,0.0723006725311279,0.0172943156212568,0.0132203167304396,0.1771338731050491
99,1024,0.0007,128,CONTROL,,530689,,,0.5029043,,,,,,,,,,,,,,,,
100,1024,0.0007,128,GMC,831872.0,563713,0.29036313,0.56070244,0.5952656,2.3623125553131104,0.0012724251719191,0.029680898413062,0.0041545210406184,0.0021891843061894,0.0074169090948998,0.0053225229494273,0.005105189513415,0.0001286704937228,0.0009068387444131,0.0132857151329517,0.0251657683402299,0.0104902610182762,0.0201637279242277,0.0085313059389591,0.1239577308297157
101,1024,0.0007,128,ICEH,317825.0,580225,0.28150916,0.4620153,0.48657238,2.43473219871521,0.0075704841874539,0.0052769728936254,0.0039503336884081,0.0031279781833291,9.693563333712518e-05,0.0049545066431164,0.0005589954089373,0.0004228183242958,0.0010153632611036,0.1587030589580536,0.0053723379969596,0.0797197148203849,0.0930920243263244,0.0200457591563463,0.3545775115489959
102,1024,0.0007,128,MCN,281344.0,530689,0.42152855,0.44882625,0.5179941,1.8577468395233157,0.0027508095372468,0.0016109825810417,0.0034527557436376,0.0010480344062671,0.0028273838106542,0.0031848719809204,0.0028574327006936,0.0002489285834599,0.0009734400664456,0.0231474712491035,0.0021253360901027,0.0433426573872566,0.0274488944560289,0.0334507748484611,0.1644172817468643
103,1024,0.0007,128,SCARF,547072.0,530689,0.26638055,0.5791803,0.50492126,,,,,,,,,,,,,,,,
104,1024,0.0007,128,SUBTAB,399616.0,530689,0.6430076,0.47944927,0.47787094,,,,,,,,,,,,,,,,
105,1024,0.001,32,CLIP,17921.0,34369,0.36313426,0.5153555,0.53814304,1.3331726789474487,0.0013634905917569,0.0035536237992346,0.0026760310865938,0.000760662718676,0.0017938077216967,0.0482544191181659,0.0031205539125949,0.0001122611065511,0.0008263792260549,0.0307550895959138,0.0032232352532446,0.0712208449840545,0.0156326200813055,0.0149570694193243,0.1408332288265228
106,1024,0.001,32,CONTROL,,34369,,,0.59124595,,,,,,,,,,,,,,,,
107,1024,0.001,32,GMC,819488.0,305377,0.335033,0.5912666,0.50119835,2.396806478500366,0.0014011524617671,0.0796320959925651,0.0040802494622766,0.0022639455273747,0.0066769062541425,0.0053237457759678,0.00481608370319,0.000747654470615,0.0009748946758918,0.0110359396785497,0.0289778728038072,0.0104887969791889,0.0330552235245704,0.0085520548745989,0.1384100466966629
108,1024,0.001,32,ICEH,305441.0,321889,0.29184535,0.47912014,0.5307951,0.833531379699707,0.0123347509652376,0.0027291015721857,0.0070326700806617,0.0046608797274529,0.0010041864588856,0.0226175840944051,0.0015297756763175,0.0001075471373042,0.0006726317224092,0.1152105182409286,0.0194827858358621,0.0183536764234304,0.1300185769796371,0.2061216980218887,0.3538568615913391
109,1024,0.001,32,MCN,21184.0,34369,0.28706253,0.52110803,0.5236645,6.342066287994385,0.009534053504467,0.0041317394934594,0.0050855120643973,0.0050550238229334,0.0104388697072863,0.0297579355537891,0.016492560505867,0.0003654161700978,0.001571875764057,0.052817415446043,0.0028727208264172,0.0623541101813316,0.0506615415215492,0.0707371607422828,0.168854683637619
110,1024,0.001,32,SCARF,35392.0,34369,0.283221,0.57762486,0.69258034,,,,,,,,,,,,,,,,
111,1024,0.001,32,SUBTAB,26176.0,34369,0.6255171,0.47076708,0.5360144,,,,,,,,,,,,,,,,
112,1024,0.001,64,CLIP,68609.0,134273,0.27296394,0.49546975,0.5150592,1.3229527473449707,0.0017184047028422,0.0022895459551364,0.0035298562142997,0.0007394655258394,0.0018006520112976,0.2275537252426147,0.0021556520368903,4.8301102651748806e-05,0.0014740847982466,0.0365895815193653,0.0016687408788129,0.0905624628067016,0.0223162192851305,0.0151519607752561,0.1388019770383834
113,1024,0.001,64,CONTROL,,134273,,,0.5793688,,,,,,,,,,,,,,,,
114,1024,0.001,64,GMC,823616.0,358721,0.29091516,0.54248476,0.5078016,2.2199389934539795,0.0013519630301743,0.0304260421544313,0.0041274819523096,0.0022369280923157,0.0066756778396666,0.0053733168169856,0.0049613607116043,0.0005397500353865,0.0008867819560691,0.0102776801213622,0.0263114124536514,0.0106779728084802,0.0192508529871702,0.0083155836910009,0.1228078231215477
115,1024,0.001,64,ICEH,309569.0,375233,0.29756463,0.44643828,0.5223746,1.0800279378890991,0.0253768861293792,0.0842685997486114,0.0046627996489405,0.0025938088074326,0.0008448571315966,0.0218149945139884,0.0007509098504669,0.0003583220532163,0.0008038790547288,0.1027011126279831,0.1211386620998382,0.0405066348612308,0.1403439939022064,0.0697657763957977,0.3597278892993927
116,1024,0.001,64,MCN,75136.0,134273,0.49943063,0.463556,0.51911646,3.358640432357788,0.0062026944942772,0.0015737775247544,0.00374810048379,0.0010877132881432,0.0025582266971468,0.0040906108915805,0.0060961348935961,0.0005052892374806,0.0015979894669726,0.0207416489720344,0.0020393845625221,0.0780210793018341,0.0302489232271909,0.0758948400616645,0.1627119034528732
117,1024,0.001,64,SCARF,138368.0,134273,0.47988206,0.5960941,0.56628466,,,,,,,,,,,,,,,,
118,1024,0.001,64,SUBTAB,101504.0,134273,0.7115269,0.4502234,0.57162595,,,,,,,,,,,,,,,,
119,1024,0.001,128,CLIP,268289.0,530689,0.34128165,0.507627,0.44619277,1.6232575178146362,0.0009320527897216,0.0012631007703021,0.0025596062187105,0.0007693662773817,0.002217692323029,0.042222075164318,0.0017119932454079,7.030979031696916e-05,0.0012749083107337,0.0321664549410343,0.0016903509385883,0.0755366310477256,0.0167622473090887,0.0130123924463987,0.1663270741701126
120,1024,0.001,128,CONTROL,,530689,,,0.589873,,,,,,,,,,,,,,,,
121,1024,0.001,128,GMC,831872.0,563713,0.33812043,0.51334536,0.522907,1.9670127630233765,0.0013575566699728,0.0305828042328357,0.0041066198609769,0.002214994514361,0.0068931765854358,0.0053199520334601,0.0050146444700658,0.0005081725539639,0.0008807019330561,0.0106447152793407,0.0266072954982519,0.0103045972064137,0.0169321838766336,0.0082681523635983,0.1453167498111724
122,1024,0.001,128,ICEH,317825.0,580225,0.20425716,0.4555253,0.45317546,1.7012388706207275,0.0079841036349534,0.0060689719393849,0.0042538843117654,0.002638011239469,0.0010098268976435,0.0058311787433922,0.0011948718456551,0.0007578935474157,0.0028521250933408,0.0686568915843963,0.0683330968022346,0.0728362500667572,0.0325516760349273,0.0284334905445575,0.2833304703235626
123,1024,0.001,128,MCN,281344.0,530689,0.45208523,0.447066,0.5118979,1.9835506677627563,0.0022083350922912,0.0013584344414994,0.0034396215341985,0.0011270546820014,0.0035244144964963,0.0059787360951304,0.0051650418899953,0.0001468194968765,0.0010896979365497,0.0135527700185775,0.0018996699946001,0.0738172307610511,0.0301631409674882,0.0146583188325166,0.17437744140625
124,1024,0.001,128,SCARF,547072.0,530689,0.5149082,0.55272096,0.515724,,,,,,,,,,,,,,,,
125,1024,0.001,128,SUBTAB,399616.0,530689,0.73065305,0.49043953,0.5109019,,,,,,,,,,,,,,,,
126,1024,0.002,32,CLIP,17921.0,34369,0.3287118,0.49485785,0.5588446,1.5364052057266235,0.0022559885401278,0.0015282415552064,0.0034072988200932,0.0007611255277879,0.0028343969024717,0.1556679457426071,0.0036063392180949,0.0002952985814772,0.0013913596048951,0.0431589521467685,0.005938075017184,0.0438660867512226,0.0157121550291776,0.0117880152538418,0.1451542675495147
127,1024,0.002,32,CONTROL,,34369,,,0.5497927,,,,,,,,,,,,,,,,
128,1024,0.002,32,GMC,819488.0,305377,0.35535145,0.6304927,0.5207966,2.366615533828736,0.0013666603481397,0.0675059333443641,0.0042493692599236,0.0023418571799993,0.0067984098568558,0.0072486917488276,0.0053168726153671,0.0011390624567866,0.0008964596781879,0.0118840700015425,0.0604633688926696,0.0111276833340525,0.0344867222011089,0.0103640276938676,0.1441110074520111
129,1024,0.002,32,ICEH,305441.0,321889,0.28725645,0.4745487,0.48632878,1.0642826557159424,0.0062697096727788,0.00224688812159,0.0045878668315708,0.0021593756973743,0.0002438701339997,0.0046489899978041,0.0013387409271672,0.0002691663394216,0.002057874109596,0.2528631389141083,0.0023144236765801,0.0606239289045333,0.1042350828647613,0.0718590319156646,0.3630035519599914
130,1024,0.002,32,MCN,21184.0,34369,0.47792011,0.46537617,0.5343667,5.074278831481934,0.0044017839245498,0.0018845774466171,0.0031727831810712,0.0011016362113878,0.005902983713895,0.0104041406884789,0.0061093475669622,0.0006209721323102,0.0012060233857482,0.0279335752129554,0.0024514044634997,0.0648872256278991,0.0378299057483673,0.0469805002212524,0.1751391887664795
131,1024,0.002,32,SCARF,35392.0,34369,0.5939474,0.7106761,0.56267273,,,,,,,,,,,,,,,,
132,1024,0.002,32,SUBTAB,26176.0,34369,0.7857556,0.4729653,0.5625762,,,,,,,,,,,,,,,,
133,1024,0.002,64,CLIP,68609.0,134273,0.34252366,0.48507267,0.5027101,1.1852810382843018,0.0014007738791406,0.0013572094030678,0.0030378522351384,0.0006956207798793,0.0019168015569448,0.0758749917149543,0.001724958885461,9.17072393349372e-05,0.0010631713084876,0.0294583272188901,0.0018623321084305,0.0430001690983772,0.0159028265625238,0.0123423086479306,0.1462218016386032
134,1024,0.002,64,CONTROL,,134273,,,0.5981084,,,,,,,,,,,,,,,,
135,1024,0.002,64,GMC,823616.0,358721,0.4453798,0.6251438,0.5602135,2.9181113243103027,0.0012853243388235,0.0266065075993537,0.0040311235934495,0.0019661400001496,0.0060268975794315,0.0053182682022452,0.0042675752192735,0.0011965928133577,0.018164848908782,0.0113942818716168,0.0233192779123783,0.0121985077857971,0.0184304788708686,0.0096890488639473,0.100055031478405
136,1024,0.002,64,ICEH,309569.0,375233,0.3350116,0.4713079,0.48683387,0.9692628979682922,0.0052785067819058,0.0012983467895537,0.0108776818960905,0.0048137041740119,0.0005086709861643,0.0008392399759031,0.0004236851818859,0.0005446707364171,0.0012059903237968,0.3036774098873138,0.0012584864161908,0.0204006135463714,0.0964782834053039,0.030017364770174,0.3328548669815063
137,1024,0.002,64,MCN,75136.0,134273,0.45694786,0.44771042,0.50315744,2.5605340003967285,0.0032593042124062,0.0015338708180934,0.0032628427725285,0.0012699995422735,0.0046614366583526,0.0028487723320722,0.0043218676000833,0.0001375700667267,0.0006405400345101,0.0228283498436212,0.0011435648193582,0.0576966181397438,0.0298764239996671,0.0290154237300157,0.1632895022630691
138,1024,0.002,64,SCARF,138368.0,134273,0.38739002,0.5442888,0.5452433,,,,,,,,,,,,,,,,
139,1024,0.002,64,SUBTAB,101504.0,134273,0.71502113,0.49031776,0.50215966,,,,,,,,,,,,,,,,
140,1024,0.002,128,CLIP,268289.0,530689,0.32287315,0.48152232,0.4873303,1.1667935848236084,0.0012840498238801,0.0013375235721468,0.0032137390226125,0.0006736345239914,0.0017591909272596,0.0089935697615146,0.0014584162272512,4.832671402255073e-05,0.0009426689939573,0.0538003258407115,0.000850455078762,0.1022709459066391,0.0162091292440891,0.0120917707681655,0.1529002040624618
141,1024,0.002,128,CONTROL,,530689,,,0.5157834,,,,,,,,,,,,,,,,
142,1024,0.002,128,GMC,831872.0,563713,0.3832895,0.54963845,0.4875395,1.7814557552337646,0.0012720570666715,0.0287481639534235,0.0036251472774893,0.0016608483856543,0.0068986508995294,0.0075969663448631,0.0044515295885503,0.0011219565058127,0.0008409960428252,0.0118086542934179,0.0260428190231323,0.0144344167783856,0.018586752936244,0.0087563535198569,0.1457104235887527
143,1024,0.002,128,ICEH,317825.0,580225,0.24190372,0.4738566,0.46246812,5.884122848510742,0.0022270844783633,0.0013135859044268,0.0063264830969274,0.0028369659557938,0.0016282537253573,0.0016246255254372,0.0009668239508755,0.0002478230162523,0.0011014463379979,0.3624178469181061,0.0049199983477592,0.0856436118483543,0.0691304355859756,0.02916288562119,0.32099249958992
144,1024,0.002,128,MCN,281344.0,530689,0.40999296,0.4497472,0.48275697,2.269655227661133,0.0028050462715327,0.0013063565129414,0.0027597218286246,0.001294812769629,0.0034117465838789,0.0028903267811983,0.0042255180887877,0.0002224133786512,0.0008545046439394,0.0130295027047395,0.0011475649662315,0.0519669689238071,0.0289557687938213,0.03715730458498,0.1733551323413849
145,1024,0.002,128,SCARF,547072.0,530689,0.3775242,0.5795955,0.5019566,,,,,,,,,,,,,,,,
146,1024,0.002,128,SUBTAB,399616.0,530689,0.7544543,0.47885737,0.53273565,,,,,,,,,,,,,,,,
147,1024,0.003,32,CLIP,17921.0,34369,0.3370086,0.51185673,0.49697116,1.3521733283996582,0.001516071264632,0.0018647013930603,0.004826508462429,0.0006798570393584,0.0019128553103655,0.043419312685728,0.0018134821439161,5.205735214985907e-05,0.0008676723227836,0.0695659890770912,0.0017331998096778,0.0479771345853805,0.0162172373384237,0.0137584339827299,0.1451595723628997
148,1024,0.003,32,CONTROL,,34369,,,0.6048813,,,,,,,,,,,,,,,,
149,1024,0.003,32,GMC,819488.0,305377,0.54807514,0.6839377,0.5541295,3.281280755996704,0.0019281837157905,0.0300948601216077,0.0053245550952851,0.0038420055061578,0.0076440293341875,0.027136156335473,0.0069861616939306,3.854940950986929e-05,0.0029583766590803,0.0118253398686647,0.0262786038219928,0.0107301799580454,0.0178696755319833,0.0092766396701335,0.0984488502144813
150,1024,0.003,32,ICEH,305441.0,321889,0.49007732,0.50944275,0.44072834,4.500272750854492,0.002121121622622,0.0177342221140861,0.0026474948972463,0.0020780018530786,0.000882139778696,0.0014444448752328,0.0010380253661423,2.9979160899529237e-05,0.0004779972659889,0.0100432429462671,0.0158865246921777,0.0115771312266588,0.0170260276645421,0.0115851713344454,0.2435604929924011
151,1024,0.003,32,MCN,21184.0,34369,0.29634607,0.49726582,0.52853525,4.566916942596436,0.0040297601372003,0.0019203558331355,0.0030308347195386,0.0011470892932265,0.0061434851959347,0.0061392574571073,0.0057091759517788,0.0003531101974658,0.001144433976151,0.0332694910466671,0.0046227616257965,0.0544789880514144,0.0338418819010257,0.0515788197517395,0.1576472371816635
152,1024,0.003,32,SCARF,35392.0,34369,0.28118664,0.61283207,0.5213354,,,,,,,,,,,,,,,,
153,1024,0.003,32,SUBTAB,26176.0,34369,0.81147325,0.47254297,0.5446951,,,,,,,,,,,,,,,,
154,1024,0.003,64,CLIP,68609.0,134273,0.36133295,0.49883834,0.48013714,1.081972360610962,0.0012998695019632,0.0012881119037047,0.0044464394450187,0.0006661067018285,0.001836713287048,0.006170617416501,0.0014020819216966,3.834725430351682e-05,0.000703667406924,0.0578618831932544,0.0016658954555168,0.0787907093763351,0.0169692430645227,0.0128654493018984,0.1486690193414688
155,1024,0.003,64,CONTROL,,134273,,,0.49038884,,,,,,,,,,,,,,,,
156,1024,0.003,64,GMC,823616.0,358721,0.38699374,0.52372235,0.5086856,1.9185298681259155,0.0012230682186782,0.0293461177498102,0.0033979527652263,0.001706772018224,0.0073239575140178,0.0054400777444243,0.0034170050639659,0.001171875745058,0.000845470756758,0.0109808333218097,0.0254411771893501,0.0171156115829944,0.0163568053394556,0.0103833647444844,0.1335847973823547
157,1024,0.003,64,ICEH,309569.0,375233,0.40571028,0.47406733,0.49246112,1.8354101181030276,0.0049328966997563,0.0051164701581001,0.0045630754902958,0.0050747287459671,0.0006580394692718,0.0027572610415518,0.0002777618647087,0.0002440756070427,0.0008513228967785,0.2000428587198257,0.0198045130819082,0.0241524130105972,0.0440633036196231,0.0398012548685073,0.365110844373703
158,1024,0.003,64,MCN,75136.0,134273,0.4271595,0.44649807,0.49064675,2.32822322845459,0.00423961924389,0.0013383520999923,0.0029561736155301,0.0010261085117235,0.0052025243639945,0.0032973031047731,0.002999575342983,0.00010216080409,0.0008566672331653,0.0154188042506575,0.0010496180038899,0.0498363189399242,0.0337890721857547,0.0354791320860385,0.1388766020536422
159,1024,0.003,64,SCARF,138368.0,134273,0.6927534,0.581709,0.56056964,,,,,,,,,,,,,,,,
160,1024,0.003,64,SUBTAB,101504.0,134273,0.7449328,0.46276078,0.53277963,,,,,,,,,,,,,,,,
161,1024,0.003,128,CLIP,268289.0,530689,0.32938033,0.47898185,0.47693017,1.213553786277771,0.0009206014801748,0.0013371024979278,0.0022571578156203,0.0007317425333894,0.0020025726407766,0.0878409072756767,0.0020265593193471,5.475273064803332e-05,0.0009003559243865,0.0199607647955417,0.0009041350567713,0.0714314952492713,0.0157303027808666,0.0178689323365688,0.1594012081623077
162,1024,0.003,128,CONTROL,,530689,,,0.5030819,,,,,,,,,,,,,,,,
163,1024,0.003,128,GMC,831872.0,563713,0.49118662,0.65542525,0.58263606,4.092746257781982,0.005448265466839,0.3459524810314178,0.0044012861326336,0.0024439019616693,0.0322670564055442,0.2505878508090973,0.0062730219215154,3.529142850311473e-05,0.0054577463306486,0.0114043597131967,0.150395318865776,0.018940694630146,0.032723095268011,0.2813649773597717,0.1001007780432701
164,1024,0.003,128,ICEH,317825.0,580225,0.51964617,0.47824675,0.43729153,1.4911240339279177,0.010309918783605,0.0053955381736159,0.0132750002667307,0.0076465606689453,0.0005367132253013,0.0023897679056972,0.0010461722267791,0.0002051407645922,0.0009513183613307,0.3900344371795654,0.0006395466043613,0.1088541075587272,0.0811628997325897,0.0282923895865678,0.3204818665981293
165,1024,0.003,128,MCN,281344.0,530689,0.34195977,0.45304155,0.4807589,2.4908342361450195,0.0029130349867045,0.0015211328864097,0.0034491068217903,0.0013218462700024,0.0074420128948986,0.0050609377212822,0.0048737009055912,9.826485620578752e-05,0.0013475713785737,0.0256574302911758,0.0013173022307455,0.054256934672594,0.0390017665922641,0.028586845844984,0.1703755259513855
166,1024,0.003,128,SCARF,547072.0,530689,0.59955484,0.6955079,0.58663917,,,,,,,,,,,,,,,,
167,1024,0.003,128,SUBTAB,399616.0,530689,0.7117137,0.495675,0.5081295,,,,,,,,,,,,,,,,
168,1024,0.005,32,CLIP,17921.0,34369,0.5318623,0.52038944,0.5350653,1.963718295097351,0.0012403883738443,0.0016047180397436,0.0022681329865008,0.0007053364533931,0.0011156976688653,0.0685697495937347,0.0018009458435699,8.085487934295088e-05,0.0013932670699432,0.0310270171612501,0.0012273659231141,0.1025472730398178,0.0184577219188213,0.0157283768057823,0.1530410796403885
169,1024,0.005,32,CONTROL,,34369,,,0.521327,,,,,,,,,,,,,,,,
170,1024,0.005,32,GMC,819488.0,305377,0.55082434,0.6618104,0.5968209,3.349087715148926,0.002352779963985,0.0777982026338577,0.0099576124921441,0.0055642705410718,0.0073635885491967,0.0388075970113277,0.0069750156253576,3.77373507944867e-05,0.0014404131798073,0.0174074377864599,0.0357143245637416,0.0108943693339824,0.0221602134406566,0.0131435682997107,0.1000021249055862
171,1024,0.005,32,ICEH,305441.0,321889,0.64908195,0.49537,0.43978986,1.87785279750824,0.0013163693947717,0.0213319845497608,0.0022727968171238,0.0011796741746366,0.0067648310214281,0.0056058471091091,0.0015546253416687,2.732101165747736e-05,0.0006145645747892,0.0093608126044273,0.0206913743168115,0.0110801579430699,0.0153276706114411,0.0071597686037421,0.1930175423622131
172,1024,0.005,32,MCN,21184.0,34369,0.47111812,0.46246564,0.47993734,4.122206211090088,0.0055188410915434,0.0014544426230713,0.0029485807754099,0.0012912567472085,0.002528493758291,0.0033290130086243,0.0053995670750737,0.0001758585276547,0.0012860889546573,0.0230352189391851,0.0013139140792191,0.0729618072509765,0.0320249870419502,0.0454141497611999,0.1559327095746994
173,1024,0.005,32,SCARF,35392.0,34369,0.732081,0.6691749,0.5316376,,,,,,,,,,,,,,,,
174,1024,0.005,32,SUBTAB,26176.0,34369,0.6989093,0.4729382,0.5097723,,,,,,,,,,,,,,,,
175,1024,0.005,64,CLIP,68609.0,134273,0.38487554,0.4960494,0.4903819,1.3188854455947876,0.001325472490862,0.0016511345747858,0.0040125171653926,0.0006628351984545,0.0020595369860529,0.0107485139742493,0.0016696878010407,0.0004266877949703,0.0012660395586863,0.0963135212659835,0.0009588183602318,0.0608587227761745,0.0185204464942216,0.0167182516306638,0.1656370311975479
176,1024,0.005,64,CONTROL,,134273,,,0.49358636,,,,,,,,,,,,,,,,
177,1024,0.005,64,GMC,823616.0,358721,0.5496863,0.70259064,0.54815656,3.109389305114746,0.0021780533716082,0.0346294566988945,0.0094723086804151,0.0039417431689798,0.0073737022466957,0.0088949305936694,0.0071482388302683,6.420812133001164e-05,0.0029466932173818,0.0128246182575821,0.0299962498247623,0.0111686727032065,0.0221216138452291,0.0133027229458093,0.0998424664139747
178,1024,0.005,64,ICEH,309569.0,375233,0.6030964,0.5097441,0.4909503,2.264653205871582,0.0012277992209419,0.0136992465704679,0.0025993795134127,0.001575463800691,0.0023278417065739,0.0050148721784353,0.0015731405001133,2.6120886104763485e-05,0.0009656543843448,0.0076963272877037,0.0140342386439442,0.0111249536275863,0.0138762313872575,0.0095117771998047,0.285038948059082
179,1024,0.005,64,MCN,75136.0,134273,0.4095814,0.46239007,0.50556093,3.4150068759918213,0.0047837872989475,0.0017223618924617,0.0028598618227988,0.0012051712255924,0.0033769123256206,0.0040036011487245,0.0048016156069934,0.000221800422878,0.0011207023635506,0.0220715850591659,0.0022112058941274,0.0666679963469505,0.0323025658726692,0.0658561512827873,0.155953362584114
180,1024,0.005,64,SCARF,138368.0,134273,0.54049426,0.62605745,0.5840475,,,,,,,,,,,,,,,,
181,1024,0.005,64,SUBTAB,101504.0,134273,0.75728196,0.48137835,0.5361062,,,,,,,,,,,,,,,,
182,1024,0.005,128,CLIP,268289.0,530689,0.37853706,0.4848365,0.44590294,1.3658230304718018,0.000888183247298,0.0013321387814357,0.0025558962952345,0.0006976567674428,0.002437011571601,0.0395094230771064,0.0021372959017753,3.359781840117648e-05,0.0009687618003226,0.0391190610826015,0.0009295310592278,0.0916302651166915,0.0148329148069024,0.0107017243281006,0.1639644801616668
183,1024,0.005,128,CONTROL,,530689,,,0.59121054,,,,,,,,,,,,,,,,
184,1024,0.005,128,GMC,831872.0,563713,0.5337284,0.6587807,0.6242352,3.7574384212493896,0.0596476048231124,0.3439435362815857,0.0450785979628562,0.0145430359989404,0.0433207713067531,0.179131880402565,0.0398196429014205,4.79150221508462e-05,0.0146816242486238,0.1618340164422989,0.3644965589046478,0.0196661427617073,0.0949524119496345,0.2209179848432541,0.1230521351099014
185,1024,0.005,128,ICEH,317825.0,580225,0.6015417,0.48576164,0.46190494,2.242600917816162,0.0014550719643011,0.0096441619098186,0.0027856763917952,0.0007106055272743,0.0069336178712546,0.0018182870699092,0.0009096831781789,3.837517579086125e-05,0.0010404866188764,0.0082655996084213,0.0079293940216302,0.0118910185992717,0.0157850943505764,0.0109305381774902,0.1584522575139999
186,1024,0.005,128,MCN,281344.0,530689,0.29109952,0.44538635,0.44864145,3.261110544204712,0.001947199460119,0.0015152037376537,0.0030773021280765,0.0014801087090745,0.0049383537843823,0.0041936454363167,0.0031136877369135,6.262504757614806e-05,0.0007397637236863,0.0221561752259731,0.0012816211674362,0.0722147524356842,0.0405898317694664,0.0269624684005975,0.1822427213191986
187,1024,0.005,128,SCARF,547072.0,530689,0.42236957,0.56258965,0.5426249,,,,,,,,,,,,,,,,
188,1024,0.005,128,SUBTAB,399616.0,530689,0.73018944,0.50940984,0.52393895,,,,,,,,,,,,,,,,
189,1024,0.007,32,CLIP,17921.0,34369,0.33904833,0.50536937,0.47300285,1.3648327589035034,0.0018052207306027,0.0013480749912559,0.0046259071677923,0.0007172020268626,0.0023726730141788,0.2015173733234405,0.0017089470056816,6.595542799914256e-05,0.0011789856944233,0.0432718284428119,0.0016921552596613,0.0972517430782318,0.0188800301402807,0.015474104322493,0.1595039516687393
190,1024,0.007,32,CONTROL,,34369,,,0.59249437,,,,,,,,,,,,,,,,
191,1024,0.007,32,GMC,819488.0,305377,0.52802473,0.6115695,0.5363104,2.730774402618408,0.0657305344939231,0.4289416074752807,0.0043927738443017,0.0024542696774005,0.0241773519665002,0.0053266412578523,0.0074873073026537,0.0010948072886094,0.0009203365771099,0.0107092419639229,0.4118334054946899,0.0124185290187597,0.1497879922389984,0.3578501343727112,0.0991211906075477
192,1024,0.007,32,ICEH,305441.0,321889,0.6218502,0.49315336,0.52446914,0.7994974255561829,0.001049093552865,0.0014557520626112,0.0023017986677587,0.0007051463471725,0.0001985385606531,0.0012215687893331,0.0008531730272807,2.2765345420339145e-05,0.0003416860708966,0.0104035455733537,0.0003358817775733,0.0112568698823452,0.0132058123126626,0.0070530194789171,0.1611654907464981
193,1024,0.007,32,MCN,21184.0,34369,0.44684246,0.4660501,0.47751528,5.939386367797852,0.0047583528794348,0.0020241250749677,0.0035793806891888,0.00108471699059,0.0076378406956791,0.0093447035178542,0.0073666619136929,0.0004009181575383,0.0014662401517853,0.0264503806829452,0.0018857442773878,0.0724781602621078,0.0348468646407127,0.0296564623713493,0.1585834771394729
194,1024,0.007,32,SCARF,35392.0,34369,0.271949,0.5631058,0.5376787,,,,,,,,,,,,,,,,
195,1024,0.007,32,SUBTAB,26176.0,34369,0.8188571,0.46864265,0.5279445,,,,,,,,,,,,,,,,
196,1024,0.007,64,CLIP,68609.0,134273,0.35947537,0.5178961,0.5104807,1.3135651350021362,0.0017125146696344,0.0013071573339402,0.002512798178941,0.000663403305225,0.0018636035965755,0.0344249792397022,0.0021754256449639,5.9456586313899606e-05,0.0013500897912308,0.031934306025505,0.0016985901165753,0.0913980230689048,0.0190098080784082,0.0167276225984096,0.1677729189395904
197,1024,0.007,64,CONTROL,,134273,,,0.4956159,,,,,,,,,,,,,,,,
198,1024,0.007,64,GMC,823616.0,358721,0.53326523,0.5715165,0.5066706,2.250266790390014,0.0015078344149515,0.0310471672564744,0.0042800079099833,0.0023558707907795,0.0070300381630659,0.0051235291175544,0.0059090126305818,0.0010172544280067,0.0009242154192179,0.0108501259237527,0.0284832380712032,0.0105765182524919,0.0212880261242389,0.0131978709250688,0.1969059258699417
199,1024,0.007,64,ICEH,309569.0,375233,0.6493372,0.48819104,0.43130022,0.7782134413719177,0.0012652421137318,0.0031316818203777,0.0012864626478403,0.0011338789481669,0.0001913817395688,8.672468538861722e-05,0.0008275199797935,2.35034131037537e-05,0.0007543086539953,0.0080235879868268,0.0016779765719547,0.0114889405667781,0.0168958492577075,0.0079671051353216,0.1927246749401092
200,1024,0.007,64,MCN,75136.0,134273,0.39891192,0.4453078,0.5095376,3.94470739364624,0.0034162194933742,0.0014064642600715,0.0029513929039239,0.0012060983572155,0.0022770285140722,0.005787506699562,0.0041273259557783,0.0001682120637269,0.0010590796591714,0.02398382127285,0.0013011621776968,0.0701571106910705,0.0391484312713146,0.0394023843109607,0.1662565171718597
201,1024,0.007,64,SCARF,138368.0,134273,0.60314333,0.677116,0.55434525,,,,,,,,,,,,,,,,
202,1024,0.007,64,SUBTAB,101504.0,134273,0.8002874,0.4859953,0.4783857,,,,,,,,,,,,,,,,
203,1024,0.007,128,CLIP,268289.0,530689,0.37285888,0.48468137,0.45694298,1.52769672870636,0.001827040570788,0.0014194393297657,0.002457404974848,0.0006407584296539,0.0016266992315649,0.0114765185862779,0.0012645052047446,3.37066849169787e-05,0.0012018652632832,0.0385879650712013,0.0009608544060029,0.2040887475013733,0.0177082661539316,0.0107380263507366,0.1519040167331695
204,1024,0.007,128,CONTROL,,530689,,,0.51898724,,,,,,,,,,,,,,,,
205,1024,0.007,128,GMC,831872.0,563713,0.5510772,0.6892387,0.7270102,2.926743507385254,0.0021464005112648,0.054593950510025,0.0205798838287591,0.011246214620769,0.0073461974970996,0.0339780636131763,0.0059547619894146,3.511911927489564e-05,0.002821055939421,0.0171909555792808,0.0498296730220317,0.0106193572282791,0.0202433224767446,0.0780582129955291,0.1012725979089737
206,1024,0.007,128,ICEH,317825.0,580225,0.6467791,0.5003293,0.5017941,1.318488836288452,0.0012082889443263,0.0159087423235178,0.0029961103573441,0.0010627503506839,0.0011184422764927,0.0031916995067149,0.0022796238772571,2.69809206656646e-05,0.0005324199446476,0.0084346197545528,0.0114395292475819,0.0108780767768621,0.0114190252497792,0.0075841145589947,0.1973363012075424
207,1024,0.007,128,MCN,281344.0,530689,0.2342315,0.44088453,0.4375104,2.582530975341797,0.0011331356363371,0.0019003143534064,0.0038996180519461,0.0012201147619634,0.0034472341649234,0.0048397774808108,0.0028977626934647,0.0002666605287231,0.0008497931994497,0.0235641151666641,0.001833556802012,0.0565955452620983,0.0280288476496934,0.028518134728074,0.1684722453355789
208,1024,0.007,128,SCARF,547072.0,530689,0.26744848,0.5977311,0.50378877,,,,,,,,,,,,,,,,
209,1024,0.007,128,SUBTAB,399616.0,530689,0.6679188,0.45728397,0.45266023,,,,,,,,,,,,,,,,
210,1024,0.01,32,CLIP,17921.0,34369,0.2775585,0.4888291,0.47940928,1.213678240776062,0.0016486305976286,0.0023366517852991,0.0038235355168581,0.0007379936287179,0.0023375549353659,0.1662614196538925,0.0035207767505198,5.818133286084048e-05,0.0023371553979814,0.1112380400300026,0.0029243752360343,0.0808000788092613,0.0217216946184635,0.0494358204305172,0.1547668874263763
211,1024,0.01,32,CONTROL,,34369,,,0.49444598,,,,,,,,,,,,,,,,
212,1024,0.01,32,GMC,819488.0,305377,0.55144995,0.67840904,0.649341,3.524237871170044,0.0021937484852969,0.3226964771747589,0.0118462489917874,0.0050764582119882,0.0073984395712614,0.0246973764151334,0.009471639059484,3.827576801995747e-05,0.0046284953132271,0.0580152980983257,0.0286580678075552,0.011419522576034,0.055286955088377,0.0136612895876169,0.1288856118917465
213,1024,0.01,32,ICEH,305441.0,321889,0.54595125,0.6740767,0.62315595,25.40526008605957,0.0550883933901786,0.8030639886856079,0.0287786331027746,0.0183494482189416,0.3634205460548401,0.4744543731212616,0.0499917156994342,0.0021471078507602,0.0029438191559165,0.0136354332789778,0.0241615641862154,0.6667450070381165,0.3008762896060943,0.15594083070755,0.1450996547937393
214,1024,0.01,32,MCN,21184.0,34369,0.3709617,0.4647912,0.52657,3.439481019973755,0.004578833002597,0.0016139786457642,0.00301120034419,0.001017622416839,0.0049732527695596,0.008763781748712,0.0048734457232058,0.0003729556920006,0.0009690637816675,0.0188319142907857,0.0017273742705583,0.071195863187313,0.031982947140932,0.0379955507814884,0.167940154671669
215,1024,0.01,32,SCARF,35392.0,34369,0.6938756,0.7312861,0.53145,,,,,,,,,,,,,,,,
216,1024,0.01,32,SUBTAB,26176.0,34369,0.79262024,0.47134754,0.5338261,,,,,,,,,,,,,,,,
217,1024,0.01,64,CLIP,68609.0,134273,0.35379484,0.48335865,0.48417714,1.2778160572052002,0.0025957466568797,0.0013245610753074,0.0065662334673106,0.000727042555809,0.000726505939383,0.003264968516305,0.001770244911313,4.2020179535029456e-05,0.0008897006628103,0.0382840558886528,0.0016910107806324,0.0810909122228622,0.0148702701553702,0.0115034384652972,0.1751096099615097
218,1024,0.01,64,CONTROL,,134273,,,0.4735876,,,,,,,,,,,,,,,,
219,1024,0.01,64,GMC,823616.0,358721,0.5213753,0.6732568,0.6232739,3.360877990722656,0.0506700873374938,0.389922559261322,0.0352142229676246,0.014598230831325,0.0274336673319339,0.1887081861495971,0.0332800708711147,3.4430904634064063e-05,0.0188042968511581,0.0103987203910946,0.4372816085815429,0.0170361399650573,0.1585417836904525,0.2001059204339981,0.1826590597629547
220,1024,0.01,64,ICEH,309569.0,375233,0.63764906,0.50719327,0.5715784,1.415642261505127,0.0009919808944687,0.1573667526245117,0.0011531042400747,0.0005252608680166,0.0060218586586415,0.0020772546995431,0.0029640141874551,2.4509070499334484e-05,0.000541532295756,0.0078860092908144,0.2776623666286468,0.0104752220213413,0.0116550642997026,0.0071978280320763,0.2221104055643081
221,1024,0.01,64,MCN,75136.0,134273,0.35644296,0.44725674,0.4987826,2.5856473445892334,0.0026870677247643,0.0020290997345,0.0028952676802873,0.0011153622763231,0.0019686026498675,0.0061354120261967,0.0043389592319726,0.0003539199242368,0.0009875718969851,0.0133934766054153,0.0014622206799685,0.0291795656085014,0.0258966386318206,0.0215754564851522,0.1575025469064712
222,1024,0.01,64,SCARF,138368.0,134273,0.75985485,0.60795164,0.5293576,,,,,,,,,,,,,,,,
223,1024,0.01,64,SUBTAB,101504.0,134273,0.80553275,0.46297505,0.5005215,,,,,,,,,,,,,,,,
224,1024,0.01,128,CLIP,268289.0,530689,0.3612045,0.4800126,0.45000955,1.2366390228271484,0.0010779085569083,0.0013019125908613,0.0021611480042338,0.0006888241623528,0.001979669323191,0.0058533875271677,0.0012754375347867,7.768641080474481e-05,0.0012372644850984,0.0326346680521965,0.0009311016765423,0.0723188742995262,0.0172517746686935,0.015319837257266,0.1341375410556793
225,1024,0.01,128,CONTROL,,530689,,,0.5278003,,,,,,,,,,,,,,,,
226,1024,0.01,128,GMC,831872.0,563713,0.5913452,0.6441117,0.5412779,2.7144501209259038,0.0593133643269538,0.0286282617598772,0.0055649788118898,0.0038837294559925,0.0123766455799341,0.0053927972912788,0.0846133679151535,0.0001909672573674,0.0008675097487866,0.0106245130300521,0.0249989293515682,0.0116281285881996,0.0234259013086557,0.0164673868566751,0.1969800740480423
227,1024,0.01,128,ICEH,317825.0,580225,0.5976127,0.5132439,0.52390575,1.6508476734161377,0.0011898289667442,0.0048832595348358,0.0021899747662246,0.0011135736713185,0.0007385550998151,0.0003408936609048,0.0022972228471189,2.4916189431678504e-05,0.0012878889683634,0.0101193208247423,0.0035903397947549,0.0112356496974825,0.0133641846477985,0.0089532574638724,0.2315793335437774
228,1024,0.01,128,MCN,281344.0,530689,0.22781089,0.45063087,0.45698154,2.480973958969116,0.0024157278239727,0.0034141279757022,0.0043042264878749,0.0013913210714235,0.0049816751852631,0.0051068207249045,0.0036515409592539,0.0002837108331732,0.000642015482299,0.0218679588288068,0.0027455650269985,0.0382176116108894,0.032955128699541,0.0395579971373081,0.1903665661811828
229,1024,0.01,128,SCARF,547072.0,530689,0.74445784,0.6577595,0.5600388,,,,,,,,,,,,,,,,
230,1024,0.01,128,SUBTAB,399616.0,530689,0.77886987,0.47400287,0.46902546,,,,,,,,,,,,,,,,
