,batch_size,learning_rate,latent_dim,model_type,embedder_params,predictor_params,kmeans_perf,knn_perf,predictor_perf,ParticleID_0,ParticleID_1,ParticleID_2,ParticleID_3,ParticleID_4,ParticleID_5,ParticleID_6,ParticleID_7,ParticleID_8,ParticleID_9,ParticleID_10,ParticleID_11,ParticleID_12,ParticleID_13,ParticleID_14,ParticleID_15,ParticleID_16,ParticleID_17,ParticleID_18,ParticleID_19,ParticleID_20,ParticleID_21,ParticleID_22,ParticleID_23,ParticleID_24,ParticleID_25,ParticleID_26,ParticleID_27,ParticleID_28,ParticleID_29,ParticleID_30,ParticleID_31,ParticleID_32,ParticleID_33,ParticleID_34,ParticleID_35,ParticleID_36,ParticleID_37,ParticleID_38,ParticleID_39,ParticleID_40,ParticleID_41,ParticleID_42,ParticleID_43,ParticleID_44,ParticleID_45,ParticleID_46,ParticleID_47,ParticleID_48,ParticleID_49
0,1024,0.0001,16,CONTROL,,28050,,,0.9161677046732476,,,,,,,,,,,,,,,,,,,,,,,,,,,,,,,,,,,,,,,,,,,,,,,,,,
1,1024,0.0001,16,GMC,2514704.0,869826,0.9839638,0.889995759801977,0.9349399072590854,0.3966992199420929,0.390805572271347,33356.75390625,0.0022106012329459,0.0001247618929482,0.0125947976484894,0.0980728268623352,0.0017913398332893,0.0251745320856571,0.0010256062960252,0.0503647029399871,13704.5341796875,0.2586754560470581,0.0304794311523437,0.4641509056091308,3254203.75,0.122073233127594,485.2347412109375,0.0016146324342116,1.6552595035466185e-15,2.0693063735961914,0.0015293265460059,6812.8740234375,1.1320617198944092,0.0021698884665966,0.7899670600891113,5213.06640625,0.0335403271019458,0.0020784768275916,0.2163382321596145,2.961169719696045,0.0791825503110885,0.3421095013618469,8202.1181640625,0.0008389045833609,0.0032259870786219,0.4672516882419586,0.6200717091560364,0.0843612849712371,0.0010269489139318,909.2442626953124,745.6578369140625,0.8589739799499512,5.162363052368164,0.0003508262161631,0.0033723975066095,0.4436056613922119,1.8726565837860107,2.16059684753418,0.0023512565530836
2,1024,0.0001,16,ICEH,873489.0,886338,0.28708524,0.8958966457549118,0.9387861098949136,1.456213116645813,0.1255937963724136,430831.40625,0.0131051754578948,0.0019231709884479,0.018863383680582,0.522398829460144,0.0053329546935856,0.1590072810649871,0.00530456751585,0.7292864322662354,42234.078125,0.2726928293704986,0.1643956452608108,0.2947422564029693,3906007.5,0.0137129826471209,10626.44140625,0.0091688856482505,2.337809663872448e-15,9.272979736328123,0.006864265538752,12308.697265625,2.714608669281006,0.0476790927350521,3.981935501098633,19914.5078125,0.3789445757865906,0.0157864969223737,1.6639610528945925,10.729806900024414,0.203103095293045,1.703098177909851,18605.666015625,0.0027128299698233,0.0229796655476093,3.134889841079712,1.1517863273620603,1.1805144548416138,0.0024693391751497,4941.064453125,5927.4013671875,3.859088182449341,25.252620697021484,0.0121338963508605,0.003748406888917,0.4582403898239136,6.272397518157959,42.838600158691406,0.0112419258803129
3,1024,0.0001,16,SCARF,28288.0,28050,0.28079802,0.8760366586098651,0.9272718217636626,,,,,,,,,,,,,,,,,,,,,,,,,,,,,,,,,,,,,,,,,,,,,,,,,,
4,1024,0.0001,16,SUBTAB,20864.0,28050,0.6495191,0.8608396132525067,0.9189144132279768,,,,,,,,,,,,,,,,,,,,,,,,,,,,,,,,,,,,,,,,,,,,,,,,,,
5,1024,0.0001,32,CONTROL,,107298,,,0.91891463841109,,,,,,,,,,,,,,,,,,,,,,,,,,,,,,,,,,,,,,,,,,,,,,,,,,
6,1024,0.0001,32,GMC,2516768.0,910338,0.9898724,0.8904185410971567,0.939325048146026,0.5002588033676147,0.4176701605319977,33139.51171875,0.0022841580212116,0.0001326130877714,0.0140883009880781,0.085380770266056,0.0017700300086289,0.0239693969488143,0.0010658502578735,0.0548679456114769,13397.88671875,0.2650517523288727,0.0296309273689985,0.4779620766639709,2451371.5,0.1378638744354248,472.760009765625,0.0016774008981883,1.836077956137599e-15,1.9781831502914429,0.0015442917356267,6906.296875,1.099921703338623,0.0021123602055013,0.7192867994308472,5798.244140625,0.0369349680840969,0.0019342885352671,0.221026599407196,3.14613676071167,0.0731568709015846,0.3697442710399627,8578.4072265625,0.0009487699135206,0.0032925810664892,0.484231948852539,0.6344196200370789,0.0663053691387176,0.000945204810705,824.9443359375,836.9730224609375,0.9110096096992492,5.094261169433594,0.0004715807735919,0.003448196221143,0.4793590605258941,1.811994552612305,2.144740581512451,0.0024705280084162
7,1024,0.0001,32,ICEH,875553.0,926850,0.26752254,0.9043994850512566,0.9345337895142882,1.4016180038452148,0.1480766981840133,341938.71875,0.0186334159225225,0.0006220969371497,0.0186687242239713,0.6133226156234741,0.0088677965104579,0.1673103123903274,0.0060891420580446,0.2962051630020141,26434.32421875,0.9008696675300598,0.0463775061070919,0.3036395609378814,2933798.25,0.0129459109157323,4786.3759765625,0.0097567457705736,1.9939684973958264e-15,9.692995071411133,0.0071922992356121,11166.9775390625,2.4443230628967285,0.0521205589175224,2.4886090755462646,7916.91845703125,0.2772097289562225,0.0132385976612567,0.5707859992980957,10.261713027954102,0.2452819198369979,0.8562042713165283,22267.615234375,0.0031055861618369,0.0198142658919096,1.7921377420425415,1.3751304149627686,0.4395948946475982,0.0033369208686053,1200.7757568359375,4490.6494140625,2.494364023208618,17.540515899658203,0.0095201963558793,0.011599107645452,0.3417572975158691,1.9773980379104612,40.84466171264648,0.0106037026271224
8,1024,0.0001,32,SCARF,108288.0,107298,0.8060102,0.8742462652067094,0.9301439197819688,,,,,,,,,,,,,,,,,,,,,,,,,,,,,,,,,,,,,,,,,,,,,,,,,,
9,1024,0.0001,32,SUBTAB,78592.0,107298,0.5997723,0.8678129713129474,0.9302819194998893,,,,,,,,,,,,,,,,,,,,,,,,,,,,,,,,,,,,,,,,,,,,,,,,,,
10,1024,0.0001,64,CONTROL,,419394,,,0.9234337257199124,,,,,,,,,,,,,,,,,,,,,,,,,,,,,,,,,,,,,,,,,,,,,,,,,,
11,1024,0.0001,64,GMC,2520896.0,1068162,0.991501,0.8895979738323712,0.9416528035185012,0.4495151042938232,0.4171807169914245,32363.51171875,0.0021637466270476,0.0001357951550744,0.0140579538419842,0.0915620848536491,0.0018406253075227,0.0242909919470548,0.0010907253017649,0.0516025908291339,13434.0908203125,0.2607117891311645,0.0298233348876237,0.4740297794342041,3617378.0,0.1410142332315445,487.394287109375,0.0016906023956835,1.3698126825745901e-15,2.1005897521972656,0.0014815097674727,8006.45458984375,1.1684294939041138,0.0021608977112919,0.7281016707420349,5884.44140625,0.0379005409777164,0.0020036664791405,0.2102683782577514,3.206400156021118,0.0815773159265518,0.3352580368518829,10360.4423828125,0.0009156010928563,0.0032700339797884,0.4441070556640625,0.6284922957420349,0.0653944611549377,0.0010089157149195,780.9114379882812,827.5731811523438,0.8281188607215881,5.240841865539551,0.0004627607995644,0.0035561886616051,0.481112003326416,1.9306331872940063,2.1151063442230225,0.0023394338786602
12,1024,0.0001,64,ICEH,879681.0,1084674,0.2673039,0.908367023854623,0.9411037320272913,1.769214153289795,0.3116644620895386,383747.6875,0.0127518828958272,0.0008834112668409,0.0120426723733544,0.5868415832519531,0.0116155054420232,0.1010614037513732,0.0059760985895991,0.2937860786914825,15975.5166015625,0.8567639589309692,0.0497253537178039,0.2857038676738739,1258873.5,0.0118543142452836,5913.03271484375,0.0087288748472929,2.4528706194274722e-15,12.26663303375244,0.0061981868930161,7709.248046875,2.3527586460113525,0.0411168821156024,5.6081318855285645,16225.8564453125,0.3113631010055542,0.0107418224215507,0.6002928018569946,12.338127136230469,0.1654290407896042,1.815257787704468,25676.9609375,0.0033163861371576,0.019767003133893,2.685683250427246,1.9625829458236692,0.6069412231445312,0.0063369637355208,3085.14013671875,14666.498046875,3.126494646072388,13.16001033782959,0.0075919809751212,0.0125395162031054,0.8957194089889526,4.913020610809326,75.45552062988281,0.0110849812626838
13,1024,0.0001,64,SCARF,423424.0,419394,0.26396275,0.8863098500122837,0.9333007993775336,,,,,,,,,,,,,,,,,,,,,,,,,,,,,,,,,,,,,,,,,,,,,,,,,,
14,1024,0.0001,64,SUBTAB,304640.0,419394,0.6477361,0.875066832471495,0.9276754624942136,,,,,,,,,,,,,,,,,,,,,,,,,,,,,,,,,,,,,,,,,,,,,,,,,,
15,1024,0.0002,16,CONTROL,,28050,,,0.9243868883078998,,,,,,,,,,,,,,,,,,,,,,,,,,,,,,,,,,,,,,,,,,,,,,,,,,
16,1024,0.0002,16,GMC,2514704.0,869826,0.99133325,0.8935697911148899,0.9352098267508682,0.3503440916538238,0.4167602956295013,32431.265625,0.0022448205854743,0.0001242838043253,0.0137961506843566,0.094080314040184,0.0017896145582199,0.0245407596230506,0.0010339247528463,0.058909248560667,13362.701171875,0.2686968743801117,0.0296343378722667,0.4384377896785736,4082882.5,0.1149484142661094,480.14453125,0.0018259289208799,1.2443289866036016e-15,1.9287638664245603,0.0015143543714657,7915.44873046875,1.1082868576049805,0.0019979076460003,0.7701859474182129,5696.23583984375,0.0365983396768569,0.0020925723947584,0.2037064880132675,3.076107978820801,0.0765987858176231,0.3400662243366241,8213.0439453125,0.000906663830392,0.0032217036932706,0.4783464670181274,0.6282363533973694,0.0703015178442001,0.0009177634492516,946.8323974609376,830.3687133789062,0.9354124665260316,5.195382595062256,0.000471464038128,0.0033384426496922,0.4729244709014892,1.7081232070922852,2.17676329612732,0.0023596175014972
17,1024,0.0002,16,ICEH,873489.0,886338,0.24314363,0.9005568853452406,0.9379527071926714,1.2320729494094849,0.1539545357227325,248809.046875,0.0139412526041269,0.0001567846193211,0.0277912355959415,0.4895629286766052,0.0058248434215784,0.1535858958959579,0.0042172814719378,0.2376696169376373,21421.15625,0.3061861395835876,0.0485737547278404,0.1303449422121048,1774801.75,0.0325066559016704,13329.8388671875,0.0089111933484673,2.2657212308304763e-15,8.651779174804688,0.0069815032184123,10227.4501953125,1.9108484983444212,0.0513017401099205,3.4778761863708496,29783.009765625,0.1204898878931999,0.0105204926803708,0.5018654465675354,25.871318817138672,0.154821366071701,1.4621598720550537,15116.4677734375,0.002419649856165,0.019278384745121,1.6843935251235962,0.9125662446022034,0.3972569704055786,0.0027194393333047,3059.256103515625,2904.357666015625,0.7919673323631287,8.902002334594727,0.0126355988904833,0.0056493273004889,0.4719995558261871,2.3651058673858643,49.01947021484375,0.0102128656581044
18,1024,0.0002,16,SCARF,28288.0,28050,0.83060867,0.8608128164620266,0.9315216651300422,,,,,,,,,,,,,,,,,,,,,,,,,,,,,,,,,,,,,,,,,,,,,,,,,,
19,1024,0.0002,16,SUBTAB,20864.0,28050,0.6428793,0.8713687627936848,0.9278217939873256,,,,,,,,,,,,,,,,,,,,,,,,,,,,,,,,,,,,,,,,,,,,,,,,,,
20,1024,0.0002,32,CONTROL,,107298,,,0.9283699647460824,,,,,,,,,,,,,,,,,,,,,,,,,,,,,,,,,,,,,,,,,,,,,,,,,,
21,1024,0.0002,32,GMC,2516768.0,910338,0.98936653,0.8952057464328556,0.941927001489436,0.3966749906539917,0.3948142230510711,33463.62890625,0.0021363501437008,0.0001210942282341,0.013120874762535,0.0955652892589569,0.0015566037036478,0.024949749931693,0.0010532354936003,0.0527152679860591,13138.998046875,0.2736543118953705,0.0298970472067594,0.4308725297451019,503522.0625,0.1238275840878486,478.7593994140625,0.0015691879671067,1.2565002147809357e-15,2.039045810699463,0.0015014427481219,6975.12451171875,1.1605572700500488,0.0020848414860665,0.7909606099128723,5478.61865234375,0.0361678227782249,0.0020985335577279,0.1906705349683761,3.1453216075897217,0.0730399340391159,0.3355942666530609,8595.7802734375,0.0008433183538727,0.003348926315084,0.4905061423778534,0.6314423680305481,0.0841512456536293,0.000939522520639,830.1116943359375,861.5244140625,0.9152569770812988,5.228912353515625,0.0004757654096465,0.0035757855512201,0.4573916792869568,1.90185821056366,2.1727294921875,0.0024228033144026
22,1024,0.0002,32,ICEH,875553.0,926850,0.40057203,0.9076882844206836,0.9374052119832544,1.0664374828338623,0.3337488174438476,328483.875,0.0080830594524741,0.000831562327221,0.0087607493624091,0.5465139150619507,0.0079577043652534,0.1010266244411468,0.0076802065595984,0.1907075643539428,17348.6875,0.5992990136146545,0.0860214009881019,0.1083855330944061,2548500.0,0.0280352737754583,6153.89404296875,0.0082367584109306,3.010111784327685e-15,28.902442932128903,0.0065423604100942,12246.0966796875,3.467562675476074,0.049643337726593,5.360603332519531,13923.14453125,0.2225157171487808,0.0143275875598192,2.5745692253112797,15.6529541015625,0.3139398992061615,0.5686366558074951,19637.2578125,0.0023242863826453,0.0145716685801744,1.805589199066162,0.6250885725021362,0.4311013221740722,0.0068557695485651,2656.07421875,5223.5849609375,2.953706741333008,13.03056526184082,0.0134159671142697,0.005383251234889,0.601343035697937,1.8411545753479004,54.12263107299805,0.0109397247433662
23,1024,0.0002,32,SCARF,108288.0,107298,0.4153475,0.8712390948509554,0.9249472189547736,,,,,,,,,,,,,,,,,,,,,,,,,,,,,,,,,,,,,,,,,,,,,,,,,,
24,1024,0.0002,32,SUBTAB,78592.0,107298,0.6367696,0.8724813174953543,0.929057261138326,,,,,,,,,,,,,,,,,,,,,,,,,,,,,,,,,,,,,,,,,,,,,,,,,,
25,1024,0.0002,64,CONTROL,,419394,,,0.9234202147331156,,,,,,,,,,,,,,,,,,,,,,,,,,,,,,,,,,,,,,,,,,,,,,,,,,
26,1024,0.0002,64,GMC,2520896.0,1068162,0.9941821,0.8904183159140434,0.945348846548292,0.454457551240921,0.4095185697078705,32647.84765625,0.002169017214328,0.000126495709992,0.0139086572453379,0.0859245285391807,0.0018160456093028,0.0244118086993694,0.0010840311879292,0.0516522005200386,13441.6669921875,0.263149619102478,0.0334792919456958,0.4424214959144592,4137286.75,0.1318003088235855,494.9073181152344,0.0017763773212209,1.5190163715631325e-15,1.9979599714279173,0.0015393544454127,8138.9697265625,1.1510775089263916,0.0021038108970969,0.8200069665908813,5653.8642578125,0.0366818830370903,0.0020224179606884,0.2151889055967331,3.248739242553711,0.0781831517815589,0.3576761782169342,8546.3125,0.0008391953888349,0.003333622822538,0.4625855088233948,0.639930784702301,0.0652202293276786,0.0009409399353899,807.2568359375,816.1187133789062,0.8498323559761047,5.3985466957092285,0.000320604420267,0.0034113239962607,0.4712110459804535,1.883087396621704,2.103309154510498,0.0024410679470747
27,1024,0.0002,64,ICEH,879681.0,1084674,0.30695596,0.9109741564096384,0.940421840029766,2.4727659225463867,0.3815033733844757,119395.140625,0.0197365898638963,0.0007741957670077,0.0100431889295578,0.703529953956604,0.0097226751968264,0.1407112032175064,0.0045353951863944,0.2650147676467895,18186.291015625,0.8671457767486572,0.0535755157470703,0.2515356242656708,2587762.5,0.0170424487441778,5355.74169921875,0.007636894006282,2.2922428912001925e-15,18.47475242614746,0.0067559015005826,9368.99609375,3.5153980255126958,0.0590725652873516,4.150154113769531,7770.3759765625,0.2324741780757904,0.0095669785514473,2.01604437828064,13.20650577545166,0.3083623349666595,0.7538661360740662,20847.15625,0.0023660704027861,0.0157542079687118,2.5046916007995605,0.6337487101554871,0.6757369637489319,0.0057101980783045,1591.4090576171875,7820.85791015625,1.4527393579483032,6.210399627685547,0.0138052636757493,0.0086087426170706,0.3733281791210174,3.843195199966431,67.35256958007812,0.0107709672302007
28,1024,0.0002,64,SCARF,423424.0,419394,0.6682804,0.8786307305443104,0.9280851831688232,,,,,,,,,,,,,,,,,,,,,,,,,,,,,,,,,,,,,,,,,,,,,,,,,,
29,1024,0.0002,64,SUBTAB,304640.0,419394,0.63268673,0.880024914259653,0.930284171331022,,,,,,,,,,,,,,,,,,,,,,,,,,,,,,,,,,,,,,,,,,,,,,,,,,
30,1024,0.0003,16,CONTROL,,28050,,,0.9275424168047852,,,,,,,,,,,,,,,,,,,,,,,,,,,,,,,,,,,,,,,,,,,,,,,,,,
31,1024,0.0003,16,GMC,2514704.0,869826,0.9933519,0.8889012197493698,0.93672061778837,0.3797299861907959,0.4530607759952545,32080.537109375,0.0020950834732502,0.0001317484420724,0.012536697089672,0.0830162540078163,0.0016952184960246,0.0266173854470253,0.0011191981611773,0.0483689084649086,13279.4560546875,0.2792724668979645,0.0305079948157072,0.4566146433353424,3431108.25,0.117327943444252,481.47314453125,0.0017787204124033,1.0046654611009704e-15,2.0508360862731934,0.0015829288167878,7077.73193359375,1.181346416473389,0.0019812174141407,0.8638620972633362,5780.771484375,0.0352032557129859,0.0020891022868454,0.2134877443313598,3.087387084960937,0.069746159017086,0.3525137901306152,9374.828125,0.000971284462139,0.003168910741806,0.4752998352050781,0.5747101306915283,0.0622108057141304,0.0009372567292302,825.1039428710938,809.8528442382812,0.9367744326591492,5.157569408416748,0.0003549657412804,0.0034543313086032,0.4674631059169769,1.7579368352890017,2.198950290679932,0.0022921452764421
32,1024,0.0003,16,ICEH,873489.0,886338,0.99646366,0.8985006257463413,0.9379558597562574,2.477522850036621,0.2036360502243042,840625.4375,0.0252987947314977,0.0017053508199751,0.0131810689345002,0.3289244771003723,0.0065385731868445,0.1412155777215957,0.0053587337024509,0.4123003184795379,17246.61328125,0.5630365014076233,0.0410191304981708,0.4285720586776733,3741603.0,0.0092300809919834,14404.2919921875,0.0092913573607802,2.717208638200095e-15,21.43828582763672,0.0076051391661167,7898.3408203125,2.143509864807129,0.0494968593120574,2.990384578704834,28517.056640625,0.4244245588779449,0.026967229321599,2.35050630569458,16.879976272583008,0.4462361335754394,2.0744450092315674,27334.97265625,0.0027881220448762,0.0179555229842662,2.9153003692626958,1.3538471460342407,1.7045073509216309,0.0033117595594376,5321.23193359375,6530.53125,5.015172958374023,13.307918548583984,0.0119096180424094,0.0058776321820914,2.929561853408813,2.1737191677093506,83.30339813232422,0.0124699464067816
33,1024,0.0003,16,SCARF,28288.0,28050,0.9934247,0.857541581375435,0.9293220014185036,,,,,,,,,,,,,,,,,,,,,,,,,,,,,,,,,,,,,,,,,,,,,,,,,,
34,1024,0.0003,16,SUBTAB,20864.0,28050,0.6575643,0.8664442332894051,0.9293253791652027,,,,,,,,,,,,,,,,,,,,,,,,,,,,,,,,,,,,,,,,,,,,,,,,,,
35,1024,0.0003,32,CONTROL,,107298,,,0.9297348746566988,,,,,,,,,,,,,,,,,,,,,,,,,,,,,,,,,,,,,,,,,,,,,,,,,,
36,1024,0.0003,32,GMC,2516768.0,910338,0.99392325,0.8920682325850324,0.9365828432535628,0.4094365239143371,0.3886646032333374,31845.076171875,0.0022480452898889,0.0001167039881693,0.0134500619024038,0.0931682959198951,0.0016878920141607,0.026837058365345,0.0010924343951046,0.0542141236364841,13312.0,0.2733237445354461,0.0291055440902709,0.4561504125595093,3176715.75,0.123406745493412,487.6252746582031,0.0017731057014316,2.1033896958297946e-15,2.076879978179932,0.0015268818242475,6593.443359375,1.1567931175231934,0.0021209989208728,0.7112136483192444,5540.76220703125,0.0360679142177104,0.0020346858073025,0.1827156245708465,3.080232620239258,0.07292952388525,0.3563447892665863,8704.6005859375,0.0009205009555444,0.0033485484309494,0.4293623268604278,0.6200093626976013,0.066125102341175,0.0009675156907178,978.7606811523438,875.7622680664062,0.8637917041778564,5.327347278594971,0.0003187294641975,0.0034209743607789,0.4481925070285797,1.7971478700637815,2.1603221893310547,0.0024296117480844
37,1024,0.0003,32,ICEH,875553.0,926850,0.9918028,0.9065863133253385,0.9382318591920984,1.6926838159561155,0.2320311963558197,44484.296875,0.0195685047656297,0.0008103279978968,0.0225061364471912,0.9260432124137878,0.0097141684964299,0.1567751616239547,0.0108077973127365,0.2959621846675873,11408.607421875,0.7591367959976196,0.0349717214703559,0.1187869906425476,1922859.125,0.0191894695162773,6046.82373046875,0.0087246159091591,1.9914650915202163e-15,10.253941535949709,0.0062580886296927,10894.8154296875,2.377296209335327,0.0513237491250038,4.28420877456665,7069.88623046875,0.6899697184562683,0.0117892026901245,0.9388240575790404,14.083271980285645,0.2489998340606689,0.64740389585495,24107.091796875,0.0034399800933897,0.0154202943667769,2.7123219966888428,1.1384713649749756,0.4437063336372375,0.0031981903593987,962.6310424804688,6014.5322265625,1.2967921495437622,29.754432678222656,0.0122172040864825,0.0039745303802192,0.8046605587005615,7.005802631378174,83.61145782470703,0.0099063739180564
38,1024,0.0003,32,SCARF,108288.0,107298,0.98576933,0.8821833694614618,0.9306947927380848,,,,,,,,,,,,,,,,,,,,,,,,,,,,,,,,,,,,,,,,,,,,,,,,,,
39,1024,0.0003,32,SUBTAB,78592.0,107298,0.6272646,0.8734315527028691,0.9328942312665102,,,,,,,,,,,,,,,,,,,,,,,,,,,,,,,,,,,,,,,,,,,,,,,,,,
40,1024,0.0003,64,CONTROL,,419394,,,0.9327539797174568,,,,,,,,,,,,,,,,,,,,,,,,,,,,,,,,,,,,,,,,,,,,,,,,,,
41,1024,0.0003,64,GMC,2520896.0,1068162,0.9934887,0.8931618719051866,0.9408299844225828,0.3532732129096985,0.4275577366352081,34034.98046875,0.0022056233137845,0.0001225156302098,0.0140952784568071,0.088063545525074,0.0019542088266462,0.0272818077355623,0.0011244452325627,0.0536396987736225,13906.990234375,0.2643443942070007,0.0351136624813079,0.4435963928699493,1752966.0,0.1375575512647628,474.87640380859375,0.0016587915597483,1.0046654611009704e-15,2.012156248092652,0.0015624084044247,7204.85791015625,1.152186155319214,0.0020483629778027,0.7609463930130005,6053.5654296875,0.0347667895257473,0.002144229132682,0.2065071314573288,3.104818820953369,0.0779254510998725,0.3431367576122284,24513.6796875,0.0009252452873624,0.0032220617868006,0.4539599418640136,0.6072829961776733,0.0659291073679924,0.0009309255401603,778.308349609375,790.7440795898438,0.934403955936432,5.358328342437744,0.0003236095653846,0.0035346683580428,0.4788489937782287,1.8700933456420896,2.1451032161712646,0.0024011807981878
42,1024,0.0003,64,ICEH,879681.0,1084674,0.99201274,0.9094665179357224,0.9441156312284242,1.1843256950378418,0.5118584632873535,186961.5,0.0092860925942659,0.0003116024599876,0.0243060979992151,1.0019654035568235,0.0100075080990791,0.0616745725274086,0.0120533080771565,0.129632219672203,14571.666015625,0.8963132500648499,0.0315734595060348,0.4141987860202789,1892324.375,0.0150782158598303,5729.80908203125,0.0073264138773083,1.98082254605444e-15,9.804479598999023,0.005370981991291,4253.20068359375,4.2158284187316895,0.0505161583423614,3.133439064025879,5722.10302734375,0.2897955477237701,0.0184858050197362,2.0056893825531006,14.94969081878662,0.1258612424135208,0.3855013847351074,27967.208984375,0.0036992169916629,0.0164496172219514,2.1930172443389893,0.7893857955932617,0.2621315717697143,0.0039204731583595,2957.759521484375,4058.945068359375,3.449049949645996,13.766297340393066,0.0112251453101634,0.010717449709773,0.3170914947986603,2.700924873352051,29.906280517578125,0.0107861198484897
43,1024,0.0003,64,SCARF,423424.0,419394,0.99236006,0.889319722565397,0.9348113652319224,,,,,,,,,,,,,,,,,,,,,,,,,,,,,,,,,,,,,,,,,,,,,,,,,,
44,1024,0.0003,64,SUBTAB,304640.0,419394,0.57539696,0.8886538185689148,0.9397374710179952,,,,,,,,,,,,,,,,,,,,,,,,,,,,,,,,,,,,,,,,,,,,,,,,,,
45,1024,0.0005,16,CONTROL,,28050,,,0.9300144770223526,,,,,,,,,,,,,,,,,,,,,,,,,,,,,,,,,,,,,,,,,,,,,,,,,,
46,1024,0.0005,16,GMC,2514704.0,869826,0.99539125,0.8948043575334372,0.9367228696195028,0.4440243542194366,0.3710105121135711,30415.587890625,0.0020936420187354,0.0001393844431731,0.01294722314924,0.0935341045260429,0.001895563211292,0.025307722389698,0.001107485499233,0.0559848807752132,13419.93359375,0.2682650685310364,0.032423585653305,0.4433242976665497,607678.625,0.1188109368085861,485.1713562011719,0.001732024247758,1.0046654611009704e-15,2.1064982414245605,0.0015737974317744,7512.50390625,1.1588685512542725,0.0020048136357218,0.7803624272346497,5877.1787109375,0.0356400310993194,0.001904065371491,0.2000870555639267,2.90945816040039,0.0722922831773758,0.3473111987113952,8966.0302734375,0.0009651889558881,0.0032222559675574,0.447346031665802,0.5920486450195312,0.0634723603725433,0.0010606305440887,823.67626953125,808.9536743164062,0.9361630082130432,5.283619403839111,0.0004715665418189,0.0035175590310245,0.478763222694397,1.8907684087753296,2.1379048824310303,0.0022886770311743
47,1024,0.0005,16,ICEH,873489.0,886338,0.9985933,0.9009720104145688,0.9401397606498664,3.360481977462769,0.2076068967580795,462705.875,0.0151479626074433,0.0023850898724049,0.0305853467434644,0.7489566206932068,0.0163205713033676,0.2303843647241592,0.0060991952195763,0.8012609481811523,21071.685546875,1.0119402408599854,0.0984822511672973,0.5406180620193481,973551.375,0.0189576987177133,16978.83984375,0.0130915772169828,1.8897948798283358e-15,28.027009963989254,0.0077088656835258,9081.2275390625,2.278693199157715,0.0734780952334404,6.17495584487915,28760.443359375,0.7855798006057739,0.0234862584620714,3.2262303829193115,24.79228782653809,0.4079631567001343,2.180880546569824,21067.521484375,0.0036758384667336,0.0234117191284894,2.835219383239746,1.08537495136261,1.793979287147522,0.0039782072417438,4486.98974609375,6403.07080078125,6.072052955627441,11.432035446166992,0.0192329734563827,0.0042817913927137,2.731144666671753,1.977363109588623,110.3324203491211,0.0141917755827307
48,1024,0.0005,16,SCARF,28288.0,28050,0.99127793,0.8577948373168351,0.9368642470841226,,,,,,,,,,,,,,,,,,,,,,,,,,,,,,,,,,,,,,,,,,,,,,,,,,
49,1024,0.0005,16,SUBTAB,20864.0,28050,0.6529864,0.8761782612575981,0.929601378601044,,,,,,,,,,,,,,,,,,,,,,,,,,,,,,,,,,,,,,,,,,,,,,,,,,
50,1024,0.0005,32,CONTROL,,107298,,,0.9327481249565116,,,,,,,,,,,,,,,,,,,,,,,,,,,,,,,,,,,,,,,,,,,,,,,,,,
51,1024,0.0005,32,GMC,2516768.0,910338,0.9942154,0.8894577222833178,0.9400118941720432,0.5324445962905884,0.3881348669528961,33309.34375,0.0022924994118511,0.0001320700976066,0.0129234669730067,0.0958207473158836,0.0017057083314284,0.0237803384661674,0.0011723635252565,0.0599444508552551,13599.61328125,0.2593724727630615,0.0313149057328701,0.4602892696857452,2641469.5,0.1276568472385406,494.3943481445313,0.0017106254817917,1.0046654611009704e-15,2.0463881492614746,0.0016457458259537,7829.5341796875,1.2270841598510742,0.0022158371284604,0.7510336637496948,5535.70947265625,0.0350810289382934,0.0019347460474818,0.2065064758062362,2.906355619430542,0.0746269524097442,0.3497748076915741,9374.765625,0.0008102984866127,0.0036449902690947,0.4621371030807495,0.6087839603424072,0.0619504377245903,0.0010237497044727,771.9942016601562,830.931640625,0.8690692186355591,5.473558902740479,0.0004714250972028,0.0034728473983705,0.4527883231639862,1.882690191268921,2.163722515106201,0.0022939222399145
52,1024,0.0005,32,ICEH,875553.0,926850,0.99367785,0.9078256085892646,0.939870066341197,1.7233967781066897,0.110013410449028,191861.5,0.0121886599808931,0.0010559152578935,0.0136768566444516,1.0868204832077026,0.0160565804690122,0.0648138150572776,0.0125377066433429,0.1617383509874344,21311.068359375,1.047921895980835,0.0426043756306171,0.0803500264883041,921661.3125,0.0147266536951065,10898.7705078125,0.0109715815633535,1.270439200719189e-15,17.563949584960938,0.0053606438450515,7033.10302734375,2.21607518196106,0.0655799359083175,5.824937343597412,7540.91943359375,0.1434670388698578,0.0170436017215251,1.810895562171936,9.866775512695312,0.3577483296394348,0.3771330714225769,26097.916015625,0.0026604975573718,0.0157447587698698,2.131106376647949,1.44333815574646,0.5642931461334229,0.0043711066246032,384.8365173339844,5011.80419921875,1.1133277416229248,16.301753997802734,0.0134507305920124,0.0097182048484683,0.42852383852005,3.1074135303497314,84.74447631835938,0.0119301443919539
53,1024,0.0005,32,SCARF,108288.0,107298,0.28025025,0.8801273350456758,0.9278177406912866,,,,,,,,,,,,,,,,,,,,,,,,,,,,,,,,,,,,,,,,,,,,,,,,,,
54,1024,0.0005,32,SUBTAB,78592.0,107298,0.6328273,0.8726229201430873,0.940146741326378,,,,,,,,,,,,,,,,,,,,,,,,,,,,,,,,,,,,,,,,,,,,,,,,,,
55,1024,0.0005,64,CONTROL,,419394,,,0.9289118303776672,,,,,,,,,,,,,,,,,,,,,,,,,,,,,,,,,,,,,,,,,,,,,,,,,,
56,1024,0.0005,64,GMC,2520896.0,1068162,0.36609763,0.8935675392837571,0.9391845714138596,0.3986392617225647,0.4015063047409057,33950.24609375,0.002121063414961,0.0001093368628062,0.0142539506778121,0.0927004516124725,0.0018976498395204,0.0264381524175405,0.0010997294448316,0.04494534060359,14651.28515625,0.2551478445529938,0.0292425658553838,0.4679435193538666,3997478.25,0.1406311988830566,482.2569885253906,0.0016724083106964,1.0046654611009704e-15,2.096668243408203,0.0015349593013525,7531.439453125,1.0553492307662964,0.0022602709941565,0.7716338634490967,5715.6611328125,0.0360204204916954,0.0022082179784774,0.2277271449565887,2.8311727046966557,0.0696307644248008,0.336472600698471,41166.6875,0.000868113071192,0.0032658618874847,0.4729966819286346,0.6666722893714905,0.0901200100779533,0.0008585354080423,779.1923828125,835.4526977539062,0.9455721378326416,5.547207832336426,0.000362996244803,0.0032848014961928,0.4860738813877105,1.9354833364486692,2.152858018875122,0.0022300581913441
57,1024,0.0005,64,ICEH,879681.0,1084674,0.9955435,0.909057022444226,0.94288128999299,1.875706911087036,0.5125420093536377,310425.6875,0.0168993175029754,0.0018022408476099,0.0119202742353081,0.8061599135398865,0.0145178837701678,0.1662965267896652,0.0117920394986867,0.2694055140018463,19289.79296875,0.5950203537940979,0.069131039083004,0.1595260500907898,1863816.25,0.0185824949294328,7506.7646484375,0.0111668538302183,1.1453396341897803e-15,29.10638236999512,0.0055407639592885,13509.009765625,2.863159656524658,0.0595001801848411,5.3044939041137695,11008.2509765625,0.8366569876670837,0.0120202600955963,2.54141616821289,20.378217697143555,0.2764560580253601,2.327972650527954,28434.310546875,0.0032016648910939,0.0137264067307114,2.577435255050659,1.987430453300476,0.4120053946971893,0.0072995242662727,2978.9736328125,10671.1328125,1.9004921913146973,30.5933780670166,0.0083709973841905,0.0169450994580984,0.7076231241226196,4.790317535400391,88.8875732421875,0.0080136870965361
58,1024,0.0005,64,SCARF,423424.0,419394,0.9904471,0.898627366308598,0.9360400768895246,,,,,,,,,,,,,,,,,,,,,,,,,,,,,,,,,,,,,,,,,,,,,,,,,,
59,1024,0.0005,64,SUBTAB,304640.0,419394,0.59572077,0.8812389890148922,0.9405542101698549,,,,,,,,,,,,,,,,,,,,,,,,,,,,,,,,,,,,,,,,,,,,,,,,,,
60,1024,0.0007,16,CONTROL,,28050,,,0.9342656714874118,,,,,,,,,,,,,,,,,,,,,,,,,,,,,,,,,,,,,,,,,,,,,,,,,,
61,1024,0.0007,16,GMC,2514704.0,869826,0.99451,0.8946564497585324,0.9357597989745312,0.3875080347061157,0.3999152183532715,33156.11328125,0.0022618575021624,0.0001204802902066,0.0130487736314535,0.0899572521448135,0.001902095740661,0.0250148475170135,0.0010653953067958,0.0494820699095726,13919.7177734375,0.2808386385440826,0.0313414521515369,0.4475277364253998,3322453.0,0.1125797778367996,482.90631103515625,0.0017027859576046,1.0046654611009704e-15,2.07384991645813,0.001545938081108,6743.908203125,1.164055585861206,0.0020339235197752,0.6684390902519226,5614.1943359375,0.0345947369933128,0.0020676548592746,0.2063729614019394,3.234104633331299,0.0660761520266532,0.3371166586875915,53880.1484375,0.0009105673525482,0.0032978893723338,0.4490776062011719,0.6110721826553345,0.0707490965723991,0.0010188197484239,812.9610595703125,809.72509765625,0.9518544673919678,5.2409772872924805,0.0004713724192697,0.003389187855646,0.4737093150615692,1.7756845951080322,2.21102237701416,0.0022310453932732
62,1024,0.0007,16,ICEH,873489.0,886338,0.98973465,0.9061698371573303,0.9398777225670484,1.9767615795135496,0.2379548698663711,311023.28125,0.0110325142741203,0.0024610313121229,0.0155824115499854,0.4172483384609222,0.0048386598937213,0.1462642401456833,0.0045266104862093,0.3854693472385406,23201.59765625,0.8647304177284241,0.0529453046619892,0.0653029307723045,1869357.375,0.0234432313591241,8445.318359375,0.0073708416894078,3.3898591009548897e-15,6.7440104484558105,0.0049279206432402,10502.359375,1.452690839767456,0.0406060516834259,2.4272501468658447,14252.3583984375,0.3844865262508392,0.0186940729618072,1.8862224817276,14.616372108459473,0.1762757152318954,2.370474576950073,23114.6328125,0.0033558232244104,0.0166482105851173,3.665811061859131,1.558920979499817,1.0256454944610596,0.0014169287169352,2012.007568359375,3700.285888671875,5.228053569793701,14.07192325592041,0.0094671016559004,0.0020992581266909,2.3063619136810303,8.06733226776123,58.77267456054688,0.0119447978213429
63,1024,0.0007,16,SCARF,28288.0,28050,0.9933721,0.8509394376772332,0.930559044851297,,,,,,,,,,,,,,,,,,,,,,,,,,,,,,,,,,,,,,,,,,,,,,,,,,
64,1024,0.0007,16,SUBTAB,20864.0,28050,0.65488815,0.8689059350837618,0.9296011534179308,,,,,,,,,,,,,,,,,,,,,,,,,,,,,,,,,,,,,,,,,,,,,,,,,,
65,1024,0.0007,32,CONTROL,,107298,,,0.9358966727768854,,,,,,,,,,,,,,,,,,,,,,,,,,,,,,,,,,,,,,,,,,,,,,,,,,
66,1024,0.0007,32,GMC,2516768.0,910338,0.9955526,0.8937044130861114,0.9393155904552684,0.3521306216716766,0.382115751504898,32676.73046875,0.0021544406190514,0.0001241857098648,0.0126795880496501,0.0901018902659416,0.0016993526369333,0.0248447302728891,0.0010794101981446,0.052034106105566,13985.7880859375,0.283228725194931,0.0309818517416715,0.458380788564682,5834497.0,0.1182650923728942,468.2671508789063,0.001649857033044,1.0046654611009704e-15,2.192232608795166,0.0015691391890868,6579.251953125,1.1595840454101562,0.0020629600621759,0.7210820317268372,6429.54052734375,0.0316735841333866,0.0020035021007061,0.2167929410934448,2.626507043838501,0.0649657100439071,0.3370797634124756,15939.369140625,0.0008587276679463,0.0034672357141971,0.4476102292537689,0.6032875776290894,0.0867915824055671,0.0009921465534716,833.6504516601562,821.0224609375,0.931618869304657,5.418556213378906,0.000263167428784,0.003526640124619,0.4556643664836883,1.7122132778167725,2.152776002883911,0.0022654489148408
67,1024,0.0007,32,ICEH,875553.0,926850,0.9983627,0.9094667431188356,0.9391796173853674,1.6721184253692627,0.4005293548107147,108714.546875,0.0137327080592513,0.0013184905983507,0.0140349632129073,1.3694400787353516,0.0157696809619665,0.1276994347572326,0.012711763381958,0.3054630756378174,41927.62109375,0.6961793899536133,0.0406340844929218,0.6760782599449158,249981.25,0.0455135144293308,9783.9482421875,0.0134336063638329,2.076182362289276e-15,29.53393173217773,0.0043856436386704,25422.49609375,2.1180648803710938,0.0682040825486183,6.960178852081299,29260.638671875,1.0635755062103271,0.0227560419589281,3.278423547744751,22.279088973999023,0.4613875448703766,1.4119139909744265,10598.8115234375,0.0034271159674972,0.0179010052233934,4.5648193359375,0.9498834609985352,1.0970767736434937,0.00116827362217,603.2584228515625,3861.12109375,8.652383804321289,43.50213241577149,0.0225422196090221,0.0037563443183898,0.5212767720222473,2.5617642402648926,146.21575927734375,0.0115709183737635
68,1024,0.0007,32,SCARF,108288.0,107298,0.23962167,0.8454885801761848,0.9352141052300204,,,,,,,,,,,,,,,,,,,,,,,,,,,,,,,,,,,,,,,,,,,,,,,,,,
69,1024,0.0007,32,SUBTAB,78592.0,107298,0.5861502,0.8786316312767635,0.939601497948094,,,,,,,,,,,,,,,,,,,,,,,,,,,,,,,,,,,,,,,,,,,,,,,,,,
70,1024,0.0007,64,CONTROL,,419394,,,0.9390481479777316,,,,,,,,,,,,,,,,,,,,,,,,,,,,,,,,,,,,,,,,,,,,,,,,,,
71,1024,0.0007,64,GMC,2520896.0,1068162,0.994384,0.8893201729316237,0.9378138067422976,0.3605406284332275,0.4067301452159881,32146.12890625,0.0020849134307354,0.0001368138619,0.0138933286070823,0.0963657721877098,0.0019361521117389,0.0250232089310884,0.001104895141907,0.0513344220817089,13516.4482421875,0.2656146287918091,0.0271781645715236,0.4597931504249573,5084942.5,0.1383869349956512,492.3334045410156,0.0018478810088708,1.0046654611009704e-15,2.0931882858276367,0.0016323756426572,7763.5654296875,1.220903396606445,0.0021042490843683,0.7199164628982544,5951.42626953125,0.0357830561697483,0.0019299914129078,0.2306543886661529,2.7284767627716064,0.0789308995008468,0.3500066697597503,59123.92578125,0.0009574849391356,0.0033487894106656,0.4636416435241699,0.6063413619995117,0.0892549380660057,0.0010790816741064,2706.4091796875,843.9853515625,1.0165278911590576,5.211287498474121,0.00022706798336,0.0035490128211677,0.452614963054657,1.809268355369568,2.1726112365722656,0.0022646409925073
72,1024,0.0007,64,ICEH,879681.0,1084674,0.99748254,0.9074156627315416,0.9467187104874006,2.1786365509033203,0.2702153027057647,371276.65625,0.0125953815877437,0.0011699283495545,0.020996481180191,1.3663709163665771,0.0122919827699661,0.0663626864552497,0.0140088275074958,0.2285337150096893,35976.16015625,1.0412625074386597,0.0517230927944183,0.5569636821746826,421660.09375,0.0380799956619739,15226.0673828125,0.0135601144284009,2.1989784227186265e-15,25.46042251586914,0.0058309454470872,4078.756591796875,3.618383884429932,0.0658634975552558,7.3491010665893555,16998.310546875,0.5106927156448364,0.0156226120889186,2.1086225509643555,22.968616485595703,0.1553322523832321,0.950596570968628,12462.00390625,0.0025188373401761,0.0169693883508443,4.412002086639404,2.0671420097351074,0.5598593950271606,0.0023434201721102,2399.60205078125,21135.794921875,7.989522457122803,23.262998580932617,0.0144235892221331,0.0079968897625803,0.5644588470458984,3.957680940628052,148.57545471191406,0.0064644236117601
73,1024,0.0007,64,SCARF,423424.0,419394,0.9917523,0.8856268320991922,0.938639102852462,,,,,,,,,,,,,,,,,,,,,,,,,,,,,,,,,,,,,,,,,,,,,,,,,,
74,1024,0.0007,64,SUBTAB,304640.0,419394,0.99315923,0.890414712984231,0.9371294377305264,,,,,,,,,,,,,,,,,,,,,,,,,,,,,,,,,,,,,,,,,,,,,,,,,,
75,1024,0.001,16,CONTROL,,28050,,,0.9263092014849176,,,,,,,,,,,,,,,,,,,,,,,,,,,,,,,,,,,,,,,,,,,,,,,,,,
76,1024,0.001,16,GMC,2514704.0,869826,0.9962525,0.8938340810288405,0.9379578864042768,0.392737865447998,0.4001596570014953,33303.54296875,0.0022500026971101,0.0001307082857238,0.0137318605557084,0.0926571488380432,0.0020700111053884,0.0243897624313831,0.0010942420922219,0.0545215085148811,13802.14453125,0.2533825933933258,0.0311803817749023,0.4315552115440368,4352860.0,0.1255981922149658,495.7212219238281,0.0017810044810175,1.0046654611009704e-15,2.0136890411376958,0.0015691518783569,6933.98779296875,1.2139939069747925,0.0020166654139757,0.7286856770515442,6455.546875,0.0331032872200012,0.0020323435310274,0.2116370350122451,2.43980073928833,0.0724334195256233,0.3344884216785431,37985.390625,0.000848761643283,0.0033491668291389,0.4746051430702209,0.6025657653808594,0.0866970270872116,0.0009189220727421,2955.1669921875,878.8311157226562,0.9448636770248412,5.208138942718506,0.0003375337691977,0.0035118949599564,0.4619274735450744,1.7045352458953855,2.230786800384521,0.0023069742601364
77,1024,0.001,16,ICEH,873489.0,886338,0.99710953,0.90480740426096,0.9349390065266324,3.343935966491699,0.3860316872596741,631222.1875,0.0202107150107622,0.0033220392651855,0.0295788701623678,0.7747575044631958,0.0159546993672847,0.2954932749271393,0.0072143846191465,0.881597638130188,26234.845703125,1.550008773803711,0.0735004842281341,0.1858491450548172,286922.15625,0.0310083013027906,17993.419921875,0.0159000549465417,3.3634579310219204e-15,40.36450958251953,0.0076306317932903,7918.14453125,3.6029212474823,0.0864290446043014,5.752064228057861,40078.4921875,1.0804452896118164,0.0189460776746273,4.476696968078613,39.85710525512695,0.4200585782527923,4.359562873840332,13755.9130859375,0.0051094675436615,0.0286971945315599,6.381621360778809,5.87498950958252,2.4448812007904053,0.0113621037453413,131.20631408691406,11790.8388671875,11.749552726745604,28.969953536987305,0.0189948473125696,0.0085619958117604,3.0804245471954346,2.486294269561768,139.58184814453125,0.0213196780532598
78,1024,0.001,16,SCARF,28288.0,28050,0.24900335,0.8757586325260043,0.9335707188693164,,,,,,,,,,,,,,,,,,,,,,,,,,,,,,,,,,,,,,,,,,,,,,,,,,
79,1024,0.001,16,SUBTAB,20864.0,28050,0.664811,0.8674023499058847,0.938093183924838,,,,,,,,,,,,,,,,,,,,,,,,,,,,,,,,,,,,,,,,,,,,,,,,,,
80,1024,0.001,32,CONTROL,,107298,,,0.9287873416465434,,,,,,,,,,,,,,,,,,,,,,,,,,,,,,,,,,,,,,,,,,,,,,,,,,
81,1024,0.001,32,GMC,2516768.0,910338,0.9935194,0.8898600119151892,0.9317978897489968,0.4564204812049866,0.4218869209289551,33885.09375,0.0022643159609287,0.0001141945176641,0.0143750756978988,0.082699716091156,0.0018164427019655,0.0247295126318931,0.0011076441733166,0.0440813191235065,14108.7724609375,0.2662451267242431,0.0310246441513299,0.4335020780563354,4539720.0,0.1182738691568374,458.8319091796875,0.0017140896525233,1.0046654611009704e-15,2.1955931186676025,0.0015243167290464,7290.96142578125,1.2135441303253174,0.0020698399748653,0.7206966876983643,5849.787109375,0.0326046720147132,0.0020083885174244,0.228221595287323,2.8485043048858643,0.0628934651613235,0.3510160744190216,52971.26953125,0.0008115334203466,0.0034318000543862,0.4692733585834503,0.6394011974334717,0.0723795890808105,0.0010181696852669,794.908935546875,808.909423828125,0.9419799447059632,5.376181602478027,0.0002646943612489,0.0033113439567387,0.4599126875400543,1.6941752433776855,2.1904444694519043,0.002343010623008
82,1024,0.001,32,ICEH,875553.0,926850,0.99753785,0.9108359315086044,0.9380902565443656,2.803861379623413,0.66109699010849,483323.53125,0.0186065658926963,0.0023563841823488,0.0227047726511955,1.378303050994873,0.021759184077382,0.2964891493320465,0.0192115679383277,0.5944833755493164,15827.3125,1.059276819229126,0.0434518568217754,0.2310737520456314,50085.7265625,0.0778680220246315,18720.439453125,0.0173641555011272,1.7196840883609518e-15,30.860355377197266,0.00804253667593,5376.21240234375,2.78372573852539,0.0807898864150047,7.3509697914123535,4396.30810546875,1.1214966773986816,0.0169955566525459,3.881322145462036,11.045523643493652,0.2943716943264007,1.8250564336776731,14298.1064453125,0.002016044454649,0.0172410849481821,5.3558526039123535,3.065985679626465,0.3886412680149078,0.0026457728818058,719.2125854492188,2769.650146484375,10.457033157348633,66.86251831054688,0.0185296814888715,0.0080642681568861,1.5705103874206543,3.048695802688598,143.72549438476562,0.0152260353788733
83,1024,0.001,32,SCARF,108288.0,107298,0.9944739,0.8875417142334718,0.93918254476584,,,,,,,,,,,,,,,,,,,,,,,,,,,,,,,,,,,,,,,,,,,,,,,,,,
84,1024,0.001,32,SUBTAB,78592.0,107298,0.99493194,0.8838546785282122,0.9389137511896236,,,,,,,,,,,,,,,,,,,,,,,,,,,,,,,,,,,,,,,,,,,,,,,,,,
85,1024,0.001,64,CONTROL,,419394,,,0.9361769506918788,,,,,,,,,,,,,,,,,,,,,,,,,,,,,,,,,,,,,,,,,,,,,,,,,,
86,1024,0.001,64,GMC,2520896.0,1068162,0.9947088,0.8930123878484887,0.9371337162096788,0.4055838584899902,0.3614811897277832,33823.81640625,0.0021661771461367,0.0001130460077547,0.013553955592215,0.0928655564785003,0.0017876577330753,0.0240502748638391,0.001052762963809,0.0560099370777606,13830.2373046875,0.279523104429245,0.0312499813735485,0.4306128621101379,353724.5,0.1198003515601158,485.5895080566406,0.0017528861062601,1.2390111020025025e-15,2.009918689727783,0.0015353842172771,7863.74853515625,1.1304454803466797,0.0020617304835468,0.7116159200668335,5972.224609375,0.0321961231529712,0.001998527906835,0.2148961126804351,2.7168233394622803,0.0733991712331771,0.3451082110404968,46854.79296875,0.0008175108232535,0.003273417474702,0.4535242021083832,0.6074789762496948,0.0750662833452224,0.0009734894847497,904.5341186523438,825.2708129882812,1.0002329349517822,5.469253540039063,0.000477876572404,0.00370649038814,0.4638883173465729,1.718735933303833,2.084730386734009,0.0023780961055308
87,1024,0.001,64,ICEH,879681.0,1084674,0.9988579,0.91289399257241,0.9439823603558825,1.2309297323226929,0.8197037577629089,517125.28125,0.0056953043676912,0.0012250192230567,0.0266495253890752,0.9577987790107728,0.0168825779110193,0.1585829704999923,0.0059409998357295,0.2747253179550171,19527.705078125,0.5858532190322876,0.0521609485149383,1.610145926475525,58725.75390625,0.0362286120653152,13984.9814453125,0.0117149446159601,3.618615806712201e-15,52.84933471679688,0.0050005600787699,23324.84375,5.391607284545898,0.0489124432206153,6.449324131011963,5049.56103515625,1.235170841217041,0.010877015069127,3.641798734664917,30.723907470703125,0.2719370424747467,2.2485485076904297,3737.318115234375,0.0013280092971399,0.0194933097809553,4.072315216064453,3.270552635192871,1.5479075908660889,0.0064220800995826,751.5169067382812,5134.72265625,13.09994125366211,20.988115310668945,0.0145243983715772,0.0125769702717661,0.8372140526771545,1.5442014932632446,102.5390167236328,0.006599276792258
88,1024,0.001,64,SCARF,423424.0,419394,0.24565858,0.8882242817803367,0.9254922371499444,,,,,,,,,,,,,,,,,,,,,,,,,,,,,,,,,,,,,,,,,,,,,,,,,,
89,1024,0.001,64,SUBTAB,304640.0,419394,0.99237144,0.8819431741406318,0.9320664581420997,,,,,,,,,,,,,,,,,,,,,,,,,,,,,,,,,,,,,,,,,,,,,,,,,,
90,1024,0.002,16,CONTROL,,28050,,,0.925363244756555,,,,,,,,,,,,,,,,,,,,,,,,,,,,,,,,,,,,,,,,,,,,,,,,,,
91,1024,0.002,16,GMC,2514704.0,869826,0.9914796,0.8906837317435605,0.9374074638143872,0.4231614768505096,0.3957864046096802,32018.537109375,0.0021817684173583,0.000120928765682,0.0135241672396659,0.0962137579917907,0.0017857421189546,0.0258937962353229,0.0011286045191809,0.0578684955835342,14228.0244140625,0.2477812319993972,0.0338748916983604,0.4502778947353363,4464427.5,0.1163764297962188,464.83990478515625,0.0016396509017795,9.157432011443853e-16,2.0470387935638428,0.0015204024966806,7701.1953125,1.2074843645095823,0.0020392464939504,0.7417877316474915,6588.46240234375,0.0327644646167755,0.0027097952552139,0.2296957820653915,2.831706285476685,0.0677099078893661,0.3477234542369842,41380.06640625,0.0008211318636313,0.0031816430855542,0.4387320280075073,0.6262348890304565,0.0612775646150112,0.0009662540396675,934.7113037109376,816.445068359375,0.8983273506164551,4.933655738830566,0.0003586040984373,0.0034581313375383,0.4734753668308258,1.8177062273025515,2.1548497676849365,0.0021841146517544
92,1024,0.002,16,ICEH,873489.0,886338,0.9802233,0.8695909796448728,0.9238344390699909,0.8077124953269958,0.4735239744186401,44013.6875,0.0024002203717827,0.0001176787118311,0.0137631352990865,0.1016420572996139,0.0019532421138137,0.0465146228671073,0.0013276104582473,0.5800402164459229,30029.0546875,0.2284501940011978,0.0410220921039581,0.5006086230278015,1106917.625,0.2365083396434784,10166.7958984375,0.0017357408069074,1.0851390968042859e-15,2.394335985183716,0.0022016540169715,8057.4638671875,1.7043195962905884,0.0021228690166026,1.069578766822815,8349.6591796875,0.0502382591366767,0.0061401887796819,0.2864555120468139,4.711008548736572,0.1065712496638298,0.4299609363079071,29000.083984375,0.0011775345774367,0.0038036070764064,0.6589807271957397,0.7437745332717896,0.0603315383195877,0.0012469897046685,6441.193359375,1551.8302001953125,0.9000111818313599,10.041586875915527,0.0004596880171447,0.0050678830593824,1.2298357486724854,2.5086822509765625,2.157054662704468,0.0044404733926057
93,1024,0.002,16,SCARF,28288.0,28050,0.24237205,0.8509597041574282,0.9390476976115052,,,,,,,,,,,,,,,,,,,,,,,,,,,,,,,,,,,,,,,,,,,,,,,,,,
94,1024,0.002,16,SUBTAB,20864.0,28050,0.5821099,0.8879703502895968,0.9407012172123066,,,,,,,,,,,,,,,,,,,,,,,,,,,,,,,,,,,,,,,,,,,,,,,,,,
95,1024,0.002,32,CONTROL,,107298,,,0.935485601003596,,,,,,,,,,,,,,,,,,,,,,,,,,,,,,,,,,,,,,,,,,,,,,,,,,
96,1024,0.002,32,GMC,2516768.0,910338,0.9920031,0.8904273232385744,0.9406964883669278,0.4581237435340881,0.3767054677009582,31724.130859375,0.0020957253873348,0.000131354026962,0.0125833544880151,0.0884869173169136,0.0016579718794673,0.0250223763287067,0.0010589972371235,0.05556645616889,14244.3984375,0.2487737834453582,0.0304600894451141,0.441281646490097,3102089.25,0.1144293099641799,488.4051818847656,0.0016759287100285,1.0046654611009704e-15,2.018122911453247,0.0015362293925136,7127.97265625,1.1562283039093018,0.0020544023718684,0.7311966419219971,5636.8203125,0.0338458120822906,0.002096994081512,0.2424351722002029,2.7065346240997314,0.0684157162904739,0.3715070784091949,54556.4921875,0.0008413031464442,0.0033608728554099,0.4934571087360382,0.6154302954673767,0.0895112827420234,0.0009316552313975,742.9478149414062,741.2461547851562,1.012407660484314,5.222212314605713,0.0004561276582535,0.0034596675541251,0.4650876820087433,1.7046496868133545,2.083848476409912,0.002216026186943
97,1024,0.002,32,ICEH,875553.0,926850,0.99964833,0.911370140914338,0.9382296073609656,7.044156074523926,0.5204847455024719,52035.53515625,0.0157899037003517,0.0026205480098724,0.0443510487675666,1.4308353662490845,0.0289472956210374,0.324671596288681,0.0199677478522062,0.1642926633358001,42599.421875,0.4745365977287292,0.0603396147489547,0.5261305570602417,58431.92578125,0.0084024686366319,19655.162109375,0.0180384572595357,1.1331274307936233e-15,60.0390625,0.0086185662075877,50558.9453125,2.663539409637451,0.0858900919556617,11.384737968444824,13772.025390625,0.9563275575637816,0.0342986732721328,3.891410112380981,2.453498601913452,0.3453952372074127,0.1935356855392456,12056.22265625,0.003857197239995,0.0385396853089332,5.0855889320373535,2.627326726913452,0.5663544535636902,0.0051051648333668,465.9019775390625,4565.54150390625,2.029470443725586,52.570777893066406,0.0006141024641692,0.0050068483687937,0.8994114398956299,2.917497396469116,56.8501205444336,0.0116588501259684
98,1024,0.002,32,SCARF,108288.0,107298,0.99150914,0.8571284829541262,0.916306379940508,,,,,,,,,,,,,,,,,,,,,,,,,,,,,,,,,,,,,,,,,,,,,,,,,,
99,1024,0.002,32,SUBTAB,78592.0,107298,0.99514586,0.8844064522167814,0.9308321169066656,,,,,,,,,,,,,,,,,,,,,,,,,,,,,,,,,,,,,,,,,,,,,,,,,,
100,1024,0.002,64,CONTROL,,419394,,,0.9324800069296352,,,,,,,,,,,,,,,,,,,,,,,,,,,,,,,,,,,,,,,,,,,,,,,,,,
101,1024,0.002,64,GMC,2520896.0,1068162,0.99208784,0.891098181263549,0.9378187607707896,0.4015624225139618,0.3535627722740173,33453.1328125,0.0020727270748466,0.0001268505875486,0.0127744730561971,0.0998806282877922,0.0016207398148253,0.0238671321421861,0.0010690111666917,0.0656167268753051,15039.748046875,0.2498440593481063,0.0317338667809963,0.4338652193546295,199753.46875,0.1034049168229103,503.9031066894531,0.0018801109399646,1.0046654611009704e-15,1.9501574039459229,0.0015746827702969,6402.6240234375,1.076429843902588,0.002007481874898,0.7023089528083801,6271.71240234375,0.0342454724013805,0.0022727709729224,0.2339006960391998,2.788996696472168,0.0661153942346572,0.346638023853302,10032.2177734375,0.0008907380979508,0.0031737575773149,0.4920491278171539,0.6082721948623657,0.0620786920189857,0.0009933989495038,617.1494140625,835.3590087890625,0.9848279356956482,4.552311897277832,0.0003511074173729,0.0033445365261286,0.4295674264431,1.7244197130203247,2.120004892349243,0.0022306097671389
102,1024,0.002,64,ICEH,879681.0,1084674,0.9996874,0.9139754720044472,0.9423428021081044,0.7326518893241882,0.1394831091165542,19047.388671875,0.0164932198822498,0.002086215885356,0.0182420182973146,0.5002201199531555,0.0116534326225519,0.0358872413635253,0.0101833520457148,0.8499651551246643,16308.9052734375,0.7396555542945862,0.0443330518901348,0.3956858217716217,82124.09375,0.1717884540557861,3791.979248046875,0.017131108790636,1.2870367054415188e-15,9.193359375,0.0047119739465415,3775.84375,5.436766147613525,0.0641567334532737,8.40001392364502,4564.626953125,0.1391346901655197,0.0244846045970916,4.345026969909668,13.965302467346191,0.2242144048213958,0.626227080821991,5273.22802734375,0.0030377772636711,0.0107645727694034,3.489171266555786,4.813514232635498,0.9547557830810548,0.0015500618610531,119.63311767578124,1888.3265380859373,12.672144889831545,42.35639572143555,0.0034938738681375,0.0076045612804591,0.5727450251579285,1.5541913509368896,135.03717041015625,0.0112571408972144
103,1024,0.002,64,SCARF,423424.0,419394,0.98480684,0.890687334673373,0.9227558870184264,,,,,,,,,,,,,,,,,,,,,,,,,,,,,,,,,,,,,,,,,,,,,,,,,,
104,1024,0.002,64,SUBTAB,304640.0,419394,0.99488014,0.8838449956543413,0.9350740788640804,,,,,,,,,,,,,,,,,,,,,,,,,,,,,,,,,,,,,,,,,,,,,,,,,,
105,1024,0.003,16,CONTROL,,28050,,,0.9176712898511248,,,,,,,,,,,,,,,,,,,,,,,,,,,,,,,,,,,,,,,,,,,,,,,,,,
106,1024,0.003,16,GMC,2514704.0,869826,0.98895824,0.8894541193535053,0.9408313355212624,0.4048319160938263,0.4216227531433105,33700.625,0.0024039053823798,0.0001282526645809,0.0127466628327965,0.0904382392764091,0.0016995690530166,0.0265148878097534,0.0010727629996836,0.056883942335844,11279.4599609375,0.2667432725429535,0.0301570203155279,0.4319080114364624,4047232.0,0.1232335940003395,504.7439575195313,0.0017446193378418,1.0046654611009704e-15,2.1290767192840576,0.0015019009588286,6586.51220703125,0.998165726661682,0.0020246412605047,0.7464586496353149,6122.9990234375,0.0334787219762802,0.0024969759397208,0.2262348979711532,2.615629911422729,0.0618484392762184,0.3499031066894531,9164.6455078125,0.0008111583883874,0.0032834773883223,0.4680401086807251,0.6053522825241089,0.091318629682064,0.0010478601325303,628.850830078125,829.9869995117188,0.9397244453430176,5.354321002960205,0.0004779992741532,0.0034256384242326,0.4595896303653717,1.722193717956543,2.2221872806549072,0.0020938462112098
107,1024,0.003,16,ICEH,873489.0,886338,0.9999505,0.8935675392837571,0.9331492886728164,0.8788082599639893,0.3415427803993225,29724.15234375,0.0035830135457217,0.0001208615940413,0.0097552388906478,0.1266317367553711,0.0161072798073291,0.0505461320281028,0.0009806398302316,0.0412959456443786,3067.680908203125,0.2257666438817978,0.2095620781183242,1.5408991575241089,15772.9375,6.096075534820557,376.0828247070313,0.001137584564276,1.3485904838393702e-15,2.1146388053894043,0.001113106845878,67087.484375,2.1614320278167725,0.0026367378886789,1.9578758478164675,7331.55029296875,0.1421969383955001,0.0016031693667173,0.1186576634645462,15.453103065490724,0.031033631414175,0.0701911747455596,1389.84375,0.0008333208970725,0.0052554341964423,0.903622269630432,0.3769153654575348,0.0445853322744369,0.0009260260849259,117.48553466796876,558.369873046875,0.8735734224319458,2.1854188442230225,0.0004646809247788,0.0060674855485558,1.0516427755355835,1.836470127105713,2.1161434650421143,0.0030474974773824
108,1024,0.003,16,SCARF,28288.0,28050,0.9927775,0.8313525225875551,0.9116488425475386,,,,,,,,,,,,,,,,,,,,,,,,,,,,,,,,,,,,,,,,,,,,,,,,,,
109,1024,0.003,16,SUBTAB,20864.0,28050,0.9968164,0.8730389459448687,0.934528835485796,,,,,,,,,,,,,,,,,,,,,,,,,,,,,,,,,,,,,,,,,,,,,,,,,,
110,1024,0.003,32,CONTROL,,107298,,,0.9247993111798688,,,,,,,,,,,,,,,,,,,,,,,,,,,,,,,,,,,,,,,,,,,,,,,,,,
111,1024,0.003,32,GMC,2516768.0,910338,0.99310416,0.8919351868956038,0.9431631441897764,0.3930187821388244,0.3510675728321075,33185.8046875,0.002171950880438,0.0001260217686649,0.0134038189426064,0.0932814106345176,0.0016716775717213,0.0244991686195135,0.0010564615949988,0.0640640705823898,11314.8583984375,0.2572207152843475,0.03364734724164,0.4227812886238098,217015.578125,0.0769984349608421,492.82269287109375,0.0017271607648581,1.0046654611009704e-15,2.2577528953552246,0.0015766260912641,6890.24609375,1.213001370429993,0.0020786239765584,0.6423003673553467,6746.52734375,0.032041598111391,0.0023969912435859,0.2228102087974548,2.426283121109009,0.0691728144884109,0.3483331203460693,8080.880859375,0.0008529454353265,0.0034416615962982,0.485952079296112,0.6193423271179199,0.0646896809339523,0.0009280493250116,691.1616821289062,792.1580200195312,1.0121251344680786,4.941654205322266,0.0003406757023185,0.0034079863689839,0.4659341871738434,1.8105015754699707,2.142958164215088,0.0022208839654922
112,1024,0.003,32,ICEH,875553.0,926850,0.99986243,0.9122060206308265,0.9353527804972808,5.270167350769043,0.3562459647655487,245212.078125,0.0137555329129099,0.003353098873049,0.0232937261462211,1.442270040512085,0.0373364575207233,0.3946862518787384,0.0199677478522062,1.0123271942138672,27042.947265625,2.0852437019348145,0.2242439538240432,0.1414679884910583,60780.64453125,0.2635917365550995,2455.552490234375,0.0174584165215492,2.8744766102420903e-15,18.695356369018555,0.011565082706511,45414.5390625,13.8074951171875,0.0864290446043014,7.508057117462158,7069.29736328125,0.6852627396583557,0.0414861440658569,1.7077021598815918,3.795712471008301,0.5274255275726318,0.3722265660762787,5166.52001953125,0.0031623011454939,0.0436796769499778,3.2120847702026367,6.191219806671143,0.5280389785766602,0.0039401799440383,122.8785400390625,4666.12353515625,12.853540420532228,69.53697967529297,0.0061903679743409,0.004085520748049,0.5982274413108826,2.347104072570801,151.35797119140625,0.0145170697942376
113,1024,0.003,32,SCARF,108288.0,107298,0.9886646,0.8656103802209362,0.9053335070746154,,,,,,,,,,,,,,,,,,,,,,,,,,,,,,,,,,,,,,,,,,,,,,,,,,
114,1024,0.003,32,SUBTAB,78592.0,107298,0.9961819,0.873578559745321,0.932474377351803,,,,,,,,,,,,,,,,,,,,,,,,,,,,,,,,,,,,,,,,,,,,,,,,,,
115,1024,0.003,64,CONTROL,,419394,,,0.9290414983203968,,,,,,,,,,,,,,,,,,,,,,,,,,,,,,,,,,,,,,,,,,,,,,,,,,
116,1024,0.003,64,GMC,2520896.0,1068162,0.9925889,0.8872726954741421,0.9423346955160264,0.4210834503173828,0.3929257094860077,33576.7109375,0.0021288464777171,0.0001307657948927,0.012965046800673,0.0951032191514968,0.0017219315050169,0.0275908522307872,0.0010800106683745,0.0679504498839378,15756.3134765625,0.2421781718730926,0.0317873917520046,0.4538483917713165,3717011.0,0.1203513443470001,465.2023010253906,0.0018584405770525,1.5291602263812133e-15,2.200925827026367,0.0015335724456235,6995.85791015625,1.14609956741333,0.0020509832538664,0.7747373580932617,5433.93115234375,0.0342750400304794,0.0025595878250896,0.2293296158313751,3.0350027084350586,0.0681280866265297,0.3584202826023102,47365.6171875,0.0008386191911995,0.0032322034239768,0.4560266435146332,0.6472620964050293,0.090208888053894,0.0010080552892759,625.6707153320312,810.4065551757812,0.8885793089866638,5.424535751342773,0.0003514203126542,0.0034193149767816,0.4995895028114319,1.6498477458953855,2.100959539413452,0.0021733464673161
117,1024,0.003,64,ICEH,879681.0,1084674,0.9999534,0.9104291382144676,0.9341290228681708,1.013946771621704,1.9649736881256104,186470.4375,0.0125542534515261,0.0027043859008699,0.0168783161789178,1.442270040512085,0.0077821686863899,0.2099638283252716,0.0033370333258062,0.9361861944198608,29498.990234375,1.8410682678222656,0.0519079566001892,0.5772892236709595,26168.4609375,0.3518413305282593,397.3477783203125,0.01797940954566,1.1210250240432538e-15,5.57119083404541,0.013932341709733,21604.931640625,4.748654842376709,0.0716618224978447,6.577646255493164,18441.591796875,0.3634245693683624,0.0130468551069498,2.1175131797790527,24.88368225097656,0.55815190076828,0.7359023690223694,2824.44921875,0.002613246673718,0.0145857278257608,2.045008659362793,1.4259127378463743,0.3769923746585846,0.0114403814077377,191.79551696777344,3342.357177734375,20.00040626525879,49.95599365234375,0.0007173065678216,0.0081992587074637,1.909244418144226,1.6501598358154297,151.35797119140625,0.0065290252678096
118,1024,0.003,64,SCARF,423424.0,419394,0.27963093,0.855619043015304,0.9164346967845578,,,,,,,,,,,,,,,,,,,,,,,,,,,,,,,,,,,,,,,,,,,,,,,,,,
119,1024,0.003,64,SUBTAB,304640.0,419394,0.99595475,0.8892076189055035,0.9322091867053992,,,,,,,,,,,,,,,,,,,,,,,,,,,,,,,,,,,,,,,,,,,,,,,,,,
120,1024,0.005,16,CONTROL,,28050,,,0.9261660225553916,,,,,,,,,,,,,,,,,,,,,,,,,,,,,,,,,,,,,,,,,,,,,,,,,,
121,1024,0.005,16,GMC,2514704.0,869826,0.9877447,0.8857565000419216,0.9387784536690624,0.4198003113269806,0.3602804243564605,33131.59765625,0.0021284501999616,0.0001268295600311,0.0134882796555757,0.099469855427742,0.0016528014093637,0.0248224660754203,0.0011066839797422,0.0725124850869178,13928.076171875,0.2657821476459503,0.033555369824171,0.4263075292110443,242261.125,0.108435034751892,504.8610229492188,0.0018435936653986,1.0046654611009704e-15,2.1860101222991943,0.0015641334466636,5314.5244140625,1.1594454050064087,0.0020148914773017,0.7435853481292725,5768.85546875,0.0361357815563678,0.0024340159725397,0.2229534536600113,2.730132579803467,0.0659553036093711,0.3476539254188537,9409.853515625,0.0008348802803084,0.003508768742904,0.4777444899082184,0.6084638833999634,0.0898342207074165,0.0009852129733189,679.9671630859375,794.479248046875,0.9590782523155212,5.301232814788818,0.0003183552180416,0.0034151866566389,0.4583000540733337,1.6657384634017944,2.076679944992065,0.0023202167358249
122,1024,0.005,16,ICEH,873489.0,886338,0.99997056,0.8872506275290409,0.9267182466101872,1.4931615591049194,1.1357728242874146,33241.36328125,0.0042868871241807,0.0001574185007484,0.0141956880688667,0.1110127046704292,0.0176539272069931,0.0209554284811019,0.001251270645298,0.0542068406939506,4374.51123046875,0.257291167974472,0.0565380938351154,0.3093533813953399,5067.80419921875,0.1873337030410766,352.1602783203125,0.001694384845905,9.981189552098787e-16,2.391958713531494,0.0012528038350865,11944.171875,2.6664013862609863,0.0023205352481454,1.1392474174499512,5486.32861328125,0.0415417365729808,0.0021672528237104,0.1053542345762252,0.8417558670043945,0.0390316061675548,0.4074209332466125,2852.759033203125,0.0017071346519514,0.0015560402534902,0.4688390791416168,0.1868346929550171,0.0604219287633895,0.0016415333375334,126.77181243896484,413.1290283203125,0.9253748059272766,3.1463279724121094,0.0004735319816973,0.0144225629046559,0.3547292649745941,1.8221445083618164,2.5284385681152344,0.0007932992302812
123,1024,0.005,16,SCARF,28288.0,28050,0.23481172,0.8706832678663472,0.916998630361244,,,,,,,,,,,,,,,,,,,,,,,,,,,,,,,,,,,,,,,,,,,,,,,,,,
124,1024,0.005,16,SUBTAB,20864.0,28050,0.9978077,0.8832952486137915,0.9322044578600204,,,,,,,,,,,,,,,,,,,,,,,,,,,,,,,,,,,,,,,,,,,,,,,,,,
125,1024,0.005,32,CONTROL,,107298,,,0.9332967460814948,,,,,,,,,,,,,,,,,,,,,,,,,,,,,,,,,,,,,,,,,,,,,,,,,,
126,1024,0.005,32,GMC,2516768.0,910338,0.43480536,0.8865885516454843,0.9452115223797112,0.4374560117721557,0.3567846119403839,33312.96875,0.0020697771105915,0.0001164780187536,0.0134636834263801,0.096555158495903,0.0016676802188158,0.0249261241406202,0.001184397842735,0.0658585205674171,12809.7158203125,0.2594632804393768,0.0363862067461013,0.4421975612640381,252857.9375,0.1021770387887954,472.74359130859375,0.0017714226851239,1.0046654611009704e-15,2.2228991985321045,0.0015288820723071,5766.45263671875,0.988223433494568,0.0020318101160228,0.7658072113990784,6711.91552734375,0.0345791243016719,0.0025654647033661,0.2102297395467758,2.8811068534851074,0.0734373927116394,0.3232260048389435,7651.5595703125,0.0008151985239237,0.0033447612076997,0.4619695246219635,0.6241600513458252,0.0961620211601257,0.0010841701878234,732.6329345703125,806.9751586914062,0.940938413143158,5.272976398468018,0.000304227694869,0.0034388895146548,0.4431369006633758,1.7479875087738037,2.090229034423828,0.0023169408086687
127,1024,0.005,32,ICEH,875553.0,926850,0.99997866,0.9053562505690564,0.9243988230129034,1.1493474245071411,1.7206913232803345,32076.78125,0.0041976380161941,0.0001338838337687,0.0159674659371376,0.1045141294598579,0.0016664201393723,0.0554142296314239,0.0017519987886771,0.0667533129453659,7376.8076171875,0.2326559871435165,0.043741725385189,1.1712279319763184,31802.158203125,3.0093202590942383,496.997802734375,0.0020219183061271,1.3736762116052536e-15,3.216328382492065,0.001585837919265,14143.3974609375,1.8622443675994875,0.0025734030641615,1.922562837600708,6590.00390625,0.125455617904663,0.0031324683222919,0.4416436553001404,4.471220016479492,0.144075721502304,1.0995498895645142,1325.0750732421875,0.0011781239882111,0.0020930645987391,1.0028600692749023,1.6923784017562866,0.085386149585247,0.0016738502308726,297.64019775390625,789.4069213867188,0.9615596532821656,4.440342903137207,0.0004791445098817,0.0061843059957027,0.6724785566329956,4.339868545532227,2.5638957023620605,0.0015466217882931
128,1024,0.005,32,SCARF,108288.0,107298,0.2829558,0.8939819888037455,0.9323341258027495,,,,,,,,,,,,,,,,,,,,,,,,,,,,,,,,,,,,,,,,,,,,,,,,,,
129,1024,0.005,32,SUBTAB,78592.0,107298,0.9985574,0.8828958863623928,0.9372579797576894,,,,,,,,,,,,,,,,,,,,,,,,,,,,,,,,,,,,,,,,,,,,,,,,,,
130,1024,0.005,64,CONTROL,,419394,,,0.9369970675904378,,,,,,,,,,,,,,,,,,,,,,,,,,,,,,,,,,,,,,,,,,,,,,,,,,
131,1024,0.005,64,GMC,2520896.0,1068162,0.53067136,0.8785046655313935,0.9423355962484794,0.4263360500335693,0.368084192276001,33125.28515625,0.0021055929828435,0.00012190414418,0.0141421062871813,0.0970779508352279,0.0018273501191288,0.0233727041631937,0.0010872541461139,0.061973188072443,11800.5244140625,0.256985604763031,0.0340321362018585,0.4255900084972381,253198.96875,0.0973464325070381,500.1328125,0.0019236156949773,1.0046654611009704e-15,2.1355514526367188,0.0015031781513243,5696.7080078125,1.127036690711975,0.0019828593358397,0.8173642158508301,5476.7734375,0.0334364473819732,0.0025143739767372,0.2201963812112808,2.689314126968384,0.0733948647975921,0.3682430684566498,9617.693359375,0.0008937694947235,0.0032925633713603,0.4496147036552429,0.6093429923057556,0.0954462960362434,0.0010228800820186,636.4545288085938,835.5441284179688,1.026845932006836,5.168325901031494,0.0003809434419963,0.0034449212253093,0.4805834293365478,1.967412352561951,2.289538621902466,0.0021669392008334
132,1024,0.005,64,ICEH,879681.0,1084674,0.9999661,0.900972911147022,0.942335371065366,1.0546624660491943,7.011772155761719,31623.37109375,0.0045099426060914,0.0001067930279532,0.0189393628388643,0.0878262370824813,0.0259139277040958,0.0435169376432895,0.0014979017432779,0.0542673543095588,5425.1005859375,0.2772213220596313,0.0246060881763696,0.6412397623062134,25625.384765625,0.4943775534629822,578.125,0.0019820355810225,1.6303107833599538e-15,3.1154913902282715,0.0017186698969453,12291.4189453125,1.497571587562561,0.0025523493532091,1.5247856378555298,5192.57080078125,0.0853809043765068,0.002650354290381,0.4556967914104461,4.665614128112793,0.1269261389970779,0.9800133109092712,2656.558349609375,0.0012629516422748,0.0020688944496214,1.1202791929244995,6.191219806671143,0.0906255766749382,0.0014743208885192,489.7337036132813,902.8209228515624,0.7219148874282837,8.79776382446289,0.0004791445098817,0.005388191435486,0.5926065444946289,1.9773684740066528,2.053709030151367,0.001937954686582
133,1024,0.005,64,SCARF,423424.0,419394,0.35654998,0.8823236210105152,0.9279512367469416,,,,,,,,,,,,,,,,,,,,,,,,,,,,,,,,,,,,,,,,,,,,,,,,,,
134,1024,0.005,64,SUBTAB,304640.0,419394,0.613952,0.8816606443945054,0.9349405828084252,,,,,,,,,,,,,,,,,,,,,,,,,,,,,,,,,,,,,,,,,,,,,,,,,,
135,1024,0.007,16,CONTROL,,28050,,,0.9211140769395152,,,,,,,,,,,,,,,,,,,,,,,,,,,,,,,,,,,,,,,,,,,,,,,,,,
136,1024,0.007,16,GMC,2514704.0,869826,0.99043375,0.883578679092371,0.9438472880184344,0.4143706560134887,0.3547780513763428,32799.75390625,0.0021271484438329,0.0001154195124399,0.012882818467915,0.0935412794351577,0.001751258270815,0.023746270686388,0.0010517439804971,0.0659077540040016,11796.14453125,0.2458021342754364,0.0346437878906726,0.4271337389945984,238616.90625,0.1142567694187164,512.0632934570312,0.0016212746268138,1.0046654611009704e-15,2.089179754257202,0.0015490087680518,6758.23046875,1.0861153602600098,0.0019675383809953,0.9329396486282348,6039.505859375,0.0347309112548828,0.0026015844196081,0.2315288633108139,2.9652106761932373,0.073109395802021,0.341075599193573,10638.0341796875,0.0008546134340576,0.0032746302895247,0.4581048488616943,0.5859438180923462,0.0880340486764907,0.0010490952990949,729.9365234375,810.2911376953125,0.903018355369568,4.639254570007324,0.0004784013144671,0.0034525552764534,0.4629278779029846,1.86881422996521,2.159298896789551,0.0022682438138872
137,1024,0.007,16,ICEH,873489.0,886338,0.99994165,0.8867103381792489,0.9319246303112534,0.7391860485076904,0.4415630102157593,32409.0234375,0.0035358744207769,0.000200935639441,0.0122862420976161,0.1083994656801223,0.0400506854057312,0.0214486271142959,0.0012381289852783,0.0546733886003494,3606.527587890625,0.2878360152244568,0.0677922889590263,0.9486004114151,3464.060546875,0.0031389526557177,459.5064697265625,0.0014949494507163,9.84102889273425e-16,0.9939498901367188,0.0013875941513106,14972.12890625,1.0471333265304563,0.0026504888664931,1.3151240348815918,5024.94140625,0.0366822741925716,0.0028655952773988,0.0708220079541206,2.4670939445495605,0.0365630500018596,0.1285281330347061,844.2975463867188,0.0010437940945848,0.0038693258538842,0.6769166588783264,0.1496002078056335,0.0603381358087062,0.0031425005290657,122.8552474975586,614.87890625,0.2733932733535766,1.7403353452682495,0.0004750446241814,0.0049605011008679,0.545817494392395,1.252875566482544,2.774120569229126,0.0024898373521864
138,1024,0.007,16,SCARF,28288.0,28050,0.25110742,0.8306663521108777,0.5,,,,,,,,,,,,,,,,,,,,,,,,,,,,,,,,,,,,,,,,,,,,,,,,,,
139,1024,0.007,16,SUBTAB,20864.0,28050,0.9993406,0.8701555887708987,0.9350797084419122,,,,,,,,,,,,,,,,,,,,,,,,,,,,,,,,,,,,,,,,,,,,,,,,,,
140,1024,0.007,32,CONTROL,,107298,,,0.9319293591566322,,,,,,,,,,,,,,,,,,,,,,,,,,,,,,,,,,,,,,,,,,,,,,,,,,
141,1024,0.007,32,GMC,2516768.0,910338,0.98908174,0.8812446185927241,0.940838991747114,0.4490702152252197,0.3689770996570587,34430.44140625,0.002297235187143,0.0001208132234751,0.0127031058073043,0.0925291702151298,0.0016494924202561,0.0217862650752067,0.0011108993785455,0.0727715790271759,12124.44140625,0.2418690323829651,0.0355392135679721,0.4099453687667846,227959.3125,0.0978472307324409,477.9940490722656,0.0017243007896468,1.0046654611009704e-15,2.148335218429565,0.0015574323479086,5799.5693359375,1.1504275798797607,0.0020467538852244,0.7931616902351379,5764.62060546875,0.0358571335673332,0.0024395324289798,0.2229652404785156,2.7318460941314697,0.0635719001293182,0.3404057919979095,9015.6171875,0.000864801404532,0.0033799591474235,0.4993650913238525,0.5947184562683105,0.0860890001058578,0.0009501228923909,714.066650390625,777.6460571289062,0.9707268476486206,5.908767223358154,0.0004626798036042,0.0031910515390336,0.461463451385498,1.7232931852340698,2.132763624191284,0.0024466752074658
142,1024,0.007,32,ICEH,875553.0,926850,0.9999491,0.8968536364558249,0.9239787439150832,1.1205848455429075,0.934734582901001,33185.046875,0.0041705169714987,0.0001306571648456,0.0157691016793251,0.1193374991416931,0.0063183307647705,0.0480787307024002,0.0014754493022337,0.0376217514276504,8976.802734375,0.330118864774704,0.0504338033497333,0.6791797280311584,41814.96484375,0.3067286312580108,527.0211791992188,0.0018070179503411,1.177937591285744e-15,3.2632436752319336,0.0015525320777669,15666.4111328125,1.8313006162643437,0.0024503283202648,1.633594036102295,6917.32177734375,0.0626284778118133,0.0035605044104158,0.4543479681015014,8.314516067504883,0.1313546746969223,0.878641664981842,2238.93896484375,0.0014115935191512,0.0058179362677037,0.7331547737121582,3.0089447498321533,0.0758209079504013,0.0012478219578042,303.9599304199219,668.3338012695312,0.9367680549621582,11.422006607055664,0.0004791445098817,0.004688830114901,0.5972546935081482,2.11231541633606,2.556645154953003,0.0013230303302407
143,1024,0.007,32,SCARF,108288.0,107298,0.26207384,0.8883602548502378,0.9241158429005508,,,,,,,,,,,,,,,,,,,,,,,,,,,,,,,,,,,,,,,,,,,,,,,,,,
144,1024,0.007,32,SUBTAB,78592.0,107298,0.9989783,0.8778430400140634,0.9283627588864576,,,,,,,,,,,,,,,,,,,,,,,,,,,,,,,,,,,,,,,,,,,,,,,,,,
145,1024,0.007,64,CONTROL,,419394,,,0.9248096696030794,,,,,,,,,,,,,,,,,,,,,,,,,,,,,,,,,,,,,,,,,,,,,,,,,,
146,1024,0.007,64,GMC,2520896.0,1068162,0.490079,0.8831588251776639,0.9423340199666864,0.4081108272075653,0.3550509810447693,33139.99609375,0.0021816154476255,0.0001186688241432,0.0125387851148843,0.0894136428833007,0.0017224698094651,0.0234914980828762,0.0010751219233497,0.06216586753726,11821.345703125,0.2538647651672363,0.037075288593769,0.3974021971225738,264986.4375,0.0951785147190094,494.8509826660156,0.0018455614335834,1.0046654611009704e-15,2.203400135040283,0.0016754595562815,6010.70849609375,1.0908234119415283,0.0020041845273226,0.7799437642097473,5703.7568359375,0.0344000160694122,0.0024160731118172,0.2177595943212509,2.834578037261963,0.0722492486238479,0.3751650750637054,9812.435546875,0.0008520804694853,0.0034403968602418,0.4720494151115417,0.607755720615387,0.0802554041147232,0.0010854435386136,685.83154296875,725.1910400390625,0.9928581714630128,4.943880081176758,0.00036107795313,0.0033859335817396,0.4616768658161163,1.841693639755249,2.193938970565796,0.0022875459399074
147,1024,0.007,64,ICEH,879681.0,1084674,0.99998957,0.9058969902850752,0.9413781551813396,1.231056809425354,0.5611464381217957,33035.44140625,0.0046544945798814,0.0001242646540049,0.0316566675901412,0.1242467984557151,0.0123535087332129,0.1953106820583343,0.0017315223813056,0.0564138032495975,16951.201171875,0.285273939371109,0.0504048466682434,0.44124436378479,30771.591796875,1.3948888778686523,498.6159362792969,0.0021467232145369,1.251604470224924e-15,4.79169511795044,0.0015320323873311,3689.11767578125,1.236622929573059,0.0025418594013899,1.6049388647079468,6448.83642578125,0.0947755053639411,0.0018836490344256,0.2821099758148193,4.677976608276367,0.107852317392826,0.9768508076667786,1277.7298583984375,0.0017956480151042,0.0041273762471973,1.194963455200195,3.676150560379028,0.06941519677639,0.0013490924611687,641.8428955078125,867.09716796875,0.6679741740226746,6.84525728225708,0.0004791445098817,0.0056091449223458,0.6226785778999329,2.809168100357056,1.998732566833496,0.0021774433553218
148,1024,0.007,64,SCARF,423424.0,419394,0.30042207,0.8612412273350382,0.927000325990087,,,,,,,,,,,,,,,,,,,,,,,,,,,,,,,,,,,,,,,,,,,,,,,,,,
149,1024,0.007,64,SUBTAB,304640.0,419394,0.5425691,0.8764439022702286,0.9310986586517492,,,,,,,,,,,,,,,,,,,,,,,,,,,,,,,,,,,,,,,,,,,,,,,,,,
150,1024,0.01,16,CONTROL,,28050,,,0.9176861519366012,,,,,,,,,,,,,,,,,,,,,,,,,,,,,,,,,,,,,,,,,,,,,,,,,,
151,1024,0.01,16,GMC,2514704.0,869826,0.55505663,0.8759018114555304,0.931791809804938,0.4320190250873565,0.3462708592414856,32799.5546875,0.0021790533792227,0.0001246608007932,0.0134466057643294,0.0881343632936477,0.0015912837116047,0.0223829373717308,0.0010978486388921,0.0674017816781997,13303.490234375,0.2610935270786285,0.0310631599277257,0.4253158569335937,252436.515625,0.1075064092874527,491.20599365234375,0.0017866324633359,1.0046654611009704e-15,2.1323182582855225,0.0015419058036059,6248.86083984375,1.1932916641235352,0.0019947448745369,0.8594049215316772,6813.5859375,0.035591971129179,0.002359876409173,0.2370570600032806,2.8631038665771484,0.0725314393639564,0.345220148563385,9182.787109375,0.0008890960598364,0.0035091652534902,0.470735490322113,0.6539888381958008,0.0892996862530708,0.0009750012541189,948.1166381835938,812.4392700195312,0.9306625127792358,5.24045991897583,0.0003611750144045,0.0032859765924513,0.4640384018421173,2.2007124423980717,2.292586088180542,0.002207878511399
152,1024,0.01,16,ICEH,873489.0,886338,0.9999766,0.8857598777886208,0.5,1.0873935222625732,0.4879368841648102,21089.873046875,0.0040979860350489,0.0001930850703502,0.015133106149733,0.0996548756957054,0.0225544478744268,0.148544892668724,0.0009984376374632,0.0448754020035266,3943.43701171875,0.2418258786201477,0.0172299146652221,1.0705784559249878,3332.1962890625,0.2089579701423645,280.4680480957031,0.0014199080178514,1.0675949268842814e-15,1.751292109489441,0.0011073561618104,3122.91357421875,0.271062284708023,0.0025580471847206,1.3334345817565918,6994.8818359375,0.0470799021422863,0.0008381537627428,0.065566673874855,5.291645526885986,0.0141092520207166,0.5617396235466003,1617.936767578125,0.0011470803292468,0.0041333888657391,0.6732212901115417,0.1701537668704986,0.0577185302972793,0.0019239907851442,177.3538818359375,596.968994140625,0.7447734475135803,6.771770000457764,0.0004782226751558,0.0121702319011092,0.6011192202568054,1.2759575843811035,2.1243133544921875,0.0008197768474929
153,1024,0.01,16,SCARF,28288.0,28050,0.253791,0.8491735892334249,0.5,,,,,,,,,,,,,,,,,,,,,,,,,,,,,,,,,,,,,,,,,,,,,,,,,,
154,1024,0.01,16,SUBTAB,20864.0,28050,0.9995767,0.8698739597572256,0.9363140496773464,,,,,,,,,,,,,,,,,,,,,,,,,,,,,,,,,,,,,,,,,,,,,,,,,,
155,1024,0.01,32,CONTROL,,107298,,,0.9185017651728944,,,,,,,,,,,,,,,,,,,,,,,,,,,,,,,,,,,,,,,,,,,,,,,,,,
156,1024,0.01,32,GMC,2516768.0,910338,0.4725984,0.878914386206003,0.5,0.4207833111286163,0.3822131156921386,32342.041015625,0.0022018197923898,0.0001219337209477,0.0135787259787321,0.096546970307827,0.0018887891201302,0.0252212397754192,0.0011650908272713,0.0708311423659324,12404.6630859375,0.2675761580467224,0.0328497290611267,0.4410839080810547,246211.96875,0.1050594672560691,488.4366455078125,0.0019709791522473,1.0046654611009704e-15,2.1726977825164795,0.0016125943511724,7928.73681640625,1.1563807725906372,0.0020442907698452,0.7948371171951294,6007.3408203125,0.033604335039854,0.0021278467029333,0.2162014544010162,2.7245194911956787,0.0825455114245414,0.3605156540870666,10712.8212890625,0.0008543411386199,0.0032890825532376,0.5050129294395447,0.6657310128211975,0.0908310785889625,0.0010094523895531,749.3980712890625,815.701416015625,1.0615776777267456,5.028376579284668,0.0003439065476413,0.0035114649217575,0.4724216163158417,1.7538666725158691,2.305022716522217,0.0023351549170911
157,1024,0.01,32,ICEH,875553.0,926850,0.99994785,0.8976760051855167,0.9361735729451796,2.0403835773468018,0.5090885758399963,31433.623046875,0.0044145700521767,0.0001109946897486,0.0192740503698587,0.0979706719517707,0.0104139158502221,0.0872809588909149,0.0016183343250304,0.0488008670508861,6847.99072265625,0.2806203365325928,0.0176234655082225,0.3915989995002746,3578.2060546875,0.3500864505767822,595.3853149414062,0.0021861344575881,1.0046654611009704e-15,1.8391984701156616,0.0014385188696905,15735.3974609375,0.7960453629493713,0.0025019596796482,1.5949461460113523,5185.712890625,0.1084033846855163,0.002676002215594,0.2904633283615112,2.473188877105713,0.0593980364501476,0.9470089077949524,2317.464599609375,0.0018150208052247,0.0073720281943678,0.9459728002548218,3.683049440383911,0.0660486817359924,0.001461194595322,463.7578430175781,822.3590087890625,1.2421798706054688,8.275437355041504,0.0004624309076461,0.0071587041020393,0.6297367215156555,7.355993747711182,2.194615364074707,0.0032294795382767
158,1024,0.01,32,SCARF,108288.0,107298,0.26259494,0.8473872491263084,0.9065806837475064,,,,,,,,,,,,,,,,,,,,,,,,,,,,,,,,,,,,,,,,,,,,,,,,,,
159,1024,0.01,32,SUBTAB,78592.0,107298,0.60795516,0.8665892136838373,0.9222009607662712,,,,,,,,,,,,,,,,,,,,,,,,,,,,,,,,,,,,,,,,,,,,,,,,,,
160,1024,0.01,64,CONTROL,,419394,,,0.9035813948007172,,,,,,,,,,,,,,,,,,,,,,,,,,,,,,,,,,,,,,,,,,,,,,,,,,
161,1024,0.01,64,GMC,2520896.0,1068162,0.50507945,0.8827502304186207,0.9348122659643756,0.4537900388240814,0.4083652198314667,34002.9375,0.0022615406196564,0.000119902237202,0.0132113983854651,0.0920966565608978,0.001915575005114,0.0245786476880311,0.0011097062379121,0.0592485927045345,13686.6357421875,0.2533970475196838,0.0316563658416271,0.456171452999115,3400967.75,0.141169399023056,480.7626647949219,0.0017359312623739,1.0046654611009704e-15,2.117238759994507,0.0015997235896065,7082.244140625,1.225002408027649,0.0020142577122896,0.826407253742218,6359.4150390625,0.03570356965065,0.0024586068466305,0.2300334721803665,2.7476589679718018,0.070381075143814,0.35295370221138,25793.35546875,0.0008483330602757,0.0033319958020001,0.4863609671592712,0.6467873454093933,0.0791244953870773,0.0009950692765414,882.7728271484375,799.2234497070312,0.8629339933395386,5.151950836181641,0.0003602872020564,0.0034415419213473,0.4460356831550598,1.9290308952331543,2.2182371616363525,0.0023403509985655
162,1024,0.01,64,ICEH,879681.0,1084674,0.99996036,0.9008342358797616,0.9295968749387784,1.116926670074463,0.7570889592170715,31490.189453125,0.0036877701058983,0.0001200554106617,0.0356726348400116,0.1133526712656021,0.0176539272069931,0.0411874614655971,0.0017921719700098,0.0514571592211723,15798.0478515625,0.4220841228961944,0.1414027363061905,0.3954608142375946,71840.203125,2.435052394866944,478.2856750488281,0.0019410494714975,1.5083033106044969e-15,1.7627919912338257,0.0018458835547789,5616.626953125,8.462722778320312,0.0023631828371435,1.1926707029342651,7110.8603515625,0.0705687031149864,0.0022120787762105,0.3470513820648193,3.637415170669556,0.1615910679101944,0.9163395166397096,2513.5322265625,0.0039468961767852,0.0025527663528919,0.6406611204147339,4.059325695037842,0.0886997580528259,0.0014185429317876,425.8597106933594,883.6774291992188,0.5761690139770508,7.91825008392334,0.0004791445098817,0.0103782741352915,0.6057574152946472,4.266549587249756,2.0276241302490234,0.0021637510508298
163,1024,0.01,64,SCARF,423424.0,419394,0.9893781,0.8615010135867234,0.903833750009664,,,,,,,,,,,,,,,,,,,,,,,,,,,,,,,,,,,,,,,,,,,,,,,,,,
164,1024,0.01,64,SUBTAB,304640.0,419394,0.40969345,0.8619298748259616,0.9182196857929948,,,,,,,,,,,,,,,,,,,,,,,,,,,,,,,,,,,,,,,,,,,,,,,,,,
