,batch_size,learning_rate,latent_dim,model_type,embedder_params,predictor_params,kmeans_perf,knn_perf,predictor_perf,f5,f6,f7,f8,f9,f13,f14,f15,f16,f17,f18,f19,f20,f21,f22,f23,f24,f25,f26,f27,f28,f29,f30,f31,f32,f33
0,1024,0.0001,32,CLIP,29121.0,55809,0.19350883,64.333336,470.53995,5503.802734375,732.5630493164062,2399.128173828125,208.0167999267578,127.72479248046876,170.15756225585938,2413.441162109375,1390.70166015625,5532.5712890625,9562.890625,3132.72900390625,3788.724853515625,3967.2080078125,881.5756225585938,1343.5924072265625,587.8445434570312,50.52521133422852,96.7583999633789,1345.2080078125,242.9411773681641,60.61764526367188,383.7920227050781,553.8697509765625,73.91386413574219,25.51890754699707,8.065126419067383
1,1024,0.0001,32,CONTROL,,55809,,,490.2031,,,,,,,,,,,,,,,,,,,,,,,,,,
2,1024,0.0001,32,GMC,1318688.0,483297,0.25489175,42.7,167.93474,1162.9033203125,1403.676513671875,517.3277587890625,238.6659698486328,373.2941284179688,211.22268676757807,478.4432678222656,420.6281433105469,391.6386413574219,423.5294189453125,507.079833984375,383.5651245117188,163.9138641357422,105.89075469970705,125.92227172851562,93.78150939941406,41.563026428222656,43.659664154052734,40.10714340209961,22.52310943603516,46.14075469970703,22.390756607055664,4.455882549285889,4.852941036224365,11.445378303527832,0.7584033608436584
3,1024,0.0001,32,ICEH,473121.0,499809,0.18363887,360.978,78.82877,506.0966491699219,1364.4285888671875,1800.1722412109375,165.5063018798828,3245.10302734375,18.388654708862305,101.73529052734376,18.752099990844727,36.19117736816406,6.527310848236084,10.46218490600586,7.55042028427124,3.888655424118042,2.619747877120972,3.075630187988281,6.483193397521973,5.092436790466309,9.38025188446045,10.191176414489746,3.735294103622437,6.352941036224365,9.76890754699707,2.49369740486145,3.52521014213562,10.014705657958984,0.8235294222831726
4,1024,0.0001,32,MCN,32384.0,55809,0.2073933,69.541336,344.52023,7797.47900390625,732.5630493164062,315.6890869140625,208.0167999267578,46.57352828979492,210.15126037597656,554.6659545898438,518.9306640625,957.2857055664062,682.9453735351562,580.6848754882812,397.2100830078125,161.46218872070312,105.88235473632812,118.32563018798828,93.55672454833984,94.29621887207033,44.78151321411133,40.12604904174805,28.91386604309082,46.2100830078125,29.23109245300293,4.455882549285889,6.619748115539551,11.57563018798828,0.7584033608436584
5,1024,0.0001,32,SCARF,56832.0,55809,0.25542966,62.28889,332.73087,,,,,,,,,,,,,,,,,,,,,,,,,,
6,1024,0.0001,32,SUBTAB,40448.0,55809,0.18323112,78.9625,358.74142,,,,,,,,,,,,,,,,,,,,,,,,,,
7,1024,0.0001,64,CLIP,111489.0,218113,0.17682081,64.066666,159.62387,8385.802734375,695.5462036132812,757.6974487304688,181.8718414306641,2243.22900390625,1217.8067626953125,2255.93896484375,2796.768798828125,2032.4495849609373,316.649169921875,877.90966796875,2010.97900390625,1207.287841796875,381.7983093261719,386.8613586425781,727.9495849609375,187.489501953125,383.0567321777344,234.43067932128903,159.7058868408203,353.489501953125,372.9705810546875,4.947478771209717,23.441177368164062,60.00840377807617,4.5966386795043945
8,1024,0.0001,64,CONTROL,,218113,,,159.68861,,,,,,,,,,,,,,,,,,,,,,,,,,
9,1024,0.0001,64,GMC,1322816.0,567361,0.31348106,49.997334,66.1348,1263.0609130859375,1434.6617431640625,1656.3634033203125,230.7142791748047,813.079833984375,202.7037811279297,472.9180603027344,418.30462646484375,392.7184753417969,443.4369812011719,523.5840454101562,383.5735168457031,163.9159698486328,105.89075469970705,125.73109436035156,93.78150939941406,41.563026428222656,43.659664154052734,40.10714340209961,22.52310943603516,46.14075469970703,22.390756607055664,4.455882549285889,4.852941036224365,11.445378303527832,0.7584033608436584
10,1024,0.0001,64,ICEH,477249.0,583873,0.12677652,183.04355,70.222435,16227.2314453125,1927.6890869140625,444.5441284179688,8129.60693359375,3238.03564453125,15.207983016967772,11.136554718017578,9.909664154052734,13.476890563964844,7.256302356719971,13.644957542419434,14.655462265014648,3.489495754241944,2.00630259513855,1.844537854194641,1.029411792755127,1.1302521228790283,9.506302833557127,15.596638679504396,12.945378303527832,30.764705657958984,16.584033966064453,4.042016983032227,3.7415966987609854,10.493697166442873,0.5840336084365845
11,1024,0.0001,64,MCN,118016.0,218113,0.20725974,71.26296,148.12515,3781.071533203125,756.15966796875,315.6890869140625,208.0167999267578,46.57352828979492,211.22268676757807,474.2542114257813,471.2016906738281,443.5294189453125,654.941162109375,482.3592529296875,356.4600830078125,156.8340301513672,104.80672454833984,116.26890563964844,93.7920150756836,41.563026428222656,43.66386413574219,40.10714340209961,22.52310943603516,46.14075469970703,22.33823585510254,4.455882549285889,4.852941036224365,11.445378303527832,0.7584033608436584
12,1024,0.0001,64,SCARF,222208.0,218113,0.27349383,73.51667,185.12872,,,,,,,,,,,,,,,,,,,,,,,,,,
13,1024,0.0001,64,SUBTAB,156672.0,218113,0.1755219,63.425,185.56404,,,,,,,,,,,,,,,,,,,,,,,,,,
14,1024,0.0001,128,CLIP,435969.0,862209,0.20909101,111.995834,64.67228,1272.8802490234375,1022.9957885742188,668.6239624023438,170.2962188720703,978.4727172851562,2000.77099609375,2141.899169921875,2733.800537109375,3299.53564453125,5141.14306640625,4055.308837890625,2647.836181640625,883.72900390625,301.20379638671875,131.63865661621094,323.03570556640625,221.4222717285156,97.18276977539062,132.12815856933594,92.31092071533205,219.51470947265625,36.09243774414063,31.109243392944336,18.613445281982425,20.216386795043945,4.771008491516113
15,1024,0.0001,128,CONTROL,,862209,,,85.73925,,,,,,,,,,,,,,,,,,,,,,,,,,
16,1024,0.0001,128,GMC,1331072.0,895233,0.31087402,35.077553,259.99866,1600.871826171875,1566.61767578125,1326.0189208984375,745.4873657226562,749.0966186523438,210.55462646484372,490.2331848144531,446.0504150390625,420.0525207519531,452.2121887207031,534.2268676757812,374.2121887207031,163.60293579101562,105.89075469970705,123.65126037597656,93.78361511230467,41.563026428222656,43.659664154052734,40.10714340209961,22.52310943603516,46.14075469970703,22.390756607055664,4.455882549285889,4.852941036224365,11.445378303527832,0.7584033608436584
17,1024,0.0001,128,ICEH,485505.0,911745,0.13094,188.39456,26.150446,1995.00634765625,732.5630493164062,5781.51904296875,4972.38671875,3245.10302734375,10.647058486938477,61.302520751953125,45.49159622192383,42.2710075378418,13.82563018798828,43.58613586425781,8.928571701049805,1.0042016506195068,4.3214287757873535,1.7352941036224363,3.388655424118042,3.5147058963775635,3.088235378265381,1.539915919303894,3.2941176891326904,9.68697452545166,6.1260504722595215,2.861344575881958,3.554621934890747,8.634453773498535,0.6869747638702393
18,1024,0.0001,128,MCN,449024.0,862209,0.17338274,56.688885,69.906395,2255.14697265625,732.5630493164062,315.6890869140625,208.0167999267578,46.57352828979492,211.0336151123047,437.8865661621094,451.4432678222656,502.9474792480469,467.4873962402344,585.0042114257812,382.3844604492188,160.21218872070312,105.89075469970705,123.21849060058594,93.78150939941406,41.27310943603516,43.659664154052734,40.10714340209961,22.52310943603516,46.14075469970703,22.26890754699707,4.455882549285889,4.852941036224365,11.445378303527832,0.7584033608436584
19,1024,0.0001,128,SCARF,878592.0,862209,0.2793225,85.583336,111.39282,,,,,,,,,,,,,,,,,,,,,,,,,,
20,1024,0.0001,128,SUBTAB,616448.0,862209,0.1945568,62.28,129.55061,,,,,,,,,,,,,,,,,,,,,,,,,,
21,1024,0.0002,32,CLIP,29121.0,55809,0.21205997,78.441666,170.0565,7621.8359375,732.5630493164062,5007.90771484375,8371.6298828125,46.57352828979492,177.9832000732422,621.212158203125,1921.266845703125,535.70166015625,7797.75439453125,4121.72705078125,574.2058715820312,154.62815856933594,80.93487548828125,245.5399169921875,96.59453582763672,185.46218872070312,79.61344909667969,498.51470947265625,270.3928527832031,43.4810905456543,24.89495849609375,12.58193302154541,36.89706039428711,127.94538116455078,12.26260471343994
22,1024,0.0002,32,CONTROL,,55809,,,248.9988,,,,,,,,,,,,,,,,,,,,,,,,,,
23,1024,0.0002,32,GMC,1318688.0,483297,0.28648657,52.476,54.07262,1201.808837890625,1125.5125732421875,1487.9033203125,1978.0987548828125,1181.579833984375,211.22268676757807,467.1932678222656,432.5252075195313,388.5462036132813,428.4957885742188,543.0441284179688,383.1113586425781,163.9138641357422,105.74579620361328,125.92227172851562,93.78150939941406,41.563026428222656,43.659664154052734,40.10714340209961,22.52310943603516,46.14075469970703,22.390756607055664,4.455882549285889,4.852941036224365,11.445378303527832,0.7584033608436584
24,1024,0.0002,32,ICEH,473121.0,499809,0.17120354,200.67409,69.829956,604.9264526367188,760.9663696289062,265.97479248046875,99.12605285644533,3238.03564453125,28.985294342041016,36.2710075378418,37.70378112792969,13.972688674926758,11.342436790466309,8.073529243469238,3.50630259513855,2.117647171020508,5.014705657958984,7.657563209533691,11.449580192565918,7.813024997711182,7.964285850524902,6.3760504722595215,4.976890563964844,12.207983016967772,18.483192443847656,3.649159669876098,4.226890563964844,9.804621696472168,0.575630247592926
25,1024,0.0002,32,MCN,32384.0,55809,0.1817539,59.38519,140.67233,8327.2666015625,1829.3697509765625,315.6890869140625,208.0167999267578,46.57352828979492,203.65966796875,466.9873962402344,446.0525207519531,496.8130187988281,848.712158203125,721.7310791015625,382.2583923339844,150.45167541503906,99.1680679321289,123.01470947265624,89.48319244384766,41.88445281982422,43.659664154052734,39.5420150756836,22.59873962402344,46.16386413574219,22.390756607055664,4.455882549285889,4.857142925262451,31.743698120117188,5.897058963775635
26,1024,0.0002,32,SCARF,56832.0,55809,0.24587639,63.191666,276.72495,,,,,,,,,,,,,,,,,,,,,,,,,,
27,1024,0.0002,32,SUBTAB,40448.0,55809,0.23200513,59.202667,173.25914,,,,,,,,,,,,,,,,,,,,,,,,,,
28,1024,0.0002,64,CLIP,111489.0,218113,0.19636531,97.99259,62.098373,6765.6279296875,1102.6806640625,926.1512451171876,881.9979248046875,65.09453582763672,2282.107177734375,1940.697509765625,2914.16796875,632.7562866210938,2954.54833984375,1993.8045654296875,2736.70166015625,479.1617736816406,526.8004150390625,280.79412841796875,237.2983245849609,255.26470947265625,123.4936981201172,65.35713958740234,61.45588302612305,725.6575927734375,17.138654708862305,23.00630187988281,13.897058486938477,31.590335845947266,7.533613681793213
29,1024,0.0002,64,CONTROL,,218113,,,142.04214,,,,,,,,,,,,,,,,,,,,,,,,,,
30,1024,0.0002,64,GMC,1322816.0,567361,0.28257698,41.708843,66.465454,1211.4454345703125,2161.02099609375,1042.1512451171875,1481.663818359375,744.9768676757812,211.22268676757807,466.0,427.9873962402344,406.4600830078125,437.191162109375,495.0,378.2626037597656,163.9138641357422,105.7479019165039,125.2436981201172,93.78150939941406,41.563026428222656,43.659664154052734,40.10714340209961,22.52310943603516,46.14075469970703,22.390756607055664,4.455882549285889,4.852941036224365,11.445378303527832,0.7584033608436584
31,1024,0.0002,64,ICEH,477249.0,583873,0.18013476,126.32083,39.51749,5325.052734375,732.5630493164062,315.6890869140625,208.0167999267578,3245.10302734375,24.420167922973636,49.56932830810547,54.31512451171875,58.71848678588867,36.19117736816406,26.422269821166992,10.17436981201172,1.75,10.157563209533691,51.405460357666016,15.292016983032228,3.220588207244873,6.004201889038086,4.107142925262451,6.2626051902771,25.831932067871094,16.08613395690918,3.878151178359986,4.411764621734619,10.485294342041016,0.5735294222831726
32,1024,0.0002,64,MCN,118016.0,218113,0.1863916,60.483334,72.66484,3503.016845703125,1085.6470947265625,315.6890869140625,208.0167999267578,46.57352828979492,211.1722717285156,514.2689208984375,449.1386413574219,330.4222717285156,534.5840454101562,451.308837890625,376.8466491699219,158.28781127929688,104.85294342041016,117.56092071533205,93.78150939941406,41.71638488769531,43.659664154052734,40.10714340209961,22.52310943603516,46.14075469970703,22.390756607055664,4.455882549285889,4.808823585510254,11.363445281982422,0.7584033608436584
33,1024,0.0002,64,SCARF,222208.0,218113,0.29850203,77.5375,81.194664,,,,,,,,,,,,,,,,,,,,,,,,,,
34,1024,0.0002,64,SUBTAB,156672.0,218113,0.17972146,74.36,87.72952,,,,,,,,,,,,,,,,,,,,,,,,,,
35,1024,0.0002,128,CLIP,435969.0,862209,0.1918947,97.7,59.77243,1223.4432373046875,690.670166015625,388.5714416503906,284.2563171386719,67.77520751953125,2268.77734375,2422.850830078125,2507.474853515625,4726.91796875,6070.57958984375,5741.2607421875,3829.838134765625,818.3760375976562,203.3802490234375,2068.34033203125,1367.4222412109375,1006.5966186523438,529.9474487304688,1624.6995849609375,664.0756225585938,353.4664001464844,37.02310943603516,78.9621810913086,83.4579849243164,29.00630187988281,4.292016983032227
36,1024,0.0002,128,CONTROL,,862209,,,66.82059,,,,,,,,,,,,,,,,,,,,,,,,,,
37,1024,0.0002,128,GMC,1331072.0,895233,0.3486128,65.968666,45.153,1211.934814453125,2263.17431640625,2075.502197265625,881.0336303710938,1158.823486328125,208.14285278320312,500.9978942871094,432.84033203125,411.57562255859375,455.308837890625,531.88232421875,369.2436828613281,159.34243774414062,104.43697357177734,125.65966033935548,93.3781509399414,41.56932830810547,43.659664154052734,40.10714340209961,22.52310943603516,46.14075469970703,22.390756607055664,4.455882549285889,4.852941036224365,11.445378303527832,0.7584033608436584
38,1024,0.0002,128,ICEH,485505.0,911745,0.24656922,188.4,34.682682,255.0063018798828,6851.52099609375,3767.176513671875,208.0167999267578,3245.10302734375,3.342437028884888,6.815125942230225,35.77941131591797,58.21428680419922,30.89285659790039,18.89916038513184,4.361344337463379,5.978991508483887,3.5147058963775635,8.195378303527832,10.483193397521973,4.222689151763916,3.172268867492676,5.338235378265381,3.1827731132507324,3.957983255386353,6.510504245758057,2.77521014213562,3.8760504722595215,10.441176414489746,0.575630247592926
39,1024,0.0002,128,MCN,449024.0,862209,0.17888553,64.614815,56.232407,1422.6239013671875,732.5630493164062,315.6890869140625,208.0167999267578,46.57352828979492,209.2983245849609,538.468505859375,535.6995849609375,499.1176452636719,432.4138793945313,502.75,383.5651245117188,163.9138641357422,105.89075469970705,125.92227172851562,93.78150939941406,41.563026428222656,43.659664154052734,40.10714340209961,22.52310943603516,46.14075469970703,22.390756607055664,4.455882549285889,4.852941036224365,11.445378303527832,0.7584033608436584
40,1024,0.0002,128,SCARF,878592.0,862209,0.29868728,74.89629,71.01146,,,,,,,,,,,,,,,,,,,,,,,,,,
41,1024,0.0002,128,SUBTAB,616448.0,862209,0.21264073,60.330666,54.764874,,,,,,,,,,,,,,,,,,,,,,,,,,
42,1024,0.0003,32,CLIP,29121.0,55809,0.2262375,91.992584,229.27379,3425.0419921875,2452.058837890625,2133.787841796875,664.5020751953125,3245.10302734375,631.100830078125,3613.031494140625,369.8802490234375,362.3928527832031,4268.1533203125,446.5924377441406,3835.02734375,160.41175842285156,135.18276977539062,309.4768981933594,537.920166015625,39.03361511230469,315.9664001464844,212.78781127929688,963.0042114257812,193.44537353515625,1358.2625732421875,5.991596698760986,108.6617660522461,168.28150939941406,0.9033613204956056
43,1024,0.0003,32,CONTROL,,55809,,,117.1885,,,,,,,,,,,,,,,,,,,,,,,,,,
44,1024,0.0003,32,GMC,1318688.0,483297,0.38712776,70.36296,75.45529,1230.2353515625,213.43487548828125,1347.197509765625,137.8235321044922,953.5735473632812,211.22268676757807,465.5966491699219,440.600830078125,402.83404541015625,513.3171997070312,565.2037963867188,383.2016906738281,163.9138641357422,105.73949432373048,125.920166015625,93.78150939941406,41.563026428222656,43.659664154052734,40.10714340209961,22.52310943603516,46.14075469970703,22.390756607055664,4.455882549285889,4.852941036224365,11.445378303527832,0.7584033608436584
45,1024,0.0003,32,ICEH,473121.0,499809,0.11689977,176.64816,42.566708,939.4306640625,732.5630493164062,315.6890869140625,208.0167999267578,3245.10302734375,46.2289924621582,133.34873962402344,105.7079849243164,101.01260375976562,110.80672454833984,95.96428680419922,46.89075469970703,9.884453773498535,2.2710084915161133,7.165966510772705,0.8046218752861023,5.792016983032227,16.2394962310791,5.369748115539551,2.5084033012390137,2.376050472259521,1.7983193397521973,3.031512498855591,3.579831838607788,9.760503768920898,0.575630247592926
46,1024,0.0003,32,MCN,32384.0,55809,0.21594661,47.691666,239.10054,5503.802734375,732.5630493164062,315.6890869140625,208.0167999267578,46.57352828979492,184.4138641357422,529.4453735351562,480.739501953125,348.7121887207031,519.9979248046875,508.0063171386719,349.2352905273437,163.0567169189453,97.06723022460938,82.84873962402344,84.78571319580078,41.87604904174805,42.89285659790039,39.75419998168945,22.57563018798828,46.14075469970703,22.39705848693848,4.634453773498535,4.752100944519043,11.497899055480955,0.7773109078407288
47,1024,0.0003,32,SCARF,56832.0,55809,0.25329787,70.03733,96.33965,,,,,,,,,,,,,,,,,,,,,,,,,,
48,1024,0.0003,32,SUBTAB,40448.0,55809,0.18764652,61.81481,82.85843,,,,,,,,,,,,,,,,,,,,,,,,,,
49,1024,0.0003,64,CLIP,111489.0,218113,0.22525655,116.55,68.73358,998.0419921875,1666.815185546875,491.6995849609375,148.94117736816406,35.36344528198242,1855.9495849609373,1709.9747314453125,3085.760498046875,1856.416015625,5376.02294921875,4427.33203125,2337.523193359375,176.90545654296875,85.00420379638672,309.4873962402344,439.8592529296875,208.4117584228516,51.41596603393555,298.739501953125,23.4894962310791,247.3718414306641,119.29621887207033,17.363445281982422,51.73949432373047,24.025209426879883,8.577731132507324
50,1024,0.0003,64,CONTROL,,218113,,,67.35988,,,,,,,,,,,,,,,,,,,,,,,,,,
51,1024,0.0003,64,GMC,1322816.0,567361,0.3450062,58.072113,46.30148,1164.5462646484375,940.489501953125,1105.7940673828125,1397.8067626953125,962.4727172851562,211.22268676757807,448.3319396972656,414.4474792480469,404.5273132324219,443.1407470703125,552.4810791015625,375.8970642089844,163.9138641357422,105.5840301513672,125.88865661621094,93.78361511230467,41.563026428222656,43.659664154052734,40.10714340209961,22.52310943603516,46.14075469970703,22.390756607055664,4.455882549285889,4.852941036224365,11.445378303527832,0.7584033608436584
52,1024,0.0003,64,ICEH,477249.0,583873,0.19761992,111.22222,38.520557,2261.8759765625,7410.8486328125,211.6911773681641,3758.142822265625,3245.10302734375,23.64916038513184,24.45168113708496,8.094537734985352,16.474790573120117,5.3508405685424805,12.533613204956056,32.02941131591797,11.021008491516112,4.189075469970703,6.455882549285889,5.867647171020508,1.693277359008789,3.3508403301239014,4.834033489227295,11.382352828979492,23.14495849609375,15.804621696472168,3.5084033012390137,4.075630187988281,9.915966033935549,0.7079831957817078
53,1024,0.0003,64,MCN,118016.0,218113,0.17808415,75.375,78.04728,5503.802734375,732.5630493164062,315.6890869140625,208.0167999267578,46.57352828979492,209.510498046875,493.1722717285156,452.7310791015625,420.0021057128906,491.8004150390625,488.6113586425781,354.6302490234375,163.35293579101562,105.48529052734376,125.92227172851562,81.47898864746094,41.563026428222656,42.07352828979492,40.155460357666016,22.262605667114254,45.75419998168945,22.39705848693848,4.455882549285889,4.852941036224365,11.443277359008787,0.7016806602478027
54,1024,0.0003,64,SCARF,222208.0,218113,0.2827474,64.17083,97.96658,,,,,,,,,,,,,,,,,,,,,,,,,,
55,1024,0.0003,64,SUBTAB,156672.0,218113,0.19439554,77.63333,80.39385,,,,,,,,,,,,,,,,,,,,,,,,,,
56,1024,0.0003,128,CLIP,435969.0,862209,0.2005868,100.166664,50.585793,1159.611328125,765.9328002929688,213.10923767089844,153.5840301513672,140.64076232910156,1521.333984375,2727.89697265625,1686.4664306640625,3758.8193359375,6638.1513671875,7596.8486328125,3953.84033203125,1333.4915771484375,898.670166015625,2103.74169921875,3692.6806640625,1689.621826171875,412.350830078125,3728.157470703125,1335.531494140625,3315.06103515625,289.2689208984375,51.48949432373047,293.38446044921875,38.07773208618164,3.642857074737549
57,1024,0.0003,128,CONTROL,,862209,,,106.492615,,,,,,,,,,,,,,,,,,,,,,,,,,
58,1024,0.0003,128,GMC,1331072.0,895233,0.41318274,53.570667,87.61639,1182.9117431640625,1613.836181640625,1909.833984375,2089.121826171875,1204.36767578125,211.22268676757807,482.0399169921875,417.1743774414063,408.7542114257813,437.8361206054688,544.0462036132812,374.7164001464844,163.5504150390625,104.76680755615234,125.11764526367188,93.55672454833984,41.563026428222656,43.659664154052734,40.10714340209961,22.52310943603516,46.14075469970703,22.390756607055664,4.455882549285889,4.852941036224365,11.445378303527832,0.7584033608436584
59,1024,0.0003,128,ICEH,485505.0,911745,0.25238535,117.736,40.941887,5503.802734375,732.5630493164062,315.6890869140625,8057.82958984375,3230.968505859375,178.72268676757812,426.6512756347656,370.72900390625,171.97689819335938,518.6953735351562,520.9012451171875,162.6302490234375,45.5420150756836,54.64075469970703,48.88445281982422,17.002099990844727,5.138655662536621,7.596638679504394,11.195378303527832,19.054622650146484,40.94747924804688,19.743698120117188,4.428571224212647,4.581932544708252,10.57563018798828,1.058823585510254
60,1024,0.0003,128,MCN,449024.0,862209,0.18138334,75.336,56.79046,3926.710205078125,732.5630493164062,315.6890869140625,208.0167999267578,46.57352828979492,211.22268676757807,522.462158203125,481.9579772949219,506.3235168457031,535.7352905273438,587.531494140625,383.5651245117188,163.9138641357422,105.89075469970705,125.92227172851562,93.78150939941406,41.563026428222656,43.659664154052734,40.10714340209961,22.52310943603516,46.14075469970703,22.390756607055664,4.455882549285889,4.852941036224365,11.445378303527832,0.7584033608436584
61,1024,0.0003,128,SCARF,878592.0,862209,0.27331486,97.27407,61.1108,,,,,,,,,,,,,,,,,,,,,,,,,,
62,1024,0.0003,128,SUBTAB,616448.0,862209,0.19855386,63.433334,76.7363,,,,,,,,,,,,,,,,,,,,,,,,,,
63,1024,0.0005,32,CLIP,29121.0,55809,0.19660397,88.4,281.81342,2000.3843994140625,7390.31103515625,5580.0439453125,331.0273132324219,71.67436981201172,780.2520751953125,1488.823486328125,2508.067138671875,321.4516906738281,3433.27099609375,1314.63232421875,252.93487548828125,280.47479248046875,83.93067169189453,112.4916000366211,278.0987243652344,40.237396240234375,635.9580078125,562.0062866210938,53.75,90.7899169921875,18.97479057312012,130.43698120117188,12.132352828979492,54.094539642333984,8.235294342041016
64,1024,0.0005,32,CONTROL,,55809,,,148.87213,,,,,,,,,,,,,,,,,,,,,,,,,,
65,1024,0.0005,32,GMC,1318688.0,483297,0.39761394,75.95734,95.96133,1190.9559326171875,373.2416076660156,795.8130493164062,142.01260375976562,1307.378173828125,211.22268676757807,471.1722717285156,480.47900390625,401.5335998535156,485.239501953125,561.6974487304688,377.5357055664063,163.9138641357422,105.89075469970705,125.920166015625,93.78150939941406,41.563026428222656,43.659664154052734,40.10714340209961,22.52310943603516,46.14075469970703,22.390756607055664,4.455882549285889,4.852941036224365,11.445378303527832,0.7584033608436584
66,1024,0.0005,32,ICEH,473121.0,499809,0.23886125,116.08646,41.69113,5503.802734375,5388.529296875,290.4664001464844,5065.59033203125,2766.724853515625,48.80882263183594,88.52731323242188,19.827730178833008,130.41175842285156,5.388655662536621,7.348739624023437,44.96218490600586,6.052521228790283,18.58613395690918,12.050419807434082,27.69327735900879,36.95588302612305,40.00630187988281,35.95167922973633,19.14285659790039,36.96428680419922,15.745798110961914,4.19957971572876,4.6533613204956055,10.657563209533691,1.1785714626312256
67,1024,0.0005,32,MCN,32384.0,55809,0.21397132,67.4,128.99846,1575.600830078125,753.9747924804688,315.6890869140625,208.0167999267578,46.57352828979492,195.18698120117188,510.7983093261719,860.7037963867188,442.89495849609375,484.1218566894531,501.7626037597656,355.0168151855469,161.14076232910156,130.7205810546875,114.95587921142578,93.56092071533205,40.186973571777344,43.659664154052734,40.10714340209961,22.07563018798828,46.14075469970703,20.554622650146484,4.489495754241943,4.852941036224365,11.445378303527832,3.6806721687316895
68,1024,0.0005,32,SCARF,56832.0,55809,0.26250654,57.503704,146.4796,,,,,,,,,,,,,,,,,,,,,,,,,,
69,1024,0.0005,32,SUBTAB,40448.0,55809,0.18355848,59.395832,86.12965,,,,,,,,,,,,,,,,,,,,,,,,,,
70,1024,0.0005,64,CLIP,111489.0,218113,0.2103455,104.666664,93.23604,933.850830078125,405.5335998535156,226.11764526367188,245.5819396972656,65.5819320678711,2132.9853515625,773.1239624023438,2475.61767578125,3842.14501953125,5193.73095703125,5265.91162109375,3994.268798828125,692.6470336914062,1011.3844604492188,2301.38037109375,2781.14501953125,1459.9853515625,59.11134338378906,383.3172302246094,279.4516906738281,324.5693359375,91.579833984375,9.560924530029297,32.936973571777344,17.205883026123047,6.756302356719971
71,1024,0.0005,64,CONTROL,,218113,,,109.25194,,,,,,,,,,,,,,,,,,,,,,,,,,
72,1024,0.0005,64,GMC,1322816.0,567361,0.42381975,60.802666,118.95714,1242.899169921875,243.43907165527344,1035.4033203125,2099.642822265625,1143.70166015625,211.22268676757807,475.079833984375,422.4664001464844,402.5504150390625,434.5630187988281,522.0651245117188,381.7079772949219,163.92227172851562,105.5861358642578,125.920166015625,93.55252075195312,41.56722640991211,43.659664154052734,40.10714340209961,22.52310943603516,46.14075469970703,22.390756607055664,4.455882549285889,4.852941036224365,11.445378303527832,0.7584033608436584
73,1024,0.0005,64,ICEH,477249.0,583873,0.2885366,78.284355,40.703876,5503.802734375,732.5630493164062,315.6890869140625,208.0167999267578,3245.10302734375,200.9958038330078,508.87396240234375,501.1386413574219,861.5777587890625,957.7332153320312,1066.0294189453125,217.4243621826172,30.331932067871094,31.91386604309082,44.344539642333984,29.775209426879883,18.43277359008789,15.182772636413574,29.22479057312012,18.48109245300293,40.05462265014648,18.92436981201172,4.436975002288818,5.7373948097229,10.607142448425291,1.5273109674453735
74,1024,0.0005,64,MCN,118016.0,218113,0.16598785,72.74815,191.64217,5503.802734375,732.5630493164062,315.6890869140625,208.0167999267578,46.57352828979492,209.8256378173828,494.73529052734375,488.7079772949219,503.6932678222656,530.2836303710938,518.781494140625,383.5651245117188,152.46849060058594,105.89075469970705,125.92227172851562,93.81512451171876,41.563026428222656,43.659664154052734,40.10714340209961,22.52310943603516,46.14706039428711,22.304622650146484,4.455882549285889,4.871848583221436,11.445378303527832,0.7584033608436584
75,1024,0.0005,64,SCARF,222208.0,218113,0.3014755,96.155556,69.92187,,,,,,,,,,,,,,,,,,,,,,,,,,
76,1024,0.0005,64,SUBTAB,156672.0,218113,0.19863525,65.754166,77.63416,,,,,,,,,,,,,,,,,,,,,,,,,,
77,1024,0.0005,128,CLIP,435969.0,862209,0.19263156,99.851845,37.52325,1151.50634765625,245.2289886474609,194.84873962402344,182.4705810546875,71.43067169189453,2082.93701171875,2102.5126953125,2211.4306640625,2643.1259765625,7299.34033203125,7920.64501953125,5177.64501953125,1368.5020751953125,744.4727172851562,3640.056640625,878.9285888671875,1999.7080078125,313.760498046875,175.0756378173828,159.46849060058594,2142.91796875,317.2835998535156,66.47058868408203,33.99369812011719,34.52941131591797,5.342436790466309
78,1024,0.0005,128,CONTROL,,862209,,,38.612423,,,,,,,,,,,,,,,,,,,,,,,,,,
79,1024,0.0005,128,GMC,1331072.0,895233,0.36314875,61.137043,63.796658,1190.65966796875,505.9957885742188,1833.413818359375,3175.470703125,1768.344482421875,211.22268676757807,479.4285583496094,435.1134338378906,401.1932678222656,448.691162109375,536.829833984375,374.1617736816406,160.8235321044922,103.8319320678711,124.93487548828124,93.55042266845705,41.56932830810547,43.659664154052734,40.10714340209961,22.52310943603516,46.14075469970703,22.390756607055664,4.455882549285889,4.852941036224365,11.445378303527832,0.7584033608436584
80,1024,0.0005,128,ICEH,485505.0,911745,0.14240989,87.22083,33.76754,16227.2314453125,732.5630493164062,315.6890869140625,1516.7940673828125,3245.10302734375,296.8676452636719,547.13232421875,544.3844604492188,1000.97900390625,769.9243774414062,889.61767578125,313.5378112792969,57.60504150390625,36.44958114624024,17.165966033935547,24.33823585510254,27.716386795043945,33.81722640991211,30.59453773498535,18.2605037689209,42.37395095825195,20.176469802856445,4.510504245758057,4.735294342041016,10.848739624023438,0.6092436909675598
81,1024,0.0005,128,MCN,449024.0,862209,0.18581557,86.46667,100.43,2068.495849609375,732.5630493164062,315.6890869140625,208.0167999267578,46.57352828979492,183.239501953125,541.2268676757812,388.4664001464844,506.3235168457031,535.6785888671875,587.531494140625,383.5651245117188,163.9138641357422,105.89075469970705,125.92227172851562,93.78150939941406,41.563026428222656,43.659664154052734,40.10714340209961,22.52310943603516,46.14075469970703,22.390756607055664,4.455882549285889,4.852941036224365,11.445378303527832,0.7584033608436584
82,1024,0.0005,128,SCARF,878592.0,862209,0.30865324,100.22964,59.48556,,,,,,,,,,,,,,,,,,,,,,,,,,
83,1024,0.0005,128,SUBTAB,616448.0,862209,0.19846374,61.585186,45.577595,,,,,,,,,,,,,,,,,,,,,,,,,,
84,1024,0.0007,32,CLIP,29121.0,55809,0.20983358,88.416664,202.22675,865.5020751953125,5539.10302734375,388.2583923339844,8208.8447265625,59.237396240234375,1708.50634765625,1926.073486328125,1330.63232421875,3641.838134765625,5931.5126953125,3318.04833984375,2718.861328125,1126.844482421875,140.51890563964844,132.88865661621094,282.7835998535156,402.6554565429688,38.18487548828125,123.40335845947266,31.33823585510254,914.7142944335938,17.94327735900879,100.98529052734376,94.35504150390624,40.907562255859375,5.216386318206787
85,1024,0.0007,32,CONTROL,,55809,,,93.709915,,,,,,,,,,,,,,,,,,,,,,,,,,
86,1024,0.0007,32,GMC,1318688.0,483297,0.37713125,90.01979,50.999477,1220.7100830078125,255.90966796875,206.06092834472656,170.5041961669922,1108.808837890625,211.22268676757807,465.8718566894531,427.34033203125,397.8067321777344,490.2815246582031,562.5861206054688,374.6113586425781,163.9138641357422,105.52310943603516,125.53571319580078,93.2079849243164,41.563026428222656,43.659664154052734,40.10714340209961,22.52310943603516,46.14075469970703,22.390756607055664,4.455882549285889,4.852941036224365,11.445378303527832,0.7584033608436584
87,1024,0.0007,32,ICEH,473121.0,499809,0.27069643,135.02605,61.97599,5503.802734375,732.5630493164062,315.6890869140625,8283.46875,3238.03564453125,143.90126037597656,212.4222717285156,68.70587921142578,14.73739528656006,116.26260375976562,170.3802490234375,174.31301879882812,59.4810905456543,43.98949432373047,28.37605094909668,18.512605667114254,11.176470756530762,27.415966033935547,33.43277359008789,20.45168113708496,43.22269058227539,21.117647171020508,4.046218395233154,4.315125942230225,10.521008491516112,0.6533613204956055
88,1024,0.0007,32,MCN,32384.0,55809,0.17920561,81.33867,134.69612,5420.67236328125,741.3025512695312,315.6890869140625,208.0167999267578,46.57352828979492,195.86134338378903,505.9222717285156,609.5671997070312,445.8466491699219,462.69537353515625,537.888671875,353.808837890625,159.36134338378906,103.34033966064452,114.85504150390624,89.4579849243164,41.26680755615234,43.659664154052734,40.10714340209961,21.10714340209961,46.70378112792969,22.390756607055664,4.474790096282959,4.857142925262451,11.747899055480955,0.7626050710678101
89,1024,0.0007,32,SCARF,56832.0,55809,0.2634959,59.896297,142.08792,,,,,,,,,,,,,,,,,,,,,,,,,,
90,1024,0.0007,32,SUBTAB,40448.0,55809,0.22083862,62.916668,82.14836,,,,,,,,,,,,,,,,,,,,,,,,,,
91,1024,0.0007,64,CLIP,111489.0,218113,0.20004463,94.083336,62.036407,802.2941284179688,799.6302490234375,310.3886413574219,174.09243774414062,93.94538116455078,1856.6239013671875,3170.842529296875,2661.724853515625,2770.1806640625,1197.93701171875,3664.544189453125,3189.36767578125,862.4915771484375,536.8592529296875,3638.0966796875,1132.1343994140625,761.8970336914062,462.1827697753906,97.02941131591795,1248.3948974609375,1475.079833984375,140.43907165527344,292.9831848144531,79.03361511230469,31.235294342041016,4.796218395233154
92,1024,0.0007,64,CONTROL,,218113,,,98.4749,,,,,,,,,,,,,,,,,,,,,,,,,,
93,1024,0.0007,64,GMC,1322816.0,567361,0.37933138,72.802666,97.55016,1321.9874267578125,1905.037841796875,228.88235473632807,2076.388671875,1013.4138793945312,211.22268676757807,499.62603759765625,430.9957885742188,400.7310791015625,470.5126037597656,535.3171997070312,376.0,162.6365509033203,104.78571319580078,125.88865661621094,93.7920150756836,41.56512451171875,43.659664154052734,40.10714340209961,22.52310943603516,46.14075469970703,22.390756607055664,4.455882549285889,4.852941036224365,11.445378303527832,0.7584033608436584
94,1024,0.0007,64,ICEH,477249.0,583873,0.13790447,73.32267,51.817623,5503.802734375,732.5630493164062,315.6890869140625,96.94117736816406,3202.699462890625,250.34033203125,649.0630493164062,648.1071166992188,953.010498046875,1414.1512451171875,1187.0146484375,313.6785583496094,40.94117736816406,27.577730178833008,38.380252838134766,47.457984924316406,33.89285659790039,38.64075469970703,36.01050567626953,20.25630187988281,42.82352828979492,19.590335845947266,4.514705657958984,4.0714287757873535,10.357142448425291,0.7142857313156128
95,1024,0.0007,64,MCN,118016.0,218113,0.1914472,78.2875,55.196583,5503.802734375,732.5630493164062,315.6890869140625,208.0167999267578,46.57352828979492,182.2836151123047,544.8760375976562,535.9159545898438,501.4664001464844,453.9369812011719,519.3256225585938,332.9600830078125,163.9138641357422,94.85924530029295,111.15756225585938,91.81092071533205,41.563026428222656,43.659664154052734,40.10714340209961,22.52310943603516,45.878150939941406,21.834033966064453,4.434874057769775,4.852941036224365,11.445378303527832,1.319327712059021
96,1024,0.0007,64,SCARF,222208.0,218113,0.25286043,90.55417,54.595615,,,,,,,,,,,,,,,,,,,,,,,,,,
97,1024,0.0007,64,SUBTAB,156672.0,218113,0.22712927,59.35,63.4113,,,,,,,,,,,,,,,,,,,,,,,,,,
98,1024,0.0007,128,CLIP,435969.0,862209,0.20241512,89.55,65.61605,931.4852905273438,384.7941284179688,218.59873962402344,111.1659698486328,76.5483169555664,2590.7919921875,2641.74169921875,3450.3740234375,4187.970703125,8386.921875,8931.9453125,5302.81494140625,2473.266845703125,1244.5819091796875,3583.481201171875,2612.916015625,1108.1932373046875,243.61764526367188,4027.138671875,1246.52734375,1404.745849609375,191.8214263916016,843.1785888671875,473.9684753417969,28.89705848693848,3.4537816047668457
99,1024,0.0007,128,CONTROL,,862209,,,82.66469,,,,,,,,,,,,,,,,,,,,,,,,,,
100,1024,0.0007,128,GMC,1331072.0,895233,0.37167147,71.089584,57.232635,1189.8656005859375,408.2941284179688,1959.34033203125,3243.838134765625,1242.5987548828125,211.22268676757807,483.9664001464844,432.1407470703125,406.6533508300781,466.0252075195313,538.6134643554688,373.850830078125,160.7541961669922,103.6281509399414,125.45378112792967,93.19538116455078,41.563026428222656,43.659664154052734,40.10714340209961,22.52310943603516,46.14075469970703,22.390756607055664,4.455882549285889,4.852941036224365,11.445378303527832,0.7584033608436584
101,1024,0.0007,128,ICEH,485505.0,911745,0.18988025,100.23673,52.04351,5503.802734375,732.5630493164062,315.6890869140625,208.0167999267578,3245.10302734375,208.2563018798828,565.6828002929688,371.100830078125,235.3697509765625,731.3760375976562,940.4390869140624,193.55252075195312,9.75,15.252100944519045,13.75,13.617647171020508,7.7626051902771,27.852941513061523,24.34873962402344,18.0,28.50840377807617,18.83823585510254,4.2373948097229,4.722689151763916,10.508403778076172,1.042016863822937
102,1024,0.0007,128,MCN,449024.0,862209,0.19802189,86.4,38.727806,1191.9853515625,720.3277587890625,235.0861358642578,149.5399169921875,46.57352828979492,200.39285278320312,408.6050415039063,535.378173828125,323.4075622558594,471.3067321777344,526.7247924804688,362.94537353515625,153.7941131591797,83.4516830444336,117.32563018798828,87.67227172851562,37.78361511230469,41.89706039428711,39.60293960571289,18.371849060058597,44.82563018798828,22.94537734985352,4.455882549285889,4.804621696472168,11.426470756530762,0.7584033608436584
103,1024,0.0007,128,SCARF,878592.0,862209,0.2872037,87.28,32.18196,,,,,,,,,,,,,,,,,,,,,,,,,,
104,1024,0.0007,128,SUBTAB,616448.0,862209,0.20025884,57.244442,194.851,,,,,,,,,,,,,,,,,,,,,,,,,,
105,1024,0.001,32,CLIP,29121.0,55809,0.24354798,109.029625,264.415,1169.90966796875,1591.655517578125,150.89495849609375,83.08403015136719,3230.968505859375,1805.6512451171875,747.3928833007812,530.9642944335938,4233.16796875,5525.0947265625,4824.4599609375,4054.3740234375,1106.27099609375,684.4727172851562,234.86553955078125,207.2983245849609,397.0252075195313,164.9642791748047,2553.628173828125,144.66806030273438,2388.57568359375,70.25,469.9621887207031,42.77310943603516,156.5504150390625,1.7163865566253662
106,1024,0.001,32,CONTROL,,55809,,,66.524956,,,,,,,,,,,,,,,,,,,,,,,,,,
107,1024,0.001,32,GMC,1318688.0,483297,0.36748844,92.84896,52.205433,1252.2520751953125,350.2583923339844,640.4957885742188,3295.600830078125,1211.09033203125,211.22268676757807,471.2563171386719,434.3655395507813,401.4558715820313,455.1176452636719,558.3949584960938,372.84033203125,163.68487548828125,105.7520980834961,125.4264678955078,93.55042266845705,41.563026428222656,43.659664154052734,40.10714340209961,22.52310943603516,46.14075469970703,22.390756607055664,4.455882549285889,4.852941036224365,11.445378303527832,0.7584033608436584
108,1024,0.001,32,ICEH,473121.0,499809,0.20542851,91.0375,66.60569,13494.3154296875,732.5630493164062,315.6890869140625,7157.67236328125,3238.03564453125,206.09454345703125,589.5336303710938,510.8025207519531,931.9474487304688,1240.6156005859375,1053.1092529296875,271.1302490234375,31.42436981201172,22.418067932128903,29.48109245300293,31.512605667114254,32.00210189819336,39.67647171020508,38.40126037597656,21.571428298950195,41.93487548828125,20.920167922973636,4.025209903717041,4.283613681793213,10.539916038513184,0.6239495873451233
109,1024,0.001,32,MCN,32384.0,55809,0.20533097,57.214817,176.387,1591.45166015625,732.5630493164062,315.6890869140625,208.0167999267578,46.57352828979492,210.6638641357422,439.7668151855469,491.3067321777344,656.3466186523438,424.558837890625,477.8970642089844,340.7373962402344,146.9832000732422,105.62605285644533,111.40335845947266,83.20378112792969,40.262603759765625,43.6491584777832,39.03151321411133,19.178571701049805,46.14075469970703,21.716386795043945,4.462184906005859,5.115546226501465,11.449580192565918,0.7584033608436584
110,1024,0.001,32,SCARF,56832.0,55809,0.28921607,88.498665,125.96354,,,,,,,,,,,,,,,,,,,,,,,,,,
111,1024,0.001,32,SUBTAB,40448.0,55809,0.21211036,67.20533,53.996178,,,,,,,,,,,,,,,,,,,,,,,,,,
112,1024,0.001,64,CLIP,111489.0,218113,0.19771399,87.21667,81.30549,884.4537963867188,245.6911773681641,282.399169921875,154.5294189453125,107.01050567626952,2077.573486328125,1701.6448974609375,2184.546142578125,3616.00830078125,6612.09033203125,5842.45166015625,1835.3865966796875,664.9264526367188,679.6680908203125,1058.0252685546875,857.8739624023438,488.3235168457031,390.1869812011719,3707.08203125,309.3130187988281,3470.916015625,1023.3592529296876,866.9369506835938,170.56301879882812,37.17647171020508,2.033613443374634
113,1024,0.001,64,CONTROL,,218113,,,98.709915,,,,,,,,,,,,,,,,,,,,,,,,,,
114,1024,0.001,64,GMC,1322816.0,567361,0.38599393,116.33704,69.22241,1224.2919921875,1391.2730712890625,1574.6239013671875,2722.96630859375,1243.371826171875,211.22268676757807,464.489501953125,428.3424377441406,411.9327697753906,501.9558715820313,544.7667846679688,377.989501953125,162.2332000732422,105.4579849243164,125.6302490234375,93.54621887207033,41.563026428222656,43.659664154052734,40.10714340209961,22.52310943603516,46.14075469970703,22.390756607055664,4.455882549285889,4.852941036224365,11.445378303527832,0.7584033608436584
115,1024,0.001,64,ICEH,477249.0,583873,0.16587652,70.57083,57.411865,5503.802734375,732.5630493164062,315.6890869140625,8352.669921875,2599.7919921875,332.7352905273437,646.1260375976562,509.3445434570313,950.760498046875,1086.8109130859375,1141.38232421875,340.8739624023437,55.09663772583008,47.56512451171875,20.995798110961918,40.869747161865234,30.460084915161133,35.090335845947266,32.161766052246094,18.26890754699707,38.60293960571289,19.781513214111328,4.577731132507324,4.76890754699707,11.105042457580566,0.7079831957817078
116,1024,0.001,64,MCN,118016.0,218113,0.21017095,91.05926,225.10223,1379.3214111328125,382.9957885742188,441.6827697753906,223.9832000732422,46.57352828979492,237.5756378173828,505.7731018066406,441.3676452636719,412.25,536.239501953125,499.7079772949219,327.6302490234375,161.87815856933594,94.60083770751952,110.64075469970705,93.78150939941406,49.04411697387695,42.11764526367188,37.55462265014648,22.25630187988281,35.84663772583008,22.03781509399414,14.565126419067385,4.409663677215576,17.195377349853516,0.8025209903717041
117,1024,0.001,64,SCARF,222208.0,218113,0.27848184,89.120834,112.15069,,,,,,,,,,,,,,,,,,,,,,,,,,
118,1024,0.001,64,SUBTAB,156672.0,218113,0.22020704,69.04074,226.38754,,,,,,,,,,,,,,,,,,,,,,,,,,
119,1024,0.001,128,CLIP,435969.0,862209,0.21177234,102.55,51.054962,878.4727172851562,289.81512451171875,254.4600830078125,166.18907165527344,100.9180679321289,1673.361328125,3629.22900390625,3493.07763671875,4825.611328125,8838.939453125,8104.166015625,4627.529296875,879.2794189453125,936.2100830078124,3234.558837890625,3517.911865234375,2315.720703125,253.760498046875,3618.829833984375,1189.350830078125,301.8067321777344,50.75210189819336,176.03781127929688,522.3151245117188,22.705883026123047,3.30042028427124
120,1024,0.001,128,CONTROL,,862209,,,226.31604,,,,,,,,,,,,,,,,,,,,,,,,,,
121,1024,0.001,128,GMC,1331072.0,895233,0.40681133,93.57407,61.89954,1270.638671875,2560.268798828125,2139.100830078125,2832.838134765625,1121.9915771484375,211.22268676757807,459.7920227050781,433.7016906738281,411.2962036132813,489.52099609375,561.388671875,374.1302490234375,162.4495849609375,104.3781509399414,125.10504150390624,93.2079849243164,41.56512451171875,43.659664154052734,40.10714340209961,22.52310943603516,46.14075469970703,22.390756607055664,4.455882549285889,4.852941036224365,11.445378303527832,0.7584033608436584
122,1024,0.001,128,ICEH,485505.0,911745,0.22430336,102.77038,53.03553,5503.802734375,732.5630493164062,315.6890869140625,208.0167999267578,3238.03564453125,282.8529357910156,696.7962036132812,660.6638793945312,1230.3634033203125,1257.86767578125,1081.857177734375,319.5735168457031,54.60504150390625,50.25840377807617,23.464284896850582,40.07983016967773,31.983192443847656,36.99159622192383,35.90126037597656,20.546218872070312,43.50840377807617,20.97479057312012,4.829832077026367,5.172268867492676,11.384453773498535,0.894957959651947
123,1024,0.001,128,MCN,449024.0,862209,0.19878252,95.111115,38.758682,1223.6197509765625,1394.142822265625,745.388671875,431.3466491699219,46.57352828979492,226.77520751953125,458.98529052734375,393.1890869140625,342.4117736816406,339.0546264648437,422.7962036132813,703.88232421875,111.85504150390624,116.36764526367188,112.84243774414062,94.80252075195312,33.831932067871094,63.28361511230469,38.28781509399414,21.72268867492676,81.66386413574219,21.62605094909668,12.636554718017578,9.886554718017578,10.842436790466309,1.0945378541946411
124,1024,0.001,128,SCARF,878592.0,862209,0.30012402,67.25,40.63552,,,,,,,,,,,,,,,,,,,,,,,,,,
125,1024,0.001,128,SUBTAB,616448.0,862209,0.24652363,68.708336,81.54368,,,,,,,,,,,,,,,,,,,,,,,,,,
126,1024,0.002,32,CLIP,29121.0,55809,0.20030852,117.35467,89.88042,619.9705810546875,340.69537353515625,568.0987548828125,426.441162109375,235.43907165527344,675.1470336914062,689.2080078125,3056.00634765625,3373.279296875,5983.11328125,4636.53369140625,3351.2646484375,2315.85302734375,926.1869506835938,741.1785888671875,1125.70166015625,1704.1890869140625,97.26680755615234,1029.254150390625,134.14076232910156,1258.27734375,31.207983016967773,23.331932067871094,38.409664154052734,36.300418853759766,15.065126419067385
127,1024,0.002,32,CONTROL,,55809,,,227.68105,,,,,,,,,,,,,,,,,,,,,,,,,,
128,1024,0.002,32,GMC,1318688.0,483297,0.3840577,69.495834,228.5865,1207.36767578125,2576.6806640625,1821.6680908203125,3014.7080078125,1257.655517578125,211.22268676757807,468.0335998535156,427.7521057128906,407.9054565429688,463.2794189453125,539.8004150390625,373.4516906738281,160.24789428710938,103.13865661621094,122.93487548828124,93.21428680419922,41.57773208618164,43.66386413574219,40.10714340209961,22.52310943603516,46.14075469970703,22.390756607055664,4.455882549285889,4.852941036224365,11.445378303527832,0.7584033608436584
129,1024,0.002,32,ICEH,473121.0,499809,0.22845262,88.50833,234.70308,16227.2314453125,732.5630493164062,315.6890869140625,203.8886566162109,46.57352828979492,197.8718414306641,579.9138793945312,497.5609130859375,639.0735473632812,1083.8067626953125,784.6743774414062,77.99579620361328,82.61764526367188,76.03571319580078,90.829833984375,69.85924530029297,33.947479248046875,36.10293960571289,36.41386413574219,21.5,43.16596603393555,21.352941513061523,4.445378303527832,4.714285850524902,11.376049995422363,0.6260504126548767
130,1024,0.002,32,MCN,32384.0,55809,0.20247623,87.21667,51.742588,4475.06103515625,2480.462158203125,1773.4874267578125,207.61764526367188,46.57352828979492,187.1302490234375,854.8634643554688,1575.8382568359375,491.5042114257813,352.2079772949219,496.8718566894531,313.3067321777344,150.239501953125,133.55462646484375,108.13235473632812,90.02520751953125,290.2142944335937,185.7436981201172,38.78361511230469,19.67436981201172,46.64285659790039,21.367647171020508,32.119747161865234,9.228991508483888,11.609243392944336,0.756302535533905
131,1024,0.002,32,SCARF,56832.0,55809,0.2969786,106.765335,81.8212,,,,,,,,,,,,,,,,,,,,,,,,,,
132,1024,0.002,32,SUBTAB,40448.0,55809,0.21511045,57.816666,62.72475,,,,,,,,,,,,,,,,,,,,,,,,,,
133,1024,0.002,64,CLIP,111489.0,218113,0.20667928,94.11111,69.99227,991.9012451171876,313.77099609375,131.18698120117188,140.05882263183594,109.20378112792967,1874.4559326171875,1905.56298828125,3343.359130859375,882.4328002929688,5352.9873046875,6795.86328125,2913.82568359375,188.8235321044922,753.0693359375,3930.449462890625,4303.751953125,381.3193359375,148.34873962402344,3934.573486328125,1391.388671875,3710.552490234375,46.00210189819336,396.1743774414063,745.7836303710938,115.97689056396484,3.8739495277404794
134,1024,0.002,64,CONTROL,,218113,,,49.46752,,,,,,,,,,,,,,,,,,,,,,,,,,
135,1024,0.002,64,GMC,1322816.0,567361,0.3997843,127.7125,92.39999,1214.0440673828125,2985.170166015625,1745.8907470703125,2852.002197265625,1063.920166015625,211.22268676757807,484.40966796875,428.0651245117188,404.0777282714844,513.4832153320312,537.611328125,371.691162109375,159.33824157714844,104.78571319580078,125.65335845947266,93.21428680419922,41.56722640991211,43.659664154052734,40.10714340209961,22.52310943603516,46.14075469970703,22.390756607055664,4.455882549285889,4.852941036224365,11.445378303527832,0.7584033608436584
136,1024,0.002,64,ICEH,477249.0,583873,0.26600638,77.083336,39.372345,16361.1767578125,732.5630493164062,315.6890869140625,208.0167999267578,46.57352828979492,316.42437744140625,704.5419921875,543.4705810546875,1125.5609130859375,1293.52099609375,1026.5125732421875,163.63865661621094,111.86134338378906,80.7100830078125,94.34033966064452,90.81932830810548,39.39075469970703,39.97058868408203,36.81512451171875,19.329832077026367,36.69537734985352,19.12394905090332,3.781512498855591,4.569327831268311,10.432772636413574,0.6008403301239014
137,1024,0.002,64,MCN,118016.0,218113,0.18800342,89.46667,41.283054,2790.29833984375,661.6806640625,515.2772827148438,2197.002197265625,46.57352828979492,773.3802490234375,1063.8172607421875,283.6806640625,417.7436828613281,522.7457885742188,550.4558715820312,324.1113586425781,351.6407470703125,103.53571319580078,291.0735168457031,84.7121810913086,35.707984924316406,36.75,37.51680755615234,19.68277359008789,44.09873962402344,20.878150939941406,4.457983016967773,5.224790096282959,12.277311325073242,0.7121848464012146
138,1024,0.002,64,SCARF,222208.0,218113,0.28813598,110.296295,144.04283,,,,,,,,,,,,,,,,,,,,,,,,,,
139,1024,0.002,64,SUBTAB,156672.0,218113,0.24387683,66.6963,197.03171,,,,,,,,,,,,,,,,,,,,,,,,,,
140,1024,0.002,128,CLIP,435969.0,862209,0.20997663,86.4,40.584396,1114.5419921875,342.45379638671875,148.9832000732422,96.12605285644533,93.64495849609376,2177.609130859375,2035.083984375,2614.088134765625,2924.1259765625,6791.40966796875,7783.22705078125,5551.0400390625,1040.670166015625,354.25421142578125,3845.5693359375,2071.029296875,2795.79833984375,2935.546142578125,4109.23095703125,1423.170166015625,3981.899169921875,2016.4559326171875,724.2227172851562,721.1974487304688,134.73739624023438,4.165966510772705
141,1024,0.002,128,CONTROL,,862209,,,47.65366,,,,,,,,,,,,,,,,,,,,,,,,,,
142,1024,0.002,128,GMC,1331072.0,895233,0.40837073,145.43333,77.182785,1297.1029052734375,2373.0966796875,1854.8045654296875,2380.037841796875,1144.649169921875,211.22268676757807,447.7920227050781,432.3592529296875,417.079833984375,507.72900390625,537.7836303710938,372.55462646484375,162.63235473632812,104.3802490234375,125.44957733154295,93.55882263183594,41.563026428222656,43.659664154052734,40.10714340209961,22.52310943603516,46.14075469970703,22.390756607055664,4.455882549285889,4.852941036224365,11.445378303527832,0.7584033608436584
143,1024,0.002,128,ICEH,485505.0,911745,0.22618477,156.22084,33.271915,3200.07958984375,632.5630493164062,215.6890869140625,608.7731323242188,41.57352828979492,158.65756225585938,437.5399169921875,123.55252075195312,100.03150939941406,489.0504150390625,311.8592529296875,111.03571319580078,29.59663772583008,21.92436981201172,56.98109436035156,62.92436981201172,26.577730178833008,17.15546226501465,23.80041885375977,12.752099990844728,32.9810905456543,16.70168113708496,2.831932783126831,4.168067455291748,6.987395286560059,0.5659663915634155
144,1024,0.002,128,MCN,449024.0,862209,0.17589116,87.770836,56.719673,1219.0335693359375,732.5630493164062,3557.170166015625,195.84243774414065,46.57352828979492,190.88446044921875,430.91595458984375,401.08404541015625,342.5189208984375,357.1722717285156,428.01470947265625,329.9369812011719,161.1260528564453,102.47898864746094,107.09664154052734,87.4621810913086,41.54832077026367,43.65336227416992,40.10714340209961,21.91386604309082,45.985294342041016,22.390756607055664,4.455882549285889,4.852941036224365,11.096638679504396,0.7584033608436584
145,1024,0.002,128,SCARF,878592.0,862209,0.30177808,74.98333,59.24798,,,,,,,,,,,,,,,,,,,,,,,,,,
146,1024,0.002,128,SUBTAB,616448.0,862209,0.2759456,87.576,54.976658,,,,,,,,,,,,,,,,,,,,,,,,,,
147,1024,0.003,32,CLIP,29121.0,55809,0.19786608,101.916664,94.98693,637.6134643554688,463.72900390625,454.7794189453125,163.16175842285156,248.84243774414065,2360.49365234375,1297.495849609375,4336.84033203125,3210.92236328125,7753.9580078125,6501.53759765625,5368.67041015625,173.50840759277344,1137.004150390625,3788.4306640625,953.0525512695312,1785.5672607421875,137.9159698486328,351.9705810546875,76.33403015136719,686.0840454101562,1602.745849609375,165.89285278320312,66.10924530029297,65.33403015136719,35.2899169921875
148,1024,0.003,32,CONTROL,,55809,,,233.39575,,,,,,,,,,,,,,,,,,,,,,,,,,
149,1024,0.003,32,GMC,1318688.0,483297,0.36648372,105.425,77.806335,1333.7037353515625,2395.960205078125,1777.754150390625,2676.254150390625,1685.607177734375,211.22268676757807,493.9810791015625,445.808837890625,417.0189208984375,511.55462646484375,535.0924072265625,367.44537353515625,160.37184143066406,103.98739624023438,123.96638488769533,92.69327545166016,41.58403396606445,43.670169830322266,40.10714340209961,22.52310943603516,46.14285659790039,22.390756607055664,4.455882549285889,4.855041980743408,11.445378303527832,0.7584033608436584
150,1024,0.003,32,ICEH,473121.0,499809,0.27577618,83.77778,57.08182,5233.443359375,732.5630493164062,315.6890869140625,8371.6298828125,46.57352828979492,175.989501953125,294.9264831542969,119.96638488769533,230.6239471435547,650.7731323242188,290.3214416503906,199.420166015625,44.34033584594727,19.888654708862305,81.90966033935547,93.78150939941406,39.84243774414063,40.89075469970703,37.71218490600586,19.47268867492676,44.436973571777344,20.97058868408203,4.273109436035156,5.0966386795043945,11.115546226501465,0.6470588445663452
151,1024,0.003,32,MCN,32384.0,55809,0.21256296,97.377785,99.62594,1533.0777587890625,1868.260498046875,303.0777282714844,139.56092834472656,46.57352828979492,170.47479248046875,338.6428527832031,515.2247924804688,399.26470947265625,441.5441284179688,395.5861206054688,318.3424377441406,150.7899169921875,85.77731323242188,115.80461883544922,93.78150939941406,44.58613586425781,63.39706039428711,38.987396240234375,20.485294342041016,46.2710075378418,20.852941513061523,4.506302356719971,4.852941036224365,11.86974811553955,0.779411792755127
152,1024,0.003,32,SCARF,56832.0,55809,0.3055005,119.30417,75.44417,,,,,,,,,,,,,,,,,,,,,,,,,,
153,1024,0.003,32,SUBTAB,40448.0,55809,0.2639642,89.68704,86.24667,,,,,,,,,,,,,,,,,,,,,,,,,,
154,1024,0.003,64,CLIP,111489.0,218113,0.19102718,87.792595,34.840725,1241.6617431640625,250.5126037597656,130.6302490234375,116.2100830078125,48.03571319580078,1978.0084228515625,2326.8046875,2441.317138671875,4024.579833984375,6365.85498046875,8290.615234375,4197.49365234375,1119.34033203125,1350.712158203125,2904.53369140625,1878.4327392578125,2222.84033203125,256.3739624023437,3753.2373046875,1138.0609130859375,3359.323486328125,2559.416015625,617.0924072265625,728.361328125,9.78781509399414,1.9957983493804927
155,1024,0.003,64,CONTROL,,218113,,,216.60954,,,,,,,,,,,,,,,,,,,,,,,,,,
156,1024,0.003,64,GMC,1322816.0,567361,0.34595093,176.98666,83.16392,1625.287841796875,2244.35302734375,1864.8843994140625,2886.10302734375,1015.3424072265624,202.0041961669922,490.9180603027344,459.4222717285156,422.12603759765625,462.058837890625,534.7919921875,364.7731018066406,158.39285278320312,103.3361358642578,121.17857360839844,93.15756225585938,41.34663772583008,43.07563018798828,40.07563018798828,22.525209426879883,46.1491584777832,22.233192443847656,4.464285850524902,4.865546226501465,11.485294342041016,0.7899159789085388
157,1024,0.003,64,ICEH,477249.0,583873,0.32121536,176.97067,79.247826,16227.2314453125,650.4117431640625,2310.046142578125,8352.669921875,46.57352828979492,210.80252075195312,605.0714111328125,464.9180603027344,754.4937133789062,1034.899169921875,874.3445434570312,318.1785583496094,71.7983169555664,34.012603759765625,15.67436981201172,64.7920150756836,35.20588302612305,39.10504150390625,36.905460357666016,20.323530197143555,41.75630187988281,22.390756607055664,4.002100944519043,4.285714149475098,10.51890754699707,0.7584033608436584
158,1024,0.003,64,MCN,118016.0,218113,0.19527262,104.1875,72.76616,829.4453735351562,1251.2520751953125,742.6470336914062,303.4159545898437,18.54831886291504,184.0,385.6722717285156,494.6029357910156,319.90966796875,317.3802490234375,313.2268981933594,435.91595458984375,335.8802490234375,186.1764678955078,229.00840759277344,86.27101135253906,169.0357208251953,30.476890563964844,27.73109245300293,29.266807556152344,49.813026428222656,24.804622650146484,6.779411792755127,19.53571510314941,19.728992462158203,4.976890563964844
159,1024,0.003,64,SCARF,222208.0,218113,0.29487166,113.488884,48.63747,,,,,,,,,,,,,,,,,,,,,,,,,,
160,1024,0.003,64,SUBTAB,156672.0,218113,0.24193902,83.81482,40.364334,,,,,,,,,,,,,,,,,,,,,,,,,,
161,1024,0.003,128,CLIP,435969.0,862209,0.20284261,92.472,64.3529,1120.1575927734375,345.7142944335937,252.8277282714844,131.3361358642578,113.59033966064452,2305.010498046875,2444.6806640625,2344.7626953125,3284.800537109375,5799.82568359375,8077.34033203125,5004.53173828125,1950.920166015625,1449.1995849609375,3676.9453125,3452.558837890625,2570.724853515625,340.6680603027344,1984.1680908203125,1319.54833984375,2509.2353515625,244.010498046875,266.9159545898437,46.762603759765625,25.478992462158203,4.451680660247803
162,1024,0.003,128,CONTROL,,862209,,,42.643032,,,,,,,,,,,,,,,,,,,,,,,,,,
163,1024,0.003,128,GMC,1331072.0,895233,0.36800432,108.44,116.61767,1185.3067626953125,3110.31103515625,2268.411865234375,3470.960205078125,1330.84033203125,210.4159698486328,481.7100830078125,437.3466491699219,403.3865661621094,490.6302490234375,537.6134643554688,373.2100830078125,161.75,103.07142639160156,122.55882263183594,92.47058868408205,41.51470565795898,43.45588302612305,40.11554718017578,22.52941131591797,46.14285659790039,22.39285659790039,4.455882549285889,4.857142925262451,11.449580192565918,0.7605041861534119
164,1024,0.003,128,ICEH,485505.0,911745,0.2065267,65.2395,65.36045,3401.3486328125,732.5630493164062,315.6890869140625,7143.1220703125,46.57352828979492,190.80252075195312,554.9957885742188,349.2668151855469,659.462158203125,811.170166015625,513.59033203125,153.99159240722656,56.05882263183594,69.44117736816406,103.76680755615234,78.99579620361328,37.85293960571289,40.186973571777344,38.08403396606445,19.810924530029297,41.7899169921875,19.955883026123047,4.044117450714111,4.102941036224365,10.764705657958984,0.7037814855575562
165,1024,0.003,128,MCN,449024.0,862209,0.17333919,92.608,57.894207,1695.100830078125,732.5630493164062,315.6890869140625,208.0167999267578,46.57352828979492,195.95167541503903,454.1029357910156,377.3970642089844,443.9138793945313,400.3109130859375,517.787841796875,309.5882263183594,163.64495849609375,104.76680755615234,96.28571319580078,93.78150939941406,41.56722640991211,43.659664154052734,38.96638488769531,22.216386795043945,46.1008415222168,22.390756607055664,4.457983016967773,4.852941036224365,11.445378303527832,0.7584033608436584
166,1024,0.003,128,SCARF,878592.0,862209,0.3079108,111.08027,55.724457,,,,,,,,,,,,,,,,,,,,,,,,,,
167,1024,0.003,128,SUBTAB,616448.0,862209,0.28007305,91.34583,65.22299,,,,,,,,,,,,,,,,,,,,,,,,,,
168,1024,0.005,32,CLIP,29121.0,55809,0.2148652,96.566666,132.31744,760.3445434570312,322.29412841796875,210.0041961669922,74.24369812011719,1113.968505859375,142.16806030273438,628.6575927734375,1498.962158203125,3472.050537109375,5031.943359375,5705.24169921875,3381.468505859375,1940.149169921875,1612.8382568359375,1323.787841796875,753.5020751953125,688.1155395507812,881.34033203125,1384.0609130859375,206.36764526367188,360.10504150390625,430.4117736816406,78.78150939941406,285.308837890625,18.100839614868164,61.54832077026367
169,1024,0.005,32,CONTROL,,55809,,,108.487625,,,,,,,,,,,,,,,,,,,,,,,,,,
170,1024,0.005,32,GMC,1318688.0,483297,0.46876147,142.93333,95.56968,1215.586181640625,3274.191162109375,2728.071533203125,3575.754150390625,1302.844482421875,210.43276977539065,478.59033203125,439.33404541015625,404.0483093261719,446.6827697753906,527.878173828125,366.98529052734375,159.77310180664062,102.93697357177734,123.5735321044922,91.12605285644533,41.052520751953125,43.0399169921875,39.99580001831055,22.40336227416992,45.75840377807617,22.10714340209961,4.460083961486816,4.890756130218506,11.485294342041016,0.7352941036224365
171,1024,0.005,32,ICEH,473121.0,499809,0.32508606,76.49067,110.69603,16086.587890625,7958.81494140625,315.6890869140625,172.52101135253906,46.57352828979492,97.9979019165039,188.1470642089844,137.43276977539062,115.35504150390624,121.84033966064452,322.1827697753906,303.19537353515625,137.8634490966797,92.02731323242188,105.90335845947266,82.84243774414062,41.563026428222656,43.42226791381836,40.10714340209961,22.52310943603516,43.64495849609375,21.0105037689209,4.308823585510254,4.642857074737549,11.214285850524902,0.7584033608436584
172,1024,0.005,32,MCN,32384.0,55809,0.20902202,99.7,45.77568,4700.029296875,2044.79833984375,1971.7962646484373,943.86767578125,46.57352828979492,2463.857177734375,337.4516906738281,514.6092529296875,462.3592529296875,350.84454345703125,684.5147094726562,708.0504150390625,193.6722717285156,106.43067169189452,119.1302490234375,79.42436981201172,72.2479019165039,46.20167922973633,38.83193206787109,20.29831886291504,41.86344528198242,22.34663772583008,4.457983016967773,11.193277359008787,26.63445472717285,0.7626050710678101
173,1024,0.005,32,SCARF,56832.0,55809,0.31357187,113.554665,78.016525,,,,,,,,,,,,,,,,,,,,,,,,,,
174,1024,0.005,32,SUBTAB,40448.0,55809,0.23278365,85.344,80.130165,,,,,,,,,,,,,,,,,,,,,,,,,,
175,1024,0.005,64,CLIP,111489.0,218113,0.30523735,81.94583,67.62038,1496.483154296875,199.37815856933597,94.73949432373048,82.420166015625,13.95588207244873,2428.588134765625,3492.109130859375,3194.239501953125,5858.25439453125,10213.947265625,10240.7314453125,6253.40771484375,1758.88232421875,1044.1954345703125,2323.592529296875,3901.703857421875,1528.281494140625,111.15756225585938,3168.92236328125,1388.4432373046875,3845.00634765625,1992.8529052734373,951.2037963867188,805.558837890625,180.39285278320312,2.642857074737549
176,1024,0.005,64,CONTROL,,218113,,,51.22437,,,,,,,,,,,,,,,,,,,,,,,,,,
177,1024,0.005,64,GMC,1322816.0,567361,0.41680932,129.31467,94.564316,1326.32568359375,2859.932861328125,2060.025146484375,2987.539794921875,1432.8004150390625,209.6680603027344,484.6995849609375,432.5021057128906,407.0525207519531,442.010498046875,520.0777587890625,366.97900390625,159.42227172851562,102.93907928466795,122.25,91.01680755615234,41.17436981201172,43.03781509399414,40.04621887207031,22.18067169189453,46.01050567626953,22.23109245300293,4.460083961486816,4.873949527740479,11.39915943145752,0.8172268867492676
178,1024,0.005,64,ICEH,477249.0,583873,0.39422283,159.62994,145.39352,4436.17236328125,7890.2099609375,189.9411773681641,7588.13671875,929.329833984375,99.10713958740234,135.60714721679688,369.5378112792969,526.5399169921875,113.98319244384766,131.81932067871094,198.8508453369141,139.4264678955078,95.84033966064452,95.61134338378906,80.51680755615234,38.44537734985352,39.88445281982422,37.01680755615234,21.628150939941406,46.10924530029297,22.390756607055664,4.092436790466309,4.909663677215576,10.703781127929688,0.6722689270973206
179,1024,0.005,64,MCN,118016.0,218113,0.18385929,106.21481,69.86712,1412.2625732421875,1286.6470947265625,647.6050415039062,554.6869506835938,51.69117736816406,543.9768676757812,331.2689208984375,875.9852905273438,435.77099609375,467.69537353515625,639.5756225585938,285.52099609375,332.7205810546875,95.77310943603516,61.79411697387695,67.60713958740234,46.66596603393555,103.07563018798828,36.58823394775391,41.436973571777344,29.426469802856445,17.004201889038086,9.142857551574709,14.296218872070312,16.321428298950195,3.581932783126831
180,1024,0.005,64,SCARF,222208.0,218113,0.33187804,85.39167,53.013596,,,,,,,,,,,,,,,,,,,,,,,,,,
181,1024,0.005,64,SUBTAB,156672.0,218113,0.22432174,65.71667,37.997936,,,,,,,,,,,,,,,,,,,,,,,,,,
182,1024,0.005,128,CLIP,435969.0,862209,0.20904966,69.022224,52.85187,1696.344482421875,239.46218872070312,93.2436981201172,96.15756225585938,147.95167541503906,3268.92431640625,6990.03564453125,5855.13232421875,6892.32568359375,8546.6826171875,10321.19921875,7158.7080078125,1953.245849609375,1216.1343994140625,1691.5924072265625,1310.947509765625,712.3046264648438,119.40966033935548,1538.0567626953125,144.829833984375,203.2667999267578,206.51890563964844,99.88235473632812,82.5399169921875,93.40126037597656,3.978991508483887
183,1024,0.005,128,CONTROL,,862209,,,70.14167,,,,,,,,,,,,,,,,,,,,,,,,,,
184,1024,0.005,128,GMC,1331072.0,895233,0.50353634,256.23126,55.50552,1352.3277587890625,2766.5693359375,2484.203857421875,3389.96435546875,1296.0,188.58824157714844,477.46429443359375,440.6533508300781,402.2478942871094,431.9516906738281,552.010498046875,367.1365661621094,159.7205810546875,101.68276977539062,121.20378112792967,90.17857360839844,40.19117736816406,42.43277359008789,39.85924530029297,22.058822631835938,45.28571319580078,21.83613395690918,4.367647171020508,4.970588207244873,11.157563209533691,0.8739495873451233
185,1024,0.005,128,ICEH,485505.0,911745,0.290982,87.62666,51.844177,16277.2353515625,7890.2099609375,6157.3193359375,208.0167999267578,107.2983169555664,147.05252075195312,344.2583923339844,191.329833984375,261.5777282714844,826.7142944335938,733.3256225585938,69.40756225585938,134.91806030273438,94.42857360839844,114.36134338378906,87.92646789550781,39.94958114624024,42.25630187988281,37.77521133422852,20.888654708862305,42.46848678588867,20.313024520874023,5.277310848236084,6.577731132507324,10.71218490600586,1.5147058963775637
186,1024,0.005,128,MCN,449024.0,862209,0.17643476,80.39259,72.709076,1822.9327392578125,732.5630493164062,315.6890869140625,208.0167999267578,46.57352828979492,211.22268676757807,336.15545654296875,535.9285888671875,348.6218566894531,424.8592529296875,404.239501953125,686.9432983398438,151.3004150390625,105.89075469970705,125.92227172851562,86.4180679321289,41.563026428222656,43.659664154052734,38.6008415222168,22.52310943603516,46.14075469970703,21.668067932128903,4.462184906005859,4.743697643280029,11.445378303527832,0.7584033608436584
187,1024,0.005,128,SCARF,878592.0,862209,0.30489075,139.9926,61.19983,,,,,,,,,,,,,,,,,,,,,,,,,,
188,1024,0.005,128,SUBTAB,616448.0,862209,0.24551521,67.683334,78.96935,,,,,,,,,,,,,,,,,,,,,,,,,,
189,1024,0.007,32,CLIP,29121.0,55809,0.22892044,102.614815,79.42368,1115.537841796875,262.7416076660156,117.23949432373048,136.6743621826172,11.640756607055664,803.850830078125,352.5,1425.2646484375,3235.28369140625,6425.8466796875,5752.55859375,5811.04833984375,1982.7752685546875,2340.861328125,744.9138793945312,514.308837890625,228.72268676757807,1618.5567626953125,3487.2080078125,189.3529357910156,1197.3004150390625,157.0462188720703,75.17227172851562,9.073529243469238,32.262603759765625,0.7899159789085388
190,1024,0.007,32,CONTROL,,55809,,,67.960556,,,,,,,,,,,,,,,,,,,,,,,,,,
191,1024,0.007,32,GMC,1318688.0,483297,0.5809269,229.1111,63.310352,7274.54638671875,2187.428466796875,1812.9117431640625,1586.405517578125,889.2520751953125,207.68276977539065,547.9915771484375,512.638671875,482.8613586425781,509.8865661621094,563.4832153320312,371.5083923339844,160.2058868408203,101.35713958740234,121.1218490600586,89.56092071533203,40.20588302612305,43.21218490600586,39.47058868408203,22.327730178833008,45.707984924316406,22.40126037597656,7.483193397521973,5.943277359008789,12.035714149475098,15.306722640991213
192,1024,0.007,32,ICEH,473121.0,499809,0.3546153,73.58933,143.4538,14163.4912109375,732.5630493164062,315.6890869140625,8371.6298828125,3245.10302734375,141.29202270507812,287.1281433105469,263.88446044921875,248.329833984375,254.06512451171875,243.0063018798828,335.2521057128906,159.59454345703125,100.57563018798828,119.93487548828124,89.52101135253906,39.80882263183594,42.0609245300293,38.85504150390625,21.714284896850582,44.58403396606445,26.090335845947266,5.279411792755127,7.472689151763916,15.573529243469238,6.989495754241943
193,1024,0.007,32,MCN,32384.0,55809,0.19497974,82.61667,86.671875,6260.85498046875,1338.2100830078125,695.308837890625,467.670166015625,87.27101135253906,789.2058715820312,744.0020751953125,374.4180603027344,1999.537841796875,2569.32763671875,422.9768981933594,458.8571472167969,158.27310180664062,621.1953735351562,167.85084533691406,280.0126037597656,71.75420379638672,59.89706039428711,172.39915466308594,29.59453773498535,76.17646789550781,64.22689056396484,80.17227172851562,59.83823394775391,12.808823585510254,2.0483193397521973
194,1024,0.007,32,SCARF,56832.0,55809,0.29190168,101.05,105.83423,,,,,,,,,,,,,,,,,,,,,,,,,,
195,1024,0.007,32,SUBTAB,40448.0,55809,0.34001726,74.225,59.720665,,,,,,,,,,,,,,,,,,,,,,,,,,
196,1024,0.007,64,CLIP,111489.0,218113,0.17175765,86.84167,37.84057,2377.333984375,414.1512756347656,82.99579620361328,72.91386413574219,15.823529243469238,7355.43505859375,8365.4814453125,7347.0693359375,9611.7392578125,11132.4453125,10321.19921875,7229.833984375,2417.044189453125,795.7352905273438,347.58404541015625,805.4075927734375,321.41387939453125,142.01470947265625,869.808837890625,252.30252075195312,229.5735321044922,163.27310180664062,872.3529663085938,736.0693359375,324.0294189453125,2.9012606143951416
197,1024,0.007,64,CONTROL,,218113,,,320.35538,,,,,,,,,,,,,,,,,,,,,,,,,,
198,1024,0.007,64,GMC,1322816.0,567361,0.5616334,196.49814,316.68265,6399.111328125,2831.073486328125,1440.7205810546875,1582.6029052734375,1205.718505859375,195.85504150390625,498.84033203125,494.058837890625,423.9957885742188,512.5714111328125,561.0840454101562,748.371826171875,157.08193969726562,100.5819320678711,119.98739624023438,89.9600830078125,40.737396240234375,42.936973571777344,39.66596603393555,22.19327735900879,45.2689094543457,22.0,4.493697643280029,4.89915943145752,11.28781509399414,0.7962185144424438
199,1024,0.007,64,ICEH,477249.0,583873,0.49623963,158.51466,125.16853,4008.1953125,7890.2099609375,4890.416015625,7540.71435546875,46.57352828979492,24.9894962310791,563.5861206054688,556.7836303710938,52.45588302612305,104.1281509399414,50.668067932128906,175.5063018798828,113.5882339477539,83.33613586425781,102.84873962402344,76.61764526367188,41.563026428222656,43.659664154052734,40.10714340209961,21.310924530029297,43.25210189819336,20.189075469970703,3.852941274642944,3.3487393856048584,3.863445281982422,0.4306722581386566
200,1024,0.007,64,MCN,118016.0,218113,0.33045733,134.48334,78.93686,7250.8466796875,1403.3193359375,549.4558715820312,338.5420227050781,34.14495849609375,294.8529357910156,368.8781433105469,465.8235168457031,542.0231323242188,476.149169921875,439.4075622558594,341.5567321777344,138.010498046875,86.94538116455078,490.7962036132813,94.25,230.76890563964844,43.050418853759766,87.64286041259766,96.86554718017578,154.38865661621094,14.901260375976562,21.11554527282715,4.004201889038086,9.48109245300293,4.46848726272583
201,1024,0.007,64,SCARF,222208.0,218113,0.3140277,116.13333,64.432335,,,,,,,,,,,,,,,,,,,,,,,,,,
202,1024,0.007,64,SUBTAB,156672.0,218113,0.2896091,97.0,39.888325,,,,,,,,,,,,,,,,,,,,,,,,,,
203,1024,0.007,128,CLIP,435969.0,862209,0.24087517,86.68889,62.518158,2465.226806640625,725.9180908203125,68.9916000366211,48.18067169189453,206.40126037597656,7851.751953125,9479.60546875,7353.86962890625,10037.28125,11959.2646484375,10321.19921875,6239.57568359375,1845.3277587890625,548.0840454101562,1825.962158203125,783.6890869140625,509.9558715820313,289.4684753417969,966.1995849609376,346.25,710.3949584960938,132.93907165527344,127.3361358642578,514.86767578125,151.51890563964844,4.569327831268311
204,1024,0.007,128,CONTROL,,862209,,,107.20563,,,,,,,,,,,,,,,,,,,,,,,,,,
205,1024,0.007,128,GMC,1331072.0,895233,0.5444743,234.852,83.07277,1148.5609130859375,2846.82568359375,2525.9033203125,3610.550537109375,1527.3172607421875,189.86764526367188,475.12396240234375,436.9243774414063,408.2815246582031,442.0168151855469,551.4328002929688,364.5335998535156,158.86764526367188,100.90756225585938,120.43697357177734,89.89916229248047,40.08403396606445,42.51050567626953,39.707984924316406,21.966386795043945,45.0609245300293,21.821428298950195,4.380251884460449,4.918067455291748,11.23109245300293,0.947479009628296
206,1024,0.007,128,ICEH,485505.0,911745,0.62924063,137.98933,730.32086,17747.65625,1279.9642333984375,6437.916015625,2053.539794921875,1002.0062866210938,74.54412078857422,157.75,65.11134338378906,79.06723022460938,147.89076232910156,59.09663772583008,265.22479248046875,130.6239471435547,88.63655090332031,109.75,85.0819320678711,40.28361511230469,41.90126037597656,38.60924530029297,22.22268867492676,42.50419998168945,20.34873962402344,4.504201889038086,5.165966510772705,11.348739624023438,1.4096639156341553
207,1024,0.007,128,MCN,449024.0,862209,0.35882145,129.06667,68.885284,3140.25634765625,579.8655395507812,616.3025512695312,493.2164001464844,126.9936981201172,969.871826171875,341.9033508300781,1399.0419921875,388.87603759765625,1009.3340454101562,420.3802490234375,585.8214111328125,127.31302642822266,85.46428680419922,138.64915466308594,51.62604904174805,65.82353210449219,35.11134338378906,58.2920150756836,31.25,42.89075469970703,18.98109245300293,26.97268867492676,15.720588684082031,17.363445281982422,8.848739624023438
208,1024,0.007,128,SCARF,878592.0,862209,0.3330816,115.94583,105.00736,,,,,,,,,,,,,,,,,,,,,,,,,,
209,1024,0.007,128,SUBTAB,616448.0,862209,0.4168397,85.01667,88.89958,,,,,,,,,,,,,,,,,,,,,,,,,,
210,1024,0.01,32,CLIP,29121.0,55809,0.22920687,98.629166,46.39945,987.2752075195312,206.55252075195312,454.5966491699219,181.56512451171875,24.329832077026367,1632.781494140625,2253.323486328125,4186.55859375,5318.53173828125,511.7962036132813,8825.14453125,3710.1259765625,819.0840454101562,1462.67431640625,1978.833984375,1547.07568359375,454.6197509765625,175.9558868408203,389.3151245117188,845.9580078125,1433.371826171875,1820.6260986328125,88.06723022460938,322.8865661621094,97.06723022460938,8.951681137084961
211,1024,0.01,32,CONTROL,,55809,,,67.06426,,,,,,,,,,,,,,,,,,,,,,,,,,
212,1024,0.01,32,GMC,1318688.0,483297,0.529651,493.3074,119.51632,1838.0252685546875,2966.93896484375,2218.029296875,2956.97900390625,1080.8067626953125,202.2626037597656,511.2310791015625,503.239501953125,420.0315246582031,468.2689208984375,525.75,359.9579772949219,160.69747924804688,102.63655090332033,121.63865661621094,89.96849060058594,41.01470565795898,43.01680755615234,39.44958114624024,21.922269821166992,44.63445281982422,21.460084915161133,4.434874057769775,4.962184906005859,11.527311325073242,1.4033613204956057
213,1024,0.01,32,ICEH,473121.0,499809,0.40017167,541.15,323.87946,6233.2353515625,7890.2099609375,221.9264678955078,208.0167999267578,46.57352828979492,30.621849060058597,124.93487548828124,72.47898864746094,77.579833984375,332.7899169921875,48.02310943603516,49.07773208618164,115.56512451171876,90.09664154052734,110.9180679321289,85.9621810913086,40.050418853759766,41.59033584594727,38.25630187988281,20.90546226501465,43.920169830322266,20.964284896850582,4.092436790466309,4.506302356719971,10.626049995422363,0.8718487620353699
214,1024,0.01,32,MCN,32384.0,55809,0.19229744,104.792595,108.36111,4339.03564453125,1583.3529052734375,639.0147094726562,708.1638793945312,105.6218490600586,534.5272827148438,498.9873962402344,1931.9012451171875,1488.934814453125,646.9474487304688,1134.712158203125,1160.920166015625,104.05042266845705,115.21638488769533,125.9264678955078,121.63445281982422,104.69117736816406,256.8823547363281,72.579833984375,24.08613395690918,120.82772827148438,56.31932830810547,41.9390754699707,14.571428298950195,7.638655662536621,2.19957971572876
215,1024,0.01,32,SCARF,56832.0,55809,0.26882166,103.58933,63.948483,,,,,,,,,,,,,,,,,,,,,,,,,,
216,1024,0.01,32,SUBTAB,40448.0,55809,0.29507026,109.87407,64.684135,,,,,,,,,,,,,,,,,,,,,,,,,,
217,1024,0.01,64,CLIP,111489.0,218113,0.27743986,87.57333,44.323864,2688.15966796875,691.6806640625,145.69537353515625,199.34033203125,34.632354736328125,8673.806640625,9479.60546875,7424.4873046875,10060.556640625,11988.6767578125,10241.6494140625,6540.36962890625,613.1365356445312,57.10504150390625,1204.308837890625,1029.0545654296875,749.6974487304688,287.79412841796875,621.4915771484375,252.77731323242188,966.9495849609376,18.15126037597656,16.880252838134766,46.983192443847656,82.73739624023438,1.983193278312683
218,1024,0.01,64,CONTROL,,218113,,,73.72554,,,,,,,,,,,,,,,,,,,,,,,,,,
219,1024,0.01,64,GMC,1322816.0,567361,0.53168845,196.678,110.645706,1216.962158203125,2965.99169921875,2515.8466796875,3353.72265625,1239.5966796875,189.7332000732422,481.1092529296875,436.8277282714844,399.441162109375,452.8067321777344,550.79833984375,365.5945434570313,159.08193969726562,101.69538116455078,121.01890563964844,90.21428680419922,40.19537734985352,42.44117736816406,39.61344528198242,21.831932067871094,44.957984924316406,21.84663772583008,4.3781514167785645,4.941176414489746,11.14915943145752,0.9159663915634156
220,1024,0.01,64,ICEH,477249.0,583873,0.40910074,569.8018,289.33536,13123.115234375,1749.052490234375,315.6890869140625,5916.53173828125,41.21218490600586,42.77310943603516,135.35084533691406,79.34873962402344,111.329833984375,121.51680755615234,18.718486785888672,58.67647171020508,32.83613586425781,26.39705848693848,72.48319244384766,83.30042266845703,41.563026428222656,43.659664154052734,38.09033584594727,22.52310943603516,46.14075469970703,22.245798110961918,4.317226886749268,4.493697643280029,9.485294342041016,0.9432772994041444
221,1024,0.01,64,MCN,118016.0,218113,0.18886478,97.925,74.69435,1288.45166015625,1404.1932373046875,651.0441284179688,526.3466186523438,319.0273132324219,339.6365661621094,713.6302490234375,1146.3970947265625,346.1764831542969,530.2520751953125,517.5084228515625,323.9390869140625,202.7899169921875,143.2332000732422,204.7205810546875,54.03151321411133,157.0,77.87394714355469,48.81932830810547,14.41806697845459,26.707983016967773,27.554622650146484,26.810924530029297,5.462184906005859,5.069327831268311,2.447479009628296
222,1024,0.01,64,SCARF,222208.0,218113,0.29356277,97.31111,117.24125,,,,,,,,,,,,,,,,,,,,,,,,,,
223,1024,0.01,64,SUBTAB,156672.0,218113,0.25190583,84.9,93.074615,,,,,,,,,,,,,,,,,,,,,,,,,,
224,1024,0.01,128,CLIP,435969.0,862209,0.25625545,91.25833,72.286385,1729.3045654296875,349.5987243652344,114.4600830078125,95.43907928466795,352.6575622558594,5028.3466796875,7851.08837890625,6279.8173828125,8527.4052734375,10281.5693359375,8489.7060546875,3764.49365234375,1333.434814453125,853.4600830078125,2014.4033203125,1748.1617431640625,577.7689208984375,288.6533508300781,771.97900390625,148.63446044921875,327.8256225585937,174.2563018798828,88.29412078857422,108.14916229248048,115.06092071533205,1.7478991746902466
225,1024,0.01,128,CONTROL,,862209,,,72.9803,,,,,,,,,,,,,,,,,,,,,,,,,,
226,1024,0.01,128,GMC,1331072.0,895233,0.46590585,810.16766,192.1997,10168.03125,2616.09033203125,2437.916015625,1419.97900390625,1014.9264526367188,197.97479248046875,492.4705810546875,466.0735168457031,460.2899169921875,473.4306640625,533.3949584960938,366.89495849609375,156.7205810546875,102.71428680419922,121.44957733154295,89.84873962402344,42.880252838134766,42.1890754699707,39.10924530029297,22.14495849609375,45.56512451171875,22.3004207611084,4.691176414489746,5.359243869781494,11.197479248046877,3.094537734985352
227,1024,0.01,128,ICEH,485505.0,911745,0.44751433,464.576,1054.7598,1855.36767578125,7890.2099609375,315.6890869140625,170.89285278320312,46.57352828979492,143.06301879882812,97.01890563964844,34.920169830322266,27.834033966064453,435.0714416503906,214.70797729492188,238.38446044921875,143.1365509033203,94.94747924804688,107.59453582763672,82.15335845947266,36.95378112792969,35.63865661621094,35.24159622192383,18.447479248046875,40.159664154052734,19.766807556152344,3.865546226501465,4.115546226501465,9.897058486938477,0.5798319578170776
228,1024,0.01,128,MCN,449024.0,862209,0.18783118,100.933334,239.05907,2082.25830078125,1318.5462646484375,625.0020751953125,344.329833984375,174.51470947265625,217.8907623291016,551.7247924804688,698.7268676757812,991.9348754882812,271.77099609375,1829.531494140625,261.8214416503906,117.04412078857422,93.7121810913086,97.76680755615234,105.19117736816406,73.33403015136719,169.97479248046875,45.07983016967773,116.9621810913086,59.9810905456543,59.657562255859375,55.20588302612305,34.61344528198242,86.64916229248047,9.997899055480955
229,1024,0.01,128,SCARF,878592.0,862209,0.2961027,126.925,191.81084,,,,,,,,,,,,,,,,,,,,,,,,,,
230,1024,0.01,128,SUBTAB,616448.0,862209,0.26689208,50.97037,106.024,,,,,,,,,,,,,,,,,,,,,,,,,,
