,batch_size,learning_rate,latent_dim,model_type,embedder_params,predictor_params,kmeans_perf,knn_perf,predictor_perf,fLength:,fWidth:,fSize:,fConc:,fConc1:,fAsym:,fM3Long:,fM3Trans:,fAlpha:,fDist:
0,1024,0.0001,32,CLIP,11201.0,21538,0.41601256,0.760977931302605,0.7901462830432772,25212.279296875,192.4007568359375,0.6692766547203064,0.0122641958296298,0.0027399170212447,56426.97265625,25687.28125,10406.7373046875,2033.0028076171875,32311.33203125
1,1024,0.0001,32,CONTROL,,21538,,,0.7856842815551985,,,,,,,,,,
2,1024,0.0001,32,GMC,519968.0,198658,0.65877664,0.7789019052321827,0.8328793874299809,781.8788452148438,249.3548889160156,0.0735508725047111,0.0087593486532568,0.0037921720650047,4559.75634765625,3370.462646484375,703.04150390625,916.0626831054688,21296.224609375
3,1024,0.0001,32,ICEH,204833.0,215170,0.6276643,0.7856708754415639,0.7991820036330568,341.5651550292969,150.25416564941406,0.0566998608410358,0.0052986443042755,0.0031738514080643,26119.607421875,6271.78955078125,2910.23388671875,1015.490234375,37809.703125
4,1024,0.0001,32,MCN,14464.0,21538,0.4224125,0.7647573381714508,0.7931626586110819,2372.466796875,381.1447448730469,3.313771247863769,0.117120511829853,0.0489005558192729,3810.12255859375,3121.553466796875,4353.10986328125,1431.104736328125,37277.953125
5,1024,0.0001,32,SCARF,22528.0,21538,0.5948165,0.7520986153718967,0.7842431243394696,,,,,,,,,,
6,1024,0.0001,32,SUBTAB,15360.0,21538,0.44382623,0.7678273381937943,0.7788929678230929,,,,,,,,,,
7,1024,0.0001,64,CLIP,42881.0,84034,0.39325982,0.7632938374329974,0.799168597519422,17119.400390625,347.8659362792969,0.0364542752504348,0.0021760996896773,0.001110621728003,28916.056640625,16571.806640625,7570.57958984375,1186.032470703125,28200.2734375
8,1024,0.0001,64,CONTROL,,84034,,,0.7968929097299338,,,,,,,,,,
9,1024,0.0001,64,GMC,524096.0,233602,0.64494866,0.7796872800559482,0.8335575133446689,862.4076538085938,274.34100341796875,0.0795333310961723,0.0092273028567433,0.0039646103978157,4280.79052734375,3809.61376953125,875.7075805664062,902.6417236328124,19143.07421875
10,1024,0.0001,64,ICEH,208961.0,250114,0.66138834,0.7782639976583988,0.8313220438960847,533.4075927734375,122.49018096923828,0.1012809351086616,0.005848582368344,0.003555936506018,32666.4140625,6261.22509765625,2833.9765625,928.1041259765624,25035.59375
11,1024,0.0001,64,MCN,49408.0,84034,0.42469403,0.7654399327906837,0.7947334082586128,2224.527099609375,332.7054443359375,2.506659030914306,0.1540289968252182,0.0472455359995365,4380.13037109375,2908.592041015625,576.6193237304688,1332.149658203125,39320.37109375
12,1024,0.0001,64,SCARF,88064.0,84034,0.56863916,0.76398536946132,0.7976782845536993,,,,,,,,,,
13,1024,0.0001,64,SUBTAB,59392.0,84034,0.31223276,0.7654846198361326,0.793247563997435,,,,,,,,,,
14,1024,0.0001,128,CLIP,167681.0,331906,0.42267114,0.7623654640637952,0.8021268799281432,1007.0844116210938,150.1366729736328,0.041651964187622,0.0012836809037253,0.001010826206766,22397.921875,9759.1513671875,5337.40576171875,1206.4781494140625,27850.96484375
15,1024,0.0001,128,CONTROL,,331906,,,0.7931939395428962,,,,,,,,,,
16,1024,0.0001,128,GMC,532352.0,364930,0.6773431,0.772199965590975,0.8484919239337112,796.5108032226562,295.2193603515625,0.0845128893852233,0.009787299670279,0.0041065863333642,3838.121826171875,4189.50341796875,715.1296997070312,958.4864501953124,25518.763671875
17,1024,0.0001,128,ICEH,217217.0,381442,0.59891474,0.7827796236010163,0.8298361996349068,399.4891052246094,78.4015884399414,0.1133539751172065,0.0062084281817078,0.0027123207692056,27222.1015625,4970.36328125,3187.847412109375,1239.128173828125,26485.267578125
18,1024,0.0001,128,MCN,180736.0,331906,0.41172287,0.7677424328074413,0.7879376258219624,3224.21826171875,1514.4921875,0.5052861571311951,0.1533509790897369,0.0489005558192729,3787.992919921875,2930.2353515625,578.9614868164062,2728.964599609375,50916.12890625
19,1024,0.0001,128,SCARF,348160.0,331906,0.58257794,0.7609689938935152,0.7977631899400524,,,,,,,,,,
20,1024,0.0001,128,SUBTAB,233472.0,331906,0.40762916,0.761870555035448,0.790958470094312,,,,,,,,,,
21,1024,0.0002,32,CLIP,11201.0,21538,0.43543467,0.7662878694780777,0.802180504382682,16508.296875,2989.887939453125,0.0436037071049213,0.0027412690687924,0.0010466682724654,41625.359375,12363.5224609375,5537.4130859375,1938.5941162109373,30953.884765625
22,1024,0.0002,32,CONTROL,,21538,,,0.7932341578838003,,,,,,,,,,
23,1024,0.0002,32,GMC,519968.0,198658,0.6619475,0.7773847800391905,0.8350925133558407,723.399658203125,186.2027282714844,0.0659959912300109,0.0074635995551943,0.0033134487457573,4797.3291015625,4068.380859375,734.0335693359375,945.5792236328124,7916.1416015625
24,1024,0.0002,32,ICEH,204833.0,215170,0.6131711,0.7984055662183811,0.8380776079918313,382.4128112792969,57.287899017333984,0.0661677345633506,0.0085970601066946,0.0059092561714351,17060.849609375,5269.892578125,2351.2509765625,966.1751708984376,25813.134765625
25,1024,0.0002,32,MCN,14464.0,21538,0.4588238,0.780499467106983,0.7969063158435685,3375.624267578125,733.8953247070312,1.256880283355713,0.1535898447036743,0.0282380077987909,23088.6171875,2953.3466796875,570.1932983398438,2304.25244140625,36424.2109375
26,1024,0.0002,32,SCARF,22528.0,21538,0.58298326,0.7661716831599104,0.7984457845592852,,,,,,,,,,
27,1024,0.0002,32,SUBTAB,15360.0,21538,0.464287,0.7663459626371614,0.7909629387988568,,,,,,,,,,
28,1024,0.0002,64,CLIP,42881.0,84034,0.37271395,0.7751090922497023,0.8074904425581546,1259.4005126953125,140.30311584472656,0.0420244373381137,0.0016751333605498,0.0008361568325199,26957.630859375,9853.513671875,6171.28173828125,1834.1026611328125,29129.70703125
29,1024,0.0002,64,CONTROL,,84034,,,0.7932520327019799,,,,,,,,,,
30,1024,0.0002,64,GMC,524096.0,233602,0.63316494,0.7654667450179531,0.8253473859195588,612.678466796875,208.797119140625,0.0695521757006645,0.0085420459508895,0.0035968490410596,4287.71630859375,3945.733642578125,656.5563354492188,889.4826049804688,5840.0458984375
31,1024,0.0002,64,ICEH,208961.0,250114,0.49970138,0.7901730952705466,0.839567920957554,303.3564453125,58.21677780151367,0.0704707130789756,0.0052947802469134,0.0027551939710974,11575.021484375,5716.109375,2021.0836181640625,783.72998046875,29312.63671875
32,1024,0.0002,64,MCN,49408.0,84034,0.43059546,0.7677424328074413,0.7887051258275481,1873.62158203125,374.2208862304688,1.934223771095276,0.1232222765684127,0.0489005558192729,3481.58154296875,3053.94482421875,558.254150390625,1340.7579345703125,25840.341796875
33,1024,0.0002,64,SCARF,88064.0,84034,0.5930663,0.7447006749978216,0.7895664686285769,,,,,,,,,,
34,1024,0.0002,64,SUBTAB,59392.0,84034,0.4236667,0.769366806909511,0.8074591616263402,,,,,,,,,,
35,1024,0.0002,128,CLIP,167681.0,331906,0.35375398,0.7610270870525989,0.8059599112515277,822.906005859375,61.32569885253906,0.03870864585042,0.0011565376771613,0.00064017099794,26561.904296875,6378.62744140625,1969.31884765625,1151.401123046875,25845.93359375
36,1024,0.0002,128,CONTROL,,331906,,,0.7895575312194871,,,,,,,,,,
37,1024,0.0002,128,GMC,532352.0,364930,0.67938834,0.7691031533413621,0.8492102681893032,949.6820068359376,252.6604766845703,0.0799911245703697,0.0089815547689795,0.0039316560141742,3716.345458984375,3892.03662109375,850.919677734375,926.9619750976562,14223.041015625
38,1024,0.0002,128,ICEH,217217.0,381442,0.6082132,0.7784204023174701,0.8387780774292437,616.9998779296875,67.5513916015625,0.1575860381126403,0.0053301472216844,0.0028868895024061,23265.75,5038.033203125,3832.455078125,924.8877563476562,21451.333984375
39,1024,0.0002,128,MCN,180736.0,331906,0.43647116,0.7669704640973105,0.7902401258387199,4215.1875,732.0629272460938,2.772326946258545,0.1016999259591102,0.0315485410392284,3731.5126953125,2863.351318359375,590.6113891601562,1447.06982421875,39218.2734375
40,1024,0.0002,128,SCARF,348160.0,331906,0.5657072,0.7700583389378337,0.8021849730872269,,,,,,,,,,
41,1024,0.0002,128,SUBTAB,233472.0,331906,0.3136636,0.7587826801949249,0.7909942197306712,,,,,,,,,,
42,1024,0.0003,32,CLIP,11201.0,21538,0.35195655,0.7670196198473044,0.8006320982578755,6171.79931640625,289.6405334472656,0.0478934757411479,0.0021998283918946,0.0010450503323227,37848.921875,18291.365234375,9011.4267578125,1787.4984130859375,28347.337890625
43,1024,0.0003,32,CONTROL,,21538,,,0.7984234410365607,,,,,,,,,,
44,1024,0.0003,32,GMC,519968.0,198658,0.67285603,0.7736947472612428,0.833553044640124,727.84912109375,212.82041931152344,0.0597851984202861,0.0076977736316621,0.003299944801256,4589.8125,3784.40673828125,916.9474487304688,931.767333984375,12021.9375
45,1024,0.0003,32,ICEH,204833.0,215170,0.6362265,0.7765859991017904,0.8267751370216532,220.42361450195312,77.54509735107422,0.0635459572076797,0.0112581234425306,0.0030787489376962,19982.28515625,4673.5263671875,955.7823486328124,1001.1761474609376,13979.1240234375
46,1024,0.0003,32,MCN,14464.0,21538,0.40311897,0.7634055550466198,0.7969018471390237,3479.7138671875,470.24322509765625,0.8446131348609924,0.1345263868570327,0.0470739305019378,3760.705322265625,3831.154541015625,581.1024780273438,3408.06884765625,45189.5546875
47,1024,0.0003,32,SCARF,22528.0,21538,0.6028179,0.7669257770518616,0.8006633791896898,,,,,,,,,,
48,1024,0.0003,32,SUBTAB,15360.0,21538,0.47282872,0.7610047435298744,0.7871522509981969,,,,,,,,,,
49,1024,0.0003,64,CLIP,42881.0,84034,0.36271214,0.7683714029721354,0.8007706280987673,886.8262329101562,120.3632583618164,0.0537080205976963,0.0012343005510047,0.0006547402008436,25331.794921875,8406.2783203125,5084.48486328125,1477.42333984375,27535.828125
50,1024,0.0003,64,CONTROL,,84034,,,0.7932520327019799,,,,,,,,,,
51,1024,0.0003,64,GMC,524096.0,233602,0.67907816,0.7631999946375545,0.8364934522306656,570.0011596679688,220.31558227539065,0.0597441345453262,0.0070716924965381,0.0031968257389962,5303.24658203125,3318.9384765625,909.4313354492188,886.7978515625,8271.9462890625
52,1024,0.0003,64,ICEH,208961.0,250114,0.6449323,0.7947110647358884,0.8403086087358705,569.761962890625,54.40464401245117,0.1388192325830459,0.0085423961281776,0.0038507075514644,22269.494140625,6183.150390625,1631.1453857421875,1121.5185546875,16676.70703125
53,1024,0.0003,64,MCN,49408.0,84034,0.4406258,0.7736902785566978,0.7932252204747106,3785.560546875,413.2167053222656,1.69959819316864,0.1540289968252182,0.0489005558192729,3868.078125,4067.308837890625,559.2415771484375,1414.222900390625,39306.53125
54,1024,0.0003,64,SCARF,88064.0,84034,0.59623164,0.7588720542858227,0.7954562212187498,,,,,,,,,,
55,1024,0.0003,64,SUBTAB,59392.0,84034,0.3999132,0.7661940266826348,0.7864830624925987,,,,,,,,,,
56,1024,0.0003,128,CLIP,167681.0,331906,0.37379655,0.7750733426133432,0.8358332011341572,791.3991088867188,93.96952056884766,0.0378125421702861,0.0011763580841943,0.0007126526325009,25852.890625,5972.650390625,2065.11328125,1087.794677734375,23996.8203125
57,1024,0.0003,128,CONTROL,,331906,,,0.7947468143722476,,,,,,,,,,
58,1024,0.0003,128,GMC,532352.0,364930,0.66260123,0.7654712137224979,0.8573712398644195,797.9240112304688,237.4183349609375,0.0770376250147819,0.008919833227992,0.0037706790026277,4036.77197265625,3055.886962890625,879.7122802734375,934.2967529296876,12320.19140625
59,1024,0.0003,128,ICEH,217217.0,381442,0.6386189,0.7886872510093687,0.8410716400369115,589.6876220703125,212.6483612060547,0.1884653866291046,0.0054889381863176,0.0022563631646335,15812.0380859375,5786.78125,3049.047607421875,888.9846801757812,14362.265625
60,1024,0.0003,128,MCN,180736.0,331906,0.42196476,0.764708182421457,0.7961120036107132,2795.840576171875,439.7391662597656,1.9050390720367432,0.1478359997272491,0.044903352856636,3834.649658203125,2856.7646484375,575.4881591796875,1477.20556640625,33511.67578125
61,1024,0.0003,128,SCARF,348160.0,331906,0.5842089,0.7602417122288334,0.794594878417721,,,,,,,,,,
62,1024,0.0003,128,SUBTAB,233472.0,331906,0.32552993,0.7699868396651153,0.8066380371662156,,,,,,,,,,
63,1024,0.0005,32,CLIP,11201.0,21538,0.32880723,0.7533520869967401,0.8193146347839493,998.7438354492188,133.20501708984375,0.0500220693647861,0.0014289116952568,0.0011855597840622,36665.59375,10371.603515625,5458.8603515625,1815.71044921875,27690.86328125
64,1024,0.0005,32,CONTROL,,21538,,,0.7887766251002666,,,,,,,,,,
65,1024,0.0005,32,GMC,519968.0,198658,0.6974671,0.7573281168655612,0.8410627026278217,567.6321411132812,214.3177490234375,0.0579247064888477,0.0068873916752636,0.002847048221156,5793.4609375,4034.86474609375,958.2440185546876,787.7286987304688,24639.630859375
66,1024,0.0005,32,ICEH,204833.0,215170,0.60444844,0.7886961884184585,0.8358287324296123,307.3904113769531,55.60261535644531,0.0858150050044059,0.0038142590783536,0.001746569876559,12546.73046875,3449.225341796875,1687.001220703125,1490.5830078125,13363.6640625
67,1024,0.0005,32,MCN,14464.0,21538,0.46140298,0.7610092122344193,0.7938988776848536,800.9905395507812,429.409423828125,3.4365575313568115,0.1540289968252182,0.0489005558192729,3807.962158203125,2960.69091796875,652.2385864257812,1802.8323974609373,43856.9921875
68,1024,0.0005,32,SCARF,22528.0,21538,0.55040914,0.757211930547394,0.790155220452367,,,,,,,,,,
69,1024,0.0005,32,SUBTAB,15360.0,21538,0.41474247,0.7729317159602017,0.7828734663964589,,,,,,,,,,
70,1024,0.0005,64,CLIP,42881.0,84034,0.37415022,0.7632849000239076,0.835752764452349,891.8214721679688,105.71129608154295,0.0483352020382881,0.0014424932887777,0.0006945794448256,28803.220703125,7852.89013671875,4284.68701171875,1370.91796875,24129.63671875
71,1024,0.0005,64,CONTROL,,84034,,,0.7834756243338837,,,,,,,,,,
72,1024,0.0005,64,GMC,524096.0,233602,0.6820426,0.7736455915112488,0.8365738889124736,499.51025390625,187.7183837890625,0.0576712600886821,0.0064231664873659,0.0027044638991355,4558.6943359375,5157.328125,772.8489990234375,829.4525146484375,9680.9541015625
73,1024,0.0005,64,ICEH,208961.0,250114,0.6734358,0.7843235610212778,0.8395142965030153,309.5939636230469,85.92356872558594,0.1199000999331474,0.0048684943467378,0.0028637261129915,12503.107421875,5878.630859375,2679.296875,1340.770263671875,16754.1015625
74,1024,0.0005,64,MCN,49408.0,84034,0.41242194,0.7534906168376319,0.8238257920220218,3403.3486328125,593.7760620117188,3.422786235809326,0.1524823158979416,0.048167485743761,3806.9521484375,2863.622314453125,583.93603515625,999.0394287109376,41075.7578125
75,1024,0.0005,64,SCARF,88064.0,84034,0.5501286,0.7498229275824084,0.7842475930440145,,,,,,,,,,
76,1024,0.0005,64,SUBTAB,59392.0,84034,0.40420693,0.756623178723604,0.7910255006624854,,,,,,,,,,
77,1024,0.0005,128,CLIP,167681.0,331906,0.42158395,0.7782103732038601,0.815642476824181,855.924560546875,92.15470886230467,0.0372493602335453,0.0011673463741317,0.0008161403820849,24883.779296875,4432.20166015625,1346.4276123046875,1318.7010498046875,21722.9296875
78,1024,0.0005,128,CONTROL,,331906,,,0.7894279387876852,,,,,,,,,,
79,1024,0.0005,128,GMC,532352.0,364930,0.7042549,0.7482745214576021,0.8268957920443654,587.0210571289062,213.31195068359372,0.058023028075695,0.0074150273576378,0.0032220848370343,6966.02685546875,4423.5146484375,934.31298828125,779.3720092773438,13979.1875
80,1024,0.0005,128,ICEH,217217.0,381442,0.6160161,0.8000433464340855,0.835079107242206,306.27691650390625,109.505126953125,0.1205271109938621,0.0043115061707794,0.0021887158509343,11965.5234375,3841.218994140625,1874.29296875,1073.038818359375,21989.029296875
81,1024,0.0005,128,MCN,180736.0,331906,0.41849452,0.76860377560847,0.8194218836930268,2314.0673828125,479.7587585449219,0.8452402949333191,0.1463125944137573,0.0487642623484134,3771.56884765625,2844.789306640625,603.5214233398438,880.4728393554688,41790.69921875
82,1024,0.0005,128,SCARF,348160.0,331906,0.5767416,0.762419088518334,0.8022341288372208,,,,,,,,,,
83,1024,0.0005,128,SUBTAB,233472.0,331906,0.419367,0.7626112428137646,0.811238568495186,,,,,,,,,,
84,1024,0.0007,32,CLIP,11201.0,21538,0.41872042,0.7662342450235389,0.8171372584944487,961.110595703125,108.56885528564452,0.0457232519984245,0.0014719601022079,0.0015629907138645,40039.25390625,11510.080078125,3595.5625,1297.897705078125,23023.203125
85,1024,0.0007,32,CONTROL,,21538,,,0.7803922181979055,,,,,,,,,,
86,1024,0.0007,32,GMC,519968.0,198658,0.669288,0.764659026671463,0.844645486496692,550.9878540039062,202.43186950683597,0.0582583360373973,0.0065124351531267,0.0028806370683014,5207.08349609375,4124.69775390625,903.0712280273438,929.0158081054688,10666.822265625
87,1024,0.0007,32,ICEH,204833.0,215170,0.62487125,0.7798347473059297,0.8469971422634435,148.49127197265625,80.92562866210938,0.1273445188999176,0.0089840954169631,0.0036572313401848,8641.556640625,3538.927490234375,1990.4088134765625,1067.802734375,8906.904296875
88,1024,0.0007,32,MCN,14464.0,21538,0.41919875,0.7648601183759833,0.7961924402925215,4210.67822265625,723.423828125,0.7365639805793762,0.0452342107892036,0.0453923679888248,3771.3701171875,2946.72216796875,574.2361450195312,1391.0543212890625,46731.55859375
89,1024,0.0007,32,SCARF,22528.0,21538,0.5858431,0.7549496488715404,0.81106875772248,,,,,,,,,,
90,1024,0.0007,32,SUBTAB,15360.0,21538,0.43406108,0.7662342450235389,0.8111357882906535,,,,,,,,,,
91,1024,0.0007,64,CLIP,42881.0,84034,0.40142205,0.7834398746975246,0.8373637324407841,863.018798828125,91.78429412841795,0.0409797057509422,0.0012739705853164,0.0005900665419176,22375.58203125,5702.296875,1862.6640625,1568.2579345703125,17812.8125
92,1024,0.0007,64,CONTROL,,84034,,,0.8104040379214268,,,,,,,,,,
93,1024,0.0007,64,GMC,524096.0,233602,0.6469018,0.7728378731647589,0.8432400789173222,601.2680053710938,165.2114715576172,0.0522915497422218,0.0058595077134668,0.0026946261059492,5060.76416015625,4079.863037109375,920.5684814453124,945.7404174804688,8436.3623046875
94,1024,0.0007,64,ICEH,208961.0,250114,0.638659,0.7902267197250853,0.8439986415138183,277.3545227050781,72.11540985107422,0.179600179195404,0.007333371322602,0.0037546809762716,15179.8212890625,4826.13916015625,2258.749755859375,998.1321411132812,11044.9833984375
95,1024,0.0007,64,MCN,49408.0,84034,0.44680548,0.7685903694948353,0.8170076660626469,1706.422607421875,327.17529296875,3.469393014907837,0.1540289968252182,0.0489005558192729,3854.093505859375,13937.6962890625,671.8970336914062,1098.62255859375,40747.375
96,1024,0.0007,64,SCARF,88064.0,84034,0.2995688,0.7631865885239199,0.805143255495948,,,,,,,,,,
97,1024,0.0007,64,SUBTAB,59392.0,84034,0.39223605,0.7729674655965608,0.811961381455323,,,,,,,,,,
98,1024,0.0007,128,CLIP,167681.0,331906,0.40045732,0.7737304968976019,0.8290999805611352,1091.671630859375,115.88175201416016,0.0426342859864234,0.0012486787745729,0.0006247090641409,27603.3828125,7324.2548828125,1950.04931640625,1399.439697265625,24933.19921875
99,1024,0.0007,128,CONTROL,,331906,,,0.8021402860417779,,,,,,,,,,
100,1024,0.0007,128,GMC,532352.0,364930,0.70410395,0.7573459916837408,0.8522668620980121,527.3672485351562,208.4896240234375,0.0576750263571739,0.0073529374785721,0.0031073025893419,7086.46728515625,4405.060546875,905.5961303710938,843.6297607421875,12550.1435546875
101,1024,0.0007,128,ICEH,217217.0,381442,0.5965886,0.791551690622647,0.8425440781844548,233.6855316162109,120.69834899902344,0.1040826514363288,0.0055147064849734,0.002307376358658,21801.005859375,4286.16064453125,2311.54345703125,1340.444091796875,11958.8154296875
102,1024,0.0007,128,MCN,180736.0,331906,0.56563157,0.7744399037441041,0.7865634991744068,2282.8251953125,434.6264343261719,0.2622294723987579,0.0700943171977996,0.0166184734553098,4031.54296875,2991.876953125,578.11865234375,866.3695068359375,7767.37353515625
103,1024,0.0007,128,SCARF,348160.0,331906,0.64495397,0.7572566175928429,0.8028765051155495,,,,,,,,,,
104,1024,0.0007,128,SUBTAB,233472.0,331906,0.3856318,0.770803495420695,0.8313354500097194,,,,,,,,,,
105,1024,0.001,32,CLIP,11201.0,21538,0.40227917,0.775077811317888,0.8334592018446813,1338.2845458984375,68.94689178466797,0.053712498396635,0.0012741979444399,0.0009124755742959,27846.5390625,6115.2314453125,2242.265380859375,1444.771728515625,17455.443359375
106,1024,0.001,32,CONTROL,,21538,,,0.7894234700831402,,,,,,,,,,
107,1024,0.001,32,GMC,519968.0,198658,0.6720064,0.7624548381546932,0.845453204843182,551.5062255859375,167.38565063476562,0.0530904494225978,0.006643355358392,0.0028579398058354,4109.4013671875,5127.98583984375,1078.293701171875,958.0520629882812,9864.1162109375
108,1024,0.001,32,ICEH,204833.0,215170,0.5485499,0.7871611884072867,0.867682677290267,172.51731872558594,49.08029556274414,0.0664156675338745,0.0046012392267584,0.0021524671465158,11162.654296875,4881.2958984375,2087.849853515625,1828.1470947265625,31127.099609375
109,1024,0.001,32,MCN,14464.0,21538,0.41658214,0.7624771816774176,0.7962013777016113,3914.528564453125,737.731689453125,1.0605791807174685,0.1540289968252182,0.0489005558192729,3797.205322265625,5527.2705078125,578.9025268554688,4271.4912109375,54662.8515625
110,1024,0.001,32,SCARF,22528.0,21538,0.60885423,0.77139671594903,0.8088243508648061,,,,,,,,,,
111,1024,0.001,32,SUBTAB,15360.0,21538,0.557882,0.7804503113569892,0.8036127241893212,,,,,,,,,,
112,1024,0.001,64,CLIP,42881.0,84034,0.43356574,0.7767155915335924,0.825383135555918,698.9646606445312,97.68113708496094,0.0499896332621574,0.0012258507777005,0.000802949653007,25979.39453125,5023.86669921875,1331.8720703125,1286.8560791015625,23020.65625
113,1024,0.001,64,CONTROL,,84034,,,0.797772127349142,,,,,,,,,,
114,1024,0.001,64,GMC,524096.0,233602,0.69737536,0.7646143396260141,0.8461849552124088,562.6439819335938,170.2334747314453,0.062819167971611,0.0060608037747442,0.0027895171660929,5042.263671875,4468.771484375,911.1900024414062,880.9152221679688,14808.044921875
115,1024,0.001,64,ICEH,208961.0,250114,0.644773,0.8028720364110047,0.8544978628420514,259.3217163085937,73.80349731445312,0.1053240969777107,0.0052062487229704,0.0021112659014761,13493.169921875,4763.2353515625,2465.580322265625,1026.5775146484375,17087.626953125
116,1024,0.001,64,MCN,49408.0,84034,0.43096814,0.7715709954262808,0.8095158828931287,2078.299072265625,446.2884216308594,1.0263506174087524,0.1097798198461532,0.0475556142628192,3780.603515625,2872.54736328125,588.0728759765625,984.728515625,34694.09375
117,1024,0.001,64,SCARF,88064.0,84034,0.553839,0.7542268359114035,0.823861541658381,,,,,,,,,,
118,1024,0.001,64,SUBTAB,59392.0,84034,0.37022755,0.7693221198640621,0.8283280118510045,,,,,,,,,,
119,1024,0.001,128,CLIP,167681.0,331906,0.3779726,0.7789957480276255,0.8394919529802908,818.8123168945312,85.6629867553711,0.0436222404241561,0.0011035621864721,0.0008170467917807,28637.666015625,6778.02783203125,1670.50341796875,1468.698974609375,24120.103515625
120,1024,0.001,128,CONTROL,,331906,,,0.8401968911222482,,,,,,,,,,
121,1024,0.001,128,GMC,532352.0,364930,0.65957886,0.7488856168041166,0.8499643620812545,649.6442260742188,125.18543243408205,0.0514414720237255,0.0059437281452119,0.0027025572489947,4821.71728515625,4607.84228515625,980.050537109375,855.4694213867188,6736.240234375
122,1024,0.001,128,ICEH,217217.0,381442,0.6625372,0.7954562212187498,0.850745268200475,303.53875732421875,49.46929931640625,0.1492227911949157,0.0055374503135681,0.0023928144946694,12949.126953125,4033.185791015625,1860.199462890625,909.8031616210938,30182.560546875
123,1024,0.001,128,MCN,180736.0,331906,0.5433421,0.7834577495157041,0.835797451497798,787.507080078125,255.2209625244141,0.6048176884651184,0.0471804551780223,0.0206798575818538,3535.717041015625,3465.74755859375,2469.98681640625,1186.33544921875,10183.4970703125
124,1024,0.001,128,SCARF,348160.0,331906,0.62393546,0.7445442703387501,0.8074055371718016,,,,,,,,,,
125,1024,0.001,128,SUBTAB,233472.0,331906,0.40186998,0.7751984663406002,0.8082445364501059,,,,,,,,,,
126,1024,0.002,32,CLIP,11201.0,21538,0.3862437,0.7826947182146632,0.8156514142332708,425.3876037597656,134.24411010742188,0.049047764390707,0.0012047025375068,0.0007306158659048,25975.76171875,4614.37255859375,1040.751953125,1049.55517578125,21818.98828125
127,1024,0.002,32,CONTROL,,21538,,,0.8238570729538361,,,,,,,,,,
128,1024,0.002,32,GMC,519968.0,198658,0.58923167,0.7669213083473168,0.8394338598212071,481.733642578125,139.87054443359375,0.0507416315376758,0.0049841720610857,0.0023566605523228,4606.0439453125,4903.08984375,857.8560791015625,803.593994140625,9305.103515625
129,1024,0.002,32,ICEH,204833.0,215170,0.61432576,0.7933011884519736,0.8492057994847584,168.34716796875,39.6270637512207,0.1205340847373008,0.0060433759354054,0.0023058636579662,4430.859375,3805.509521484375,1557.0716552734375,930.3033447265624,8847.5166015625
130,1024,0.002,32,MCN,14464.0,21538,0.5336187,0.7618839611490826,0.7841224693167574,2203.36181640625,307.5882263183594,0.3042058050632477,0.0812409967184066,0.0262013431638479,4265.080078125,5999.9482421875,577.8141479492188,1771.0491943359375,23515.716796875
131,1024,0.002,32,SCARF,22528.0,21538,0.6988777,0.7489034916222961,0.8021268799281432,,,,,,,,,,
132,1024,0.002,32,SUBTAB,15360.0,21538,0.38884804,0.7745426839486367,0.8282788561010106,,,,,,,,,,
133,1024,0.002,64,CLIP,42881.0,84034,0.40897176,0.7655382442906713,0.8507229246777506,919.2842407226562,184.743408203125,0.0401693172752857,0.0011923126876354,0.0006347966846078,23495.08203125,5061.19677734375,834.1967163085938,1230.1683349609375,20832.736328125
134,1024,0.002,64,CONTROL,,84034,,,0.7873980297481662,,,,,,,,,,
135,1024,0.002,64,GMC,524096.0,233602,0.7205188,0.7632089320466444,0.8476797368826764,543.974853515625,183.4871063232422,0.0537135265767574,0.0051760044880211,0.0024047163315117,5293.10498046875,3723.429931640625,777.4048461914062,814.4872436523438,14130.80859375
136,1024,0.002,64,ICEH,208961.0,250114,0.6426346,0.79845025326383,0.8485589545018847,282.5797119140625,56.60433197021485,0.0627516731619834,0.0041382107883691,0.0019655211362987,9798.990234375,3928.372314453125,1611.3914794921875,899.3827514648438,16115.671875
137,1024,0.002,64,MCN,49408.0,84034,0.43071443,0.7871969380436459,0.838086545400921,690.0294799804688,271.0406188964844,1.3311233520507812,0.0762869864702224,0.028406286612153,4185.20166015625,3144.176513671875,545.3068237304688,1278.666015625,9958.0830078125
138,1024,0.002,64,SCARF,88064.0,84034,0.584744,0.7594071816550741,0.8058124440015462,,,,,,,,,,
139,1024,0.002,64,SUBTAB,59392.0,84034,0.36925787,0.770763277079791,0.8186677898010756,,,,,,,,,,
140,1024,0.002,128,CLIP,167681.0,331906,0.38349026,0.7810882189307731,0.8432624224400468,628.6218872070312,111.1757583618164,0.0382738523185253,0.0011046943254768,0.0006952252588234,17941.111328125,5745.25634765625,1959.228271484375,1284.9251708984375,20959.044921875
141,1024,0.002,128,CONTROL,,331906,,,0.8254054790786425,,,,,,,,,,
142,1024,0.002,128,GMC,532352.0,364930,0.6949437,0.7781031242947826,0.8551670513476496,499.3808288574219,131.42929077148438,0.0501518920063972,0.0048014190979301,0.0023695109412074,4599.38623046875,4222.30712890625,939.7948608398438,873.6980590820312,5385.953125
143,1024,0.002,128,ICEH,217217.0,381442,0.61575234,0.7970225021617359,0.8313935431688031,231.51483154296875,41.56742858886719,0.0799208506941795,0.0037802746519446,0.0015296968631446,11569.046875,3773.58251953125,2408.46435546875,2970.54296875,25295.90234375
144,1024,0.002,128,MCN,180736.0,331906,0.47583798,0.7856842815551985,0.832834700384532,484.5325317382813,124.3083724975586,0.1441405713558197,0.0173364896327257,0.003821023274213,16606.3203125,6762.2685546875,4453.818359375,1325.661865234375,20320.236328125
145,1024,0.002,128,SCARF,348160.0,331906,0.6358735,0.757211930547394,0.7729808717101956,,,,,,,,,,
146,1024,0.002,128,SUBTAB,233472.0,331906,0.4731439,0.7760821526643533,0.8104531936714205,,,,,,,,,,
147,1024,0.003,32,CLIP,11201.0,21538,0.42760867,0.789343033401332,0.8342222331457222,946.0386962890624,105.68064880371094,0.0495208539068698,0.0011884727282449,0.000660907709971,26252.529296875,4399.45751953125,1922.2581787109373,1563.803466796875,23397.421875
148,1024,0.003,32,CONTROL,,21538,,,0.8037333792120334,,,,,,,,,,
149,1024,0.003,32,GMC,519968.0,198658,0.7134557,0.766140402228096,0.8425977026389935,455.8365783691406,152.45394897460938,0.0522750318050384,0.0049824616871774,0.0022741558495908,4516.18017578125,4578.3837890625,1062.466796875,839.0238647460938,5116.478515625
150,1024,0.003,32,ICEH,204833.0,215170,0.67507625,0.7835515923111469,0.8462698605987617,134.56214904785156,61.003814697265625,0.0899274051189422,0.0044667734764516,0.0021664565429091,5111.232421875,2965.181640625,1391.4552001953125,627.9286499023438,11661.68359375
151,1024,0.003,32,MCN,14464.0,21538,0.5380703,0.7774428731982742,0.8127020692336395,1491.3226318359375,457.7381591796875,3.082496166229248,0.1523807346820831,0.0470770299434661,3793.190673828125,4476.67822265625,821.4002075195312,1740.6246337890625,7980.13671875
152,1024,0.003,32,SCARF,22528.0,21538,0.6342108,0.7438616757195173,0.7668855587109575,,,,,,,,,,
153,1024,0.003,32,SUBTAB,15360.0,21538,0.48411343,0.775211872454235,0.812635038665466,,,,,,,,,,
154,1024,0.003,64,CLIP,42881.0,84034,0.38485193,0.7700091831878397,0.8380329209463823,729.095947265625,59.28837966918945,0.0336041711270809,0.0011015495983883,0.000662247010041,14559.2548828125,5113.97119140625,1023.5548095703124,1421.763427734375,18347.013671875
155,1024,0.003,64,CONTROL,,84034,,,0.8223667599881133,,,,,,,,,,
156,1024,0.003,64,GMC,524096.0,233602,0.63546956,0.7623520579501606,0.848415955956448,552.9764404296875,127.72999572753906,0.0500904247164726,0.0048129726201295,0.0022843203041702,4503.9599609375,4578.8408203125,1051.18603515625,805.7260131835938,6994.810546875
157,1024,0.003,64,ICEH,208961.0,250114,0.6455265,0.787143313589107,0.8365426079806595,117.51392364501952,46.62337112426758,0.0590816177427768,0.0028138626366853,0.0012388974428176,10494.5625,4242.65625,1626.94580078125,1962.1265869140625,11894.259765625
158,1024,0.003,64,MCN,49408.0,84034,0.44295287,0.7842207808167452,0.8224114470335622,1110.3927001953125,260.15869140625,0.2752977609634399,0.0182904656976461,0.003958947956562,10752.4853515625,5277.689453125,3392.779052734375,1387.7354736328125,24034.970703125
159,1024,0.003,64,SCARF,88064.0,84034,0.5976338,0.7445129894069359,0.8335709194583036,,,,,,,,,,
160,1024,0.003,64,SUBTAB,59392.0,84034,0.3340781,0.7699644961423908,0.8021313486326882,,,,,,,,,,
161,1024,0.003,128,CLIP,167681.0,331906,0.3516421,0.7774786228346333,0.8239062287038299,858.9448852539062,81.6319808959961,0.0334700681269168,0.0012001891154795,0.0007190459873527,16938.986328125,4918.10498046875,1162.16455078125,1503.4959716796875,20814.328125
162,1024,0.003,128,CONTROL,,331906,,,0.7941044380939187,,,,,,,,,,
163,1024,0.003,128,GMC,532352.0,364930,0.6966229,0.7691701839095355,0.8290463561065965,497.7906494140625,140.0819091796875,0.0477999672293663,0.004813331644982,0.0023697533179074,5839.00634765625,3437.632568359375,807.1234130859375,791.073974609375,22343.896484375
164,1024,0.003,128,ICEH,217217.0,381442,0.68652123,0.7819272182090773,0.8440299224456327,173.35519409179688,82.08423614501953,0.078433908522129,0.0215886645019054,0.0081694526597857,4307.13525390625,2854.189453125,2039.024658203125,1763.494873046875,8913.654296875
165,1024,0.003,128,MCN,180736.0,331906,0.41827238,0.7909718762079467,0.8178556027500408,758.9183349609375,202.15077209472656,0.1841478198766708,0.0124316345900297,0.0029399935156106,13054.7099609375,6523.38232421875,2549.472412109375,1079.262939453125,22063.3515625
166,1024,0.003,128,SCARF,348160.0,331906,0.6159489,0.7347499871524744,0.8013861921498268,,,,,,,,,,
167,1024,0.003,128,SUBTAB,233472.0,331906,0.5184154,0.7812088739534853,0.7811418433853119,,,,,,,,,,
168,1024,0.005,32,CLIP,11201.0,21538,0.41725156,0.763262556501183,0.8350076079694877,1623.0164794921875,74.33303833007812,0.0342322960495948,0.0011875112541019,0.0006903775501996,16065.9853515625,4881.85888671875,1452.6795654296875,1396.714599609375,15077.9013671875
169,1024,0.005,32,CONTROL,,21538,,,0.805223692177756,,,,,,,,,,
170,1024,0.005,32,GMC,519968.0,198658,0.624372,0.7675815594438251,0.8492996422802012,580.236083984375,136.35220336914062,0.0506639033555984,0.0046737287193536,0.0022959439083933,5028.7548828125,4685.18701171875,661.667724609375,802.800537109375,5373.8203125
171,1024,0.005,32,ICEH,204833.0,215170,0.70158213,0.810350413466888,0.8469837361498088,113.09652709960938,71.1868667602539,0.1855986714363098,0.0029920288361608,0.0011369090061634,3557.18310546875,2014.03759765625,1171.4697265625,631.16552734375,5484.63037109375
172,1024,0.005,32,MCN,14464.0,21538,0.49098974,0.7818691250499936,0.8350433576058469,1871.625,223.25587463378903,0.7444572448730469,0.0646114498376846,0.014273727312684,16174.1181640625,6648.2080078125,2691.611572265625,1766.5499267578125,26653.375
173,1024,0.005,32,SCARF,22528.0,21538,0.6872249,0.7520092412809989,0.7775054350619027,,,,,,,,,,
174,1024,0.005,32,SUBTAB,15360.0,21538,0.44022846,0.7789912793230807,0.7873265304754478,,,,,,,,,,
175,1024,0.005,64,CLIP,42881.0,84034,0.41187003,0.7825159700328673,0.8275739179590532,901.7059936523438,68.4831314086914,0.0511810891330242,0.001197439385578,0.0006128487875685,19213.85546875,5370.50390625,1253.098388671875,1289.3154296875,20006.859375
176,1024,0.005,64,CONTROL,,84034,,,0.8111000386542944,,,,,,,,,,
177,1024,0.005,64,GMC,524096.0,233602,0.6824724,0.7527007733093215,0.8291446676065841,671.563232421875,111.58534240722656,0.051124420017004,0.0046282545663416,0.002182587981224,4461.8427734375,3714.5126953125,1041.6754150390625,815.1118774414062,9216.2099609375
178,1024,0.005,64,ICEH,208961.0,250114,0.695888,0.7984055662183811,0.844775078928494,127.84835052490234,42.45089340209961,0.0501138307154178,0.0026412208098918,0.0009975436842069,6809.0126953125,3330.981201171875,1242.9775390625,1075.0611572265625,19268.9609375
179,1024,0.005,64,MCN,49408.0,84034,0.4530544,0.7969331280708378,0.838086545400921,3884.87548828125,306.6473388671875,0.2077299058437347,0.0122194979339838,0.0023061914835125,29787.08984375,5911.24853515625,4619.3271484375,1311.19189453125,27061.009765625
180,1024,0.005,64,SCARF,88064.0,84034,0.6424699,0.7446291757251031,0.8193146347839493,,,,,,,,,,
181,1024,0.005,64,SUBTAB,59392.0,84034,0.4046513,0.7796694052377686,0.7948361884631454,,,,,,,,,,
182,1024,0.005,128,CLIP,167681.0,331906,0.39421877,0.7827125930328427,0.8261148859251447,849.1190185546875,93.13114166259766,0.0367979556322097,0.0011313469149172,0.0006973367417231,15273.7353515625,5169.517578125,1281.828369140625,1344.45361328125,21700.375
183,1024,0.005,128,CONTROL,,331906,,,0.7962684082697846,,,,,,,,,,
184,1024,0.005,128,GMC,532352.0,364930,0.65285367,0.7579168686893514,0.8291044492656802,700.7805786132812,134.02072143554688,0.0491185933351516,0.0050446111708879,0.0024885504972189,4978.27490234375,3903.9140625,779.13330078125,753.2627563476562,8766.974609375
185,1024,0.005,128,ICEH,217217.0,381442,0.63174653,0.7415993940436637,0.8276811668681308,5869.79052734375,441.1283264160156,0.2771130800247192,0.0225489828735589,0.0099217128008604,17861.625,5092.6435546875,843.64453125,1706.5751953125,48480.45703125
186,1024,0.005,128,MCN,180736.0,331906,0.43190274,0.7924309082418552,0.7848989067314331,916.0488891601562,137.85015869140625,0.2000053226947784,0.0121401688084006,0.002703889273107,9745.439453125,6238.24462890625,2530.314697265625,1017.7593383789062,25314.048828125
187,1024,0.005,128,SCARF,348160.0,331906,0.60133827,0.7616381823991134,0.7798302786013849,,,,,,,,,,
188,1024,0.005,128,SUBTAB,233472.0,331906,0.4858057,0.7820523419363343,0.8284039798282676,,,,,,,,,,
189,1024,0.007,32,CLIP,11201.0,21538,0.47206733,0.7715084335626523,0.8185918218238124,706.2760620117188,39.260250091552734,0.0518712438642978,0.0012256649788469,0.000708888634108,15959.2294921875,4186.03955078125,804.8367919921875,1257.1116943359375,16528.599609375
190,1024,0.007,32,CONTROL,,21538,,,0.8245530736867036,,,,,,,,,,
191,1024,0.007,32,GMC,519968.0,198658,0.64893806,0.6549244006908617,0.8014040669680063,17661.818359375,6705.48388671875,2.300837755203247,0.2050664573907852,0.0698625445365905,3789.9482421875,2887.616943359375,12809.84765625,1771.2054443359375,29911.8125
192,1024,0.007,32,ICEH,204833.0,215170,0.69851863,0.7901239395205527,0.8387780774292437,123.53678894042967,38.07588577270508,0.0832630917429924,0.0027675300370901,0.0010410511167719,5340.28857421875,2275.74853515625,1233.7840576171875,1229.7171630859375,5171.4697265625
193,1024,0.007,32,MCN,14464.0,21538,0.45221403,0.8058437249333604,0.8298049187030925,1420.2174072265625,253.8657684326172,0.8214535117149353,0.0159992147237062,0.0038053935859352,16122.2802734375,6297.68603515625,2341.364990234375,969.6669921875,28404.72265625
194,1024,0.007,32,SCARF,22528.0,21538,0.662457,0.7459675527362996,0.7805039358115279,,,,,,,,,,
195,1024,0.007,32,SUBTAB,15360.0,21538,0.40134478,0.7692684954095232,0.8329196057708851,,,,,,,,,,
196,1024,0.007,64,CLIP,42881.0,84034,0.36814564,0.7789912793230807,0.8387959522474233,810.3101806640625,106.51763916015624,0.0495467111468315,0.0011760467896237,0.0007558910874649,16874.70703125,5816.3544921875,855.3692016601562,1201.3731689453125,20071.31640625
197,1024,0.007,64,CONTROL,,84034,,,0.7984636593774648,,,,,,,,,,
198,1024,0.007,64,GMC,524096.0,233602,0.6257358,0.7318721414255615,0.799936097525008,729.8212890625,156.34788513183594,0.0499628074467182,0.0058175045996904,0.0027822346892207,7314.033203125,4476.18505859375,897.4392700195312,823.2088012695312,11270.3203125
199,1024,0.007,64,ICEH,208961.0,250114,0.7288593,0.803532287507513,0.8209926333405577,135.75576782226562,43.357547760009766,0.0505266264081001,0.0031148488633334,0.0012718797661364,4017.779541015625,2552.753662109375,1020.725341796875,578.1710815429688,4418.12841796875
200,1024,0.007,64,MCN,49408.0,84034,0.4439627,0.7902669380659894,0.8260791362887856,1440.396240234375,269.0310974121094,0.515093982219696,0.0126499626785516,0.0034056426957249,12588.1787109375,5720.7880859375,5180.5439453125,1282.3018798828125,28396.75390625
201,1024,0.007,64,SCARF,88064.0,84034,0.66213185,0.7579123999848063,0.80725806992182,,,,,,,,,,
202,1024,0.007,64,SUBTAB,59392.0,84034,0.5008927,0.7820344671181548,0.8200776660849902,,,,,,,,,,
203,1024,0.007,128,CLIP,167681.0,331906,0.35406724,0.782614281532855,0.8387602026110641,720.2431030273438,54.588321685791016,0.0363330841064453,0.0011675945715978,0.0006423639715649,11444.6181640625,4492.56787109375,1002.9815063476562,1200.885986328125,18834.845703125
204,1024,0.007,128,CONTROL,,331906,,,0.7954875021505641,,,,,,,,,,
205,1024,0.007,128,GMC,532352.0,364930,0.6095865,0.7363162680954605,0.7789689358003562,518.5452880859375,127.4264144897461,0.0508089661598205,0.0062185167334973,0.0027409913018345,5393.15625,3307.046875,898.5033569335938,847.37451171875,6726.9306640625
206,1024,0.007,128,ICEH,217217.0,381442,0.7023299,0.7587290557403861,0.8357482957478042,144.24110412597656,73.52737426757812,0.0671099126338958,0.0072865639813244,0.0042583388276398,3924.3857421875,3899.264404296875,1051.1815185546875,747.397705078125,7775.16064453125
207,1024,0.007,128,MCN,180736.0,331906,0.42643183,0.7858049365779107,0.7909718762079467,1073.0894775390625,386.78466796875,0.1709345132112503,0.0072796861641108,0.0019561261869966,11255.0146484375,7083.5556640625,1778.748046875,1095.8365478515625,26864.521484375
208,1024,0.007,128,SCARF,348160.0,331906,0.6223404,0.7468333642418732,0.7857513121233719,,,,,,,,,,
209,1024,0.007,128,SUBTAB,233472.0,331906,0.625455,0.7723116832045973,0.8058258501151809,,,,,,,,,,
210,1024,0.01,32,CLIP,11201.0,21538,0.414297,0.7797453732150319,0.8164010394206771,682.6103515625,53.661075592041016,0.047468077391386,0.0011948697501793,0.0008209524094127,24328.48046875,4010.744384765625,1233.522705078125,1243.6722412109375,20154.48046875
211,1024,0.01,32,CONTROL,,21538,,,0.7879912502765011,,,,,,,,,,
212,1024,0.01,32,GMC,519968.0,198658,0.7625063,0.7513579275935802,0.824664791300326,638.3779907226562,154.9984130859375,0.0534036718308925,0.0056995819322764,0.0025386125780642,5156.69287109375,3493.298095703125,1026.9158935546875,921.146484375,22411.24609375
213,1024,0.01,32,ICEH,204833.0,215170,0.6613391,0.7669883389154901,0.8320940126062155,241.1474609375,50.69718933105469,0.05099418759346,0.0028473180718719,0.0015090283704921,3824.080810546875,2279.145751953125,953.8202514648438,853.3465576171875,6341.25244140625
214,1024,0.01,32,MCN,14464.0,21538,0.6395957,0.7564310244281733,0.8230716981300705,4036.441162109375,588.1273803710938,1.257842779159546,0.0766337141394615,0.0294604487717151,21508.6796875,7523.4267578125,1339.1727294921875,2222.21435546875,23043.2265625
215,1024,0.01,32,SCARF,22528.0,21538,0.731898,0.7378870177429914,0.7656723054270183,,,,,,,,,,
216,1024,0.01,32,SUBTAB,15360.0,21538,0.5380474,0.7758631861416535,0.7931269089747228,,,,,,,,,,
217,1024,0.01,64,CLIP,42881.0,84034,0.47447774,0.7752252785678695,0.8208853844314803,731.6265258789062,55.05941390991211,0.0629301071166992,0.0011650399537757,0.000677763542626,18250.515625,4771.25537109375,808.7122802734375,1370.700439453125,15583.1396484375
218,1024,0.01,64,CONTROL,,84034,,,0.775881060959833,,,,,,,,,,
219,1024,0.01,64,GMC,524096.0,233602,0.7373156,0.7436695214240867,0.5,511.39459228515625,116.8938446044922,0.0507908500730991,0.0049041723832488,0.0023721060715615,4793.51123046875,3796.276611328125,992.9120483398438,816.290283203125,5304.86376953125
220,1024,0.01,64,ICEH,208961.0,250114,0.69485074,0.776644092260874,0.8199927606986372,332.0707092285156,105.86045837402344,0.0530971065163612,0.0040335701778531,0.0021435262169688,6294.623046875,2940.8662109375,1169.1072998046875,715.5980224609375,7187.33740234375
221,1024,0.01,64,MCN,49408.0,84034,0.4447697,0.7819182807999875,0.8365247331624799,974.5907592773438,189.5148468017578,0.1123668625950813,0.0122368540614843,0.0042161988094449,19339.412109375,7025.06201171875,1952.763916015625,1539.5826416015625,28168.484375
222,1024,0.01,64,SCARF,88064.0,84034,0.64088744,0.772873622801118,0.8022609410644901,,,,,,,,,,
223,1024,0.01,64,SUBTAB,59392.0,84034,0.51537985,0.7864517815607844,0.8335083575946751,,,,,,,,,,
224,1024,0.01,128,CLIP,167681.0,331906,0.44535112,0.7796470617150442,0.8470016109679884,696.3583984375,80.64490509033203,0.0598243921995162,0.0011494208592921,0.0006243370007723,18595.916015625,4179.8310546875,1588.189208984375,1373.3746337890625,14689.1083984375
225,1024,0.01,128,CONTROL,,331906,,,0.7765815303972454,,,,,,,,,,
226,1024,0.01,128,GMC,532352.0,364930,0.750489,0.7287797978804934,0.8424725789117364,500.5841979980469,176.12742614746094,0.050774298608303,0.0053770020604133,0.0025253980420529,6673.55859375,3128.632080078125,949.866455078125,765.4395141601562,27959.248046875
227,1024,0.01,128,ICEH,217217.0,381442,0.7078701,0.7916589395317244,0.8320627316744013,123.18104553222656,36.62067794799805,0.0821058675646781,0.0039186524227261,0.0013230488402768,4339.56591796875,2307.502197265625,785.6609497070312,624.420166015625,6355.01904296875
228,1024,0.01,128,MCN,180736.0,331906,0.42640835,0.7856664067370189,0.7880672182537644,736.3939819335938,109.70711517333984,0.1693281978368759,0.0083450991660356,0.0038288072682917,9241.484375,6281.08154296875,1175.0703125,1631.1551513671875,22337.650390625
229,1024,0.01,128,SCARF,348160.0,331906,0.66425765,0.7601791503652049,0.7835739358338714,,,,,,,,,,
230,1024,0.01,128,SUBTAB,233472.0,331906,0.6397791,0.7701924000741804,0.778255060249309,,,,,,,,,,
